seed,playlist_size,consumption,rotations,algorithm,oracle_benchmark,track_coverage,zero_exposure_tracks,track_gini,track_cv,adjacent_track_overlap,adjacent_overlap_vs_random,recurrence_within_3,recurrence_within_5,weight_entropy,effective_choice_ratio,opportunity_actual_correlation,warnings
2026090501,100,10,100,true_random,False,1.0,0,0.15091999999999994,0.2709243436828813,0.09292929292929294,0.9292929292929293,0.2676767676767677,0.3878787878787879,0.9999999999999997,0.9999999999999996,,
2026090502,100,10,100,true_random,False,1.0,0,0.1576599999999999,0.2778488797889961,0.1101010101010101,1.101010101010101,0.28383838383838383,0.4,0.9999999999999997,0.9999999999999996,,
2026090503,100,10,100,true_random,False,1.0,0,0.1815199999999999,0.31906112267087633,0.09393939393939395,0.9393939393939394,0.2787878787878788,0.4090909090909091,0.9999999999999997,0.9999999999999996,,
2026090504,100,10,100,true_random,False,1.0,0,0.17809999999999993,0.3181194744117373,0.08989898989898991,0.898989898989899,0.26666666666666666,0.40505050505050505,0.9999999999999997,0.9999999999999996,,
2026090505,100,10,100,true_random,False,1.0,0,0.14539999999999997,0.25729360660537215,0.08686868686868686,0.8686868686868687,0.2737373737373738,0.39494949494949494,0.9999999999999997,0.9999999999999996,,
2026090506,100,10,100,true_random,False,1.0,0,0.1755199999999999,0.31048349392520047,0.10202020202020201,1.02020202020202,0.26565656565656565,0.40606060606060607,0.9999999999999997,0.9999999999999996,,
2026090507,100,10,100,true_random,False,1.0,0,0.16866000000000003,0.2966479394838265,0.09393939393939395,0.9393939393939394,0.26666666666666666,0.39494949494949494,0.9999999999999997,0.9999999999999996,,
2026090508,100,10,100,true_random,False,1.0,0,0.17115999999999998,0.3069201850644562,0.10707070707070707,1.0707070707070707,0.2696969696969697,0.41010101010101013,0.9999999999999997,0.9999999999999996,,
2026090509,100,10,100,true_random,False,1.0,0,0.1809400000000001,0.3215587038162705,0.1181818181818182,1.1818181818181819,0.2777777777777778,0.403030303030303,0.9999999999999997,0.9999999999999996,,
2026090510,100,10,100,true_random,False,1.0,0,0.18594,0.3301514803843836,0.11414141414141415,1.1414141414141414,0.2696969696969697,0.4161616161616162,0.9999999999999997,0.9999999999999996,,
2026090511,100,10,100,true_random,False,1.0,0,0.1798200000000001,0.3174901573277509,0.11616161616161616,1.1616161616161615,0.2737373737373738,0.40101010101010104,0.9999999999999997,0.9999999999999996,,
2026090512,100,10,100,true_random,False,1.0,0,0.1605000000000001,0.2884441020371192,0.08989898989898991,0.898989898989899,0.26161616161616164,0.3939393939393939,0.9999999999999997,0.9999999999999996,,
2026090513,100,10,100,true_random,False,1.0,0,0.17193999999999998,0.31080540535840107,0.07575757575757576,0.7575757575757576,0.24242424242424243,0.3838383838383838,0.9999999999999997,0.9999999999999996,,
2026090514,100,10,100,true_random,False,1.0,0,0.1749400000000001,0.31464265445104544,0.10303030303030304,1.0303030303030303,0.2737373737373738,0.40404040404040403,0.9999999999999997,0.9999999999999996,,
2026090515,100,10,100,true_random,False,1.0,0,0.18545999999999996,0.33166247903553997,0.08484848484848485,0.8484848484848485,0.26363636363636367,0.42424242424242425,0.9999999999999997,0.9999999999999996,,
2026090516,100,10,100,true_random,False,1.0,0,0.1640999999999999,0.293598365118064,0.08484848484848485,0.8484848484848485,0.2545454545454545,0.3929292929292929,0.9999999999999997,0.9999999999999996,,
2026090517,100,10,100,true_random,False,1.0,0,0.1781600000000001,0.3168595903550972,0.11515151515151516,1.1515151515151516,0.2878787878787879,0.41111111111111115,0.9999999999999997,0.9999999999999996,,
2026090518,100,10,100,true_random,False,1.0,0,0.15385999999999989,0.2782085548648711,0.11414141414141415,1.1414141414141414,0.28080808080808084,0.403030303030303,0.9999999999999997,0.9999999999999996,,
2026090519,100,10,100,true_random,False,1.0,0,0.15182000000000007,0.27386127875258304,0.11313131313131314,1.1313131313131313,0.2585858585858586,0.3939393939393939,0.9999999999999997,0.9999999999999996,,
2026090520,100,10,100,true_random,False,1.0,0,0.1841600000000001,0.3234192325759246,0.10707070707070707,1.0707070707070707,0.27474747474747474,0.4,0.9999999999999997,0.9999999999999996,,
2026090501,100,10,100,candidate_a_recency_oracle,True,1.0,0,0.14548000000000005,0.2588435821108957,0.05555555555555555,0.5555555555555556,0.21010101010101012,0.3363636363636363,0.9962338021054474,0.9828072548079948,0.3330512766617156,
2026090502,100,10,100,candidate_a_recency_oracle,True,1.0,0,0.14422000000000001,0.2565151067676132,0.06767676767676768,0.6767676767676768,0.22525252525252526,0.35353535353535354,0.9962291771112309,0.9827863280299836,0.28445606216848496,
2026090503,100,10,100,candidate_a_recency_oracle,True,1.0,0,0.1646399999999999,0.29223278392404917,0.058585858585858595,0.5858585858585859,0.22323232323232325,0.35555555555555557,0.9962142313522817,0.9827186995080514,0.39584320804481493,
2026090504,100,10,100,candidate_a_recency_oracle,True,1.0,0,0.15260000000000007,0.2712931993250107,0.05252525252525253,0.5252525252525253,0.20606060606060608,0.35757575757575755,0.9962219205360314,0.9827535109693275,0.24847250766928897,
2026090505,100,10,100,candidate_a_recency_oracle,True,1.0,0,0.13026000000000004,0.2328089345364563,0.05454545454545455,0.5454545454545454,0.21515151515151515,0.35454545454545455,0.996224986788548,0.9827673598396042,0.2999403140608664,
2026090506,100,10,100,candidate_a_recency_oracle,True,1.0,0,0.16324000000000005,0.2894822965226026,0.06666666666666667,0.6666666666666666,0.21212121212121213,0.36060606060606065,0.9962133678879319,0.9827148138635681,0.4215167538620926,
2026090507,100,10,100,candidate_a_recency_oracle,True,1.0,0,0.15852,0.2810693864511039,0.050505050505050504,0.5050505050505051,0.2161616161616162,0.3616161616161616,0.9962091751848906,0.9826958393092825,0.12586950149566167,
2026090508,100,10,100,candidate_a_recency_oracle,True,1.0,0,0.15290000000000004,0.2723967694375247,0.061616161616161624,0.6161616161616161,0.21515151515151515,0.3686868686868687,0.9962218060453778,0.9827529682008663,0.32683329969581076,
2026090509,100,10,100,candidate_a_recency_oracle,True,1.0,0,0.15935999999999995,0.2821347195933177,0.07171717171717172,0.7171717171717171,0.2111111111111111,0.3494949494949495,0.9962335914997823,0.9828062975780872,0.11140697649273407,
2026090510,100,10,100,candidate_a_recency_oracle,True,1.0,0,0.1605000000000001,0.28774989139876317,0.0686868686868687,0.6868686868686869,0.20505050505050507,0.35454545454545455,0.9962284078112884,0.982782843882636,0.1916209223834518,
2026090511,100,10,100,candidate_a_recency_oracle,True,1.0,0,0.15783999999999998,0.27892651361962706,0.06666666666666667,0.6666666666666666,0.21010101010101012,0.3484848484848485,0.996232169120656,0.9827998631616655,0.16046263127495639,
2026090512,100,10,100,candidate_a_recency_oracle,True,1.0,0,0.14040000000000008,0.2537715508089904,0.04343434343434343,0.43434343434343436,0.20404040404040402,0.3434343434343434,0.9962215098467943,0.9827516299950082,0.1952413380622761,
2026090513,100,10,100,candidate_a_recency_oracle,True,1.0,0,0.1547400000000001,0.27386127875258304,0.044444444444444446,0.4444444444444444,0.18686868686868688,0.3414141414141414,0.9962354709451566,0.9828148103427944,0.30156415049462326,
2026090514,100,10,100,candidate_a_recency_oracle,True,1.0,0,0.15301999999999993,0.2712931993250107,0.058585858585858595,0.5858585858585859,0.20404040404040402,0.34444444444444444,0.9962321540050312,0.9827997959686227,0.37572179451084553,
2026090515,100,10,100,candidate_a_recency_oracle,True,1.0,0,0.16945999999999994,0.3026549190084311,0.050505050505050504,0.5050505050505051,0.2191919191919192,0.3848484848484849,0.9961957432487053,0.9826350592120473,0.4282306597035449,
2026090516,100,10,100,candidate_a_recency_oracle,True,1.0,0,0.14559999999999995,0.26115129714401186,0.05656565656565657,0.5656565656565656,0.1878787878787879,0.3323232323232323,0.996239290279875,0.9828320970780896,0.364494862436844,
2026090517,100,10,100,candidate_a_recency_oracle,True,1.0,0,0.15457999999999994,0.2749545416973504,0.061616161616161624,0.6161616161616161,0.2191919191919192,0.36060606060606065,0.99622007409278,0.9827451492694085,0.18285839948001206,
2026090518,100,10,100,candidate_a_recency_oracle,True,1.0,0,0.135,0.24083189157584592,0.07171717171717172,0.7171717171717171,0.2191919191919192,0.34444444444444444,0.9962361790469824,0.9828180251199216,0.4098505385755418,
2026090519,100,10,100,candidate_a_recency_oracle,True,1.0,0,0.14372000000000007,0.2607680962081059,0.06666666666666667,0.6666666666666666,0.201010101010101,0.3424242424242424,0.9962370497505952,0.9828219696219486,0.4184078367256876,
2026090520,100,10,100,candidate_a_recency_oracle,True,1.0,0,0.15588000000000002,0.27640549922170504,0.06363636363636364,0.6363636363636364,0.21212121212121213,0.3484848484848485,0.9962262951619152,0.9827732762558219,0.36815611674891935,
2026090501,100,10,100,candidate_b_exposure_oracle,True,1.0,0,0.13280000000000003,0.23790754506740636,0.0595959595959596,0.5959595959595959,0.2080808080808081,0.32626262626262625,0.9952060544922441,0.9781709395231353,0.43294969677230394,
2026090502,100,10,100,candidate_b_exposure_oracle,True,1.0,0,0.12348000000000003,0.2181742422927143,0.07575757575757576,0.7575757575757576,0.2222222222222222,0.34545454545454546,0.9950794130051156,0.9776017074419155,0.34215582021948604,
2026090503,100,10,100,candidate_b_exposure_oracle,True,1.0,0,0.15067999999999993,0.26608269391300143,0.0686868686868687,0.6868686868686869,0.22323232323232325,0.34747474747474744,0.9949654315373493,0.9770894107101864,0.4650395608901321,
2026090504,100,10,100,candidate_b_exposure_oracle,True,1.0,0,0.13331999999999988,0.23916521486202796,0.06565656565656566,0.6565656565656566,0.2111111111111111,0.34747474747474744,0.9950972243780625,0.9776822015058099,0.21138212202660156,
2026090505,100,10,100,candidate_b_exposure_oracle,True,1.0,0,0.11494000000000004,0.20493901531919198,0.06060606060606061,0.6060606060606061,0.21616161616161614,0.35050505050505054,0.9951344488458972,0.9778488312361716,0.18829974276691927,
2026090506,100,10,100,candidate_b_exposure_oracle,True,1.0,0,0.14886,0.2641968962724581,0.07373737373737374,0.7373737373737373,0.20909090909090908,0.34444444444444444,0.9949951477743274,0.9772227062496966,0.495815434026858,
2026090507,100,10,100,candidate_b_exposure_oracle,True,1.0,0,0.13749999999999996,0.2469817807045694,0.0595959595959596,0.5959595959595959,0.21010101010101012,0.3333333333333333,0.9950601656850216,0.9775148909368581,0.23462826134776482,
2026090508,100,10,100,candidate_b_exposure_oracle,True,1.0,0,0.13209999999999988,0.2340939982143925,0.0707070707070707,0.7070707070707071,0.21212121212121213,0.36060606060606065,0.9950533423750388,0.9774847044617281,0.3439023697726615,
2026090509,100,10,100,candidate_b_exposure_oracle,True,1.0,0,0.1447799999999999,0.25690465157330256,0.08181818181818182,0.8181818181818182,0.2191919191919192,0.34545454545454546,0.9950351599040641,0.9774017488070402,0.22038596508364333,
2026090510,100,10,100,candidate_b_exposure_oracle,True,1.0,0,0.13531999999999988,0.2453568829277059,0.07373737373737374,0.7373737373737373,0.20202020202020202,0.34747474747474744,0.9950592854391717,0.9775108131312419,0.32209414226059113,
2026090511,100,10,100,candidate_b_exposure_oracle,True,1.0,0,0.13352000000000008,0.2353720459187964,0.07272727272727272,0.7272727272727273,0.19696969696969696,0.34040404040404043,0.9952257912651273,0.97826061408058,0.26025804168035255,
2026090512,100,10,100,candidate_b_exposure_oracle,True,1.0,0,0.12362000000000006,0.223606797749979,0.0595959595959596,0.5959595959595959,0.20606060606060608,0.3282828282828283,0.9953052100265242,0.9786174809745337,0.32277615337167614,
2026090513,100,10,100,candidate_b_exposure_oracle,True,1.0,0,0.13270000000000004,0.23494680248941463,0.047474747474747475,0.47474747474747475,0.19292929292929295,0.3292929292929293,0.9954138369719598,0.9791078724339312,0.426500670087675,
2026090514,100,10,100,candidate_b_exposure_oracle,True,1.0,0,0.1384399999999999,0.24617067250182342,0.0707070707070707,0.7070707070707071,0.20707070707070707,0.3353535353535354,0.9952244733612712,0.978255414092128,0.4337359076840512,
2026090515,100,10,100,candidate_b_exposure_oracle,True,1.0,0,0.16104000000000007,0.285657137141714,0.05555555555555555,0.5555555555555556,0.21313131313131314,0.3686868686868687,0.9949212343568493,0.9768907959422758,0.5527364802600913,
2026090516,100,10,100,candidate_b_exposure_oracle,True,1.0,0,0.13905999999999996,0.2501999200639361,0.06666666666666667,0.6666666666666666,0.19494949494949496,0.32323232323232326,0.9952447677668159,0.9783454004144487,0.4596884020586032,
2026090517,100,10,100,candidate_b_exposure_oracle,True,1.0,0,0.1375599999999999,0.2449489742783178,0.07171717171717172,0.7171717171717171,0.21515151515151515,0.3434343434343434,0.9951259611419434,0.9778103348392002,0.2663810103906772,
2026090518,100,10,100,candidate_b_exposure_oracle,True,1.0,0,0.1245400000000001,0.22135943621178655,0.08181818181818182,0.8181818181818182,0.21717171717171718,0.33434343434343433,0.9951549955600292,0.9779418136831359,0.5257027926043555,
2026090519,100,10,100,candidate_b_exposure_oracle,True,1.0,0,0.12207999999999997,0.22090722034374521,0.0797979797979798,0.797979797979798,0.20404040404040402,0.3252525252525253,0.9951882664803131,0.9780917029314463,0.3388026947987214,
2026090520,100,10,100,candidate_b_exposure_oracle,True,1.0,0,0.13417999999999997,0.23916521486202796,0.06666666666666667,0.6666666666666666,0.20303030303030303,0.3323232323232323,0.9951356746462021,0.977854328641019,0.2737275734865546,
2026090501,100,10,100,candidate_c_opportunity,False,1.0,0,0.14541999999999988,0.26,0.07272727272727272,0.7272727272727273,0.23737373737373738,0.3525252525252525,0.9966977918419739,0.9849111215867705,0.10485438651457299,
2026090502,100,10,100,candidate_c_opportunity,False,1.0,0,0.15236000000000005,0.26870057685088805,0.0787878787878788,0.7878787878787878,0.23939393939393938,0.37070707070707076,0.996614256499742,0.9845321339170304,0.27101480851777676,
2026090503,100,10,100,candidate_c_opportunity,False,1.0,0,0.16144000000000003,0.286705423736629,0.07777777777777778,0.7777777777777778,0.24444444444444444,0.3747474747474748,0.9965790908522331,0.9843737501147132,0.33160488400672455,
2026090504,100,10,100,candidate_c_opportunity,False,1.0,0,0.1473,0.2607680962081059,0.0707070707070707,0.7070707070707071,0.22424242424242424,0.3616161616161616,0.9964868706093677,0.9839556315805886,0.16910343083532814,
2026090505,100,10,100,candidate_c_opportunity,False,1.0,0,0.13471999999999995,0.24,0.0686868686868687,0.6868686868686869,0.23636363636363636,0.37171717171717167,0.9966052882503211,0.9844917675031339,0.11730103812327965,
2026090506,100,10,100,candidate_c_opportunity,False,1.0,0,0.16559999999999997,0.29257477676655586,0.08282828282828283,0.8282828282828283,0.23131313131313133,0.36666666666666664,0.9966055394836895,0.9844929557469492,0.41377442363374806,
2026090507,100,10,100,candidate_c_opportunity,False,1.0,0,0.15598,0.27676705006196095,0.0686868686868687,0.6868686868686869,0.22626262626262628,0.36262626262626263,0.9965607253967343,0.9842895063369419,0.06600314692273082,
2026090508,100,10,100,candidate_c_opportunity,False,1.0,0,0.15477999999999992,0.27712812921102037,0.0797979797979798,0.797979797979798,0.23535353535353537,0.3797979797979798,0.9966339838768137,0.9846223419547004,0.16996260813588066,
2026090509,100,10,100,candidate_c_opportunity,False,1.0,0,0.17149999999999999,0.3013303834663873,0.09393939393939395,0.9393939393939394,0.23939393939393938,0.37373737373737376,0.9966645082460234,0.9847601748907483,0.08413044486417094,
2026090510,100,10,100,candidate_c_opportunity,False,1.0,0,0.1545399999999999,0.280713376952364,0.08585858585858586,0.8585858585858586,0.22424242424242424,0.3757575757575758,0.9966191315304804,0.984554369570817,0.26126766583832806,
2026090511,100,10,100,candidate_c_opportunity,False,1.0,0,0.14768000000000003,0.2619160170741759,0.08080808080808081,0.8080808080808081,0.23232323232323232,0.3696969696969697,0.9964666116922528,0.9838647272869008,0.2600658682392957,
2026090512,100,10,100,candidate_c_opportunity,False,1.0,0,0.14222,0.2565151067676132,0.06565656565656566,0.6565656565656566,0.23535353535353537,0.36363636363636365,0.9967028838163171,0.9849342842523092,0.20837827571647838,
2026090513,100,10,100,candidate_c_opportunity,False,1.0,0,0.15657999999999994,0.27676705006196095,0.0595959595959596,0.5959595959595959,0.2161616161616162,0.36464646464646466,0.9967215786133931,0.9850190809543967,0.2625134667377121,
2026090514,100,10,100,candidate_c_opportunity,False,1.0,0,0.16002000000000005,0.28460498941515416,0.08787878787878789,0.8787878787878788,0.2383838383838384,0.3686868686868687,0.9966545482922007,0.9847150512706148,0.2854839246739602,
2026090515,100,10,100,candidate_c_opportunity,False,1.0,0,0.16700000000000004,0.2966479394838265,0.06464646464646465,0.6464646464646465,0.23232323232323232,0.3828282828282828,0.9967109920422853,0.9849710739849411,0.4482225720535858,
2026090516,100,10,100,candidate_c_opportunity,False,1.0,0,0.1515200000000001,0.2716615541441225,0.07575757575757576,0.7575757575757576,0.2202020202020202,0.35757575757575755,0.9967429326205408,0.9851158092049562,0.21267093449582816,
2026090517,100,10,100,candidate_c_opportunity,False,1.0,0,0.16218,0.28809720581775866,0.08282828282828283,0.8282828282828283,0.2474747474747475,0.37676767676767675,0.996506432159525,0.9840443016379854,0.13195745118294133,
2026090518,100,10,100,candidate_c_opportunity,False,1.0,0,0.14393999999999996,0.25534290669607407,0.09797979797979799,0.9797979797979798,0.24242424242424243,0.36767676767676766,0.9966223172081308,0.9845692738604234,0.269427365952891,
2026090519,100,10,100,candidate_c_opportunity,False,1.0,0,0.13890000000000002,0.2513961017995307,0.08383838383838385,0.8383838383838383,0.2191919191919192,0.3494949494949495,0.9966965136056981,0.984905455222107,0.17221027722908777,
2026090520,100,10,100,candidate_c_opportunity,False,1.0,0,0.16399999999999992,0.290516780926679,0.08282828282828283,0.8282828282828283,0.23636363636363636,0.36363636363636365,0.9965485213669395,0.9842342286658731,0.13801938492444035,
2026090501,100,30,100,true_random,False,1.0,0,0.07523999999999997,0.13638181696985854,0.30033670033670035,1.001122334455668,0.6501683501683501,0.8272727272727274,0.9999999999999997,0.9999999999999996,,
2026090502,100,30,100,true_random,False,1.0,0,0.07833333333333337,0.1391242450313947,0.29966329966329963,0.9988776655443322,0.6538720538720538,0.8114478114478114,0.9999999999999997,0.9999999999999996,,
2026090503,100,30,100,true_random,False,1.0,0,0.09387999999999996,0.16505891204186598,0.30067340067340065,1.0022446689113356,0.6528619528619528,0.8309764309764309,0.9999999999999997,0.9999999999999996,,
2026090504,100,30,100,true_random,False,1.0,0,0.09299333333333326,0.16512621435334446,0.3,1.0,0.6565656565656566,0.8188552188552188,0.9999999999999997,0.9999999999999996,,
2026090505,100,30,100,true_random,False,1.0,0,0.08837333333333341,0.1567730135507313,0.29865319865319867,0.9955106621773289,0.655892255892256,0.8168350168350169,0.9999999999999997,0.9999999999999996,,
2026090506,100,30,100,true_random,False,1.0,0,0.09180666666666659,0.16384274303259344,0.31481481481481477,1.0493827160493827,0.6511784511784512,0.8195286195286196,0.9999999999999997,0.9999999999999996,,
2026090507,100,30,100,true_random,False,1.0,0,0.08475333333333324,0.1557062761883555,0.3084175084175084,1.0280583613916947,0.6528619528619528,0.8141414141414143,0.9999999999999997,0.9999999999999996,,
2026090508,100,30,100,true_random,False,1.0,0,0.0861333333333334,0.15318833724101408,0.2892255892255892,0.9640852974186307,0.6616161616161617,0.8228956228956229,0.9999999999999997,0.9999999999999996,,
2026090509,100,30,100,true_random,False,1.0,0,0.09075333333333324,0.16220700080795253,0.2973063973063973,0.9910213243546577,0.6505050505050504,0.8262626262626263,0.9999999999999997,0.9999999999999996,,
2026090510,100,30,100,true_random,False,1.0,0,0.0832666666666666,0.14704496666741854,0.30673400673400675,1.022446689113356,0.6424242424242425,0.8148148148148149,0.9999999999999997,0.9999999999999996,,
2026090511,100,30,100,true_random,False,1.0,0,0.09176000000000006,0.16165807537309523,0.3101010101010101,1.0336700336700337,0.6545454545454545,0.8161616161616161,0.9999999999999997,0.9999999999999996,,
2026090512,100,30,100,true_random,False,1.0,0,0.09494000000000002,0.1664665465224503,0.3074074074074074,1.0246913580246912,0.6508417508417509,0.8235690235690235,0.9999999999999997,0.9999999999999996,,
2026090513,100,30,100,true_random,False,1.0,0,0.08365333333333336,0.1491457154746473,0.3037037037037037,1.0123456790123457,0.6481481481481483,0.8249158249158249,0.9999999999999997,0.9999999999999996,,
2026090514,100,30,100,true_random,False,1.0,0,0.09650666666666674,0.17146428199482247,0.29966329966329963,0.9988776655443322,0.6484848484848486,0.8225589225589226,0.9999999999999997,0.9999999999999996,,
2026090515,100,30,100,true_random,False,1.0,0,0.08553333333333324,0.15129074290546957,0.30572390572390573,1.0190796857463524,0.6542087542087542,0.8178451178451178,0.9999999999999997,0.9999999999999996,,
2026090516,100,30,100,true_random,False,1.0,0,0.08164666666666665,0.14344956527566674,0.2750841750841751,0.9169472502805837,0.6464646464646465,0.8239057239057239,0.9999999999999997,0.9999999999999996,,
2026090517,100,30,100,true_random,False,1.0,0,0.08139333333333343,0.14337208778404378,0.30033670033670035,1.001122334455668,0.661952861952862,0.8249158249158249,0.9999999999999997,0.9999999999999996,,
2026090518,100,30,100,true_random,False,1.0,0,0.08596666666666675,0.15121728296285006,0.30673400673400675,1.022446689113356,0.6552188552188551,0.8228956228956229,0.9999999999999997,0.9999999999999996,,
2026090519,100,30,100,true_random,False,1.0,0,0.0796066666666666,0.14189197769195175,0.295959595959596,0.9865319865319866,0.6569023569023569,0.8232323232323232,0.9999999999999997,0.9999999999999996,,
2026090520,100,30,100,true_random,False,1.0,0,0.0860399999999999,0.15114378731672845,0.298989898989899,0.9966329966329966,0.6589225589225589,0.8212121212121212,0.9999999999999997,0.9999999999999996,,
2026090501,100,30,100,candidate_a_recency_oracle,True,1.0,0,0.06631333333333322,0.11944315244779279,0.23771043771043768,0.792368125701459,0.6218855218855218,0.831986531986532,0.9952218945597281,0.9782422577460409,0.27674175103855336,
2026090502,100,30,100,candidate_a_recency_oracle,True,1.0,0,0.06596666666666673,0.11756794725698931,0.23333333333333334,0.7777777777777778,0.6255892255892256,0.8262626262626263,0.995206879190436,0.9781746634702867,0.0014685040827547948,
2026090503,100,30,100,candidate_a_recency_oracle,True,1.0,0,0.07807999999999993,0.13800161029656302,0.23569023569023567,0.7856341189674524,0.6239057239057239,0.8377104377104377,0.9952132064261368,0.9782033429847199,0.32327527236486475,
2026090504,100,30,100,candidate_a_recency_oracle,True,1.0,0,0.07931333333333335,0.14055445761538676,0.23030303030303031,0.7676767676767676,0.6249158249158249,0.8296296296296297,0.9951898124751949,0.9780974649187003,0.27472615362372593,
2026090505,100,30,100,candidate_a_recency_oracle,True,1.0,0,0.07377999999999996,0.1302134998974974,0.23636363636363636,0.7878787878787878,0.6242424242424243,0.8333333333333334,0.9951770046238085,0.9780401555959815,0.17472085403910972,
2026090506,100,30,100,candidate_a_recency_oracle,True,1.0,0,0.07584666666666662,0.13490737563232041,0.2383838383838384,0.7946127946127947,0.6144781144781144,0.8276094276094277,0.9952758307129963,0.9784850584658246,0.2975531079810321,
2026090507,100,30,100,candidate_a_recency_oracle,True,1.0,0,0.0668333333333333,0.12147244772192399,0.23333333333333334,0.7777777777777778,0.6225589225589225,0.8232323232323232,0.9952068371328732,0.9781738177974258,-0.07170630071048353,
2026090508,100,30,100,candidate_a_recency_oracle,True,1.0,0,0.07367999999999997,0.13148721948877345,0.2222222222222222,0.7407407407407408,0.6289562289562289,0.8303030303030303,0.9952354828096945,0.97830354864917,0.1660127655284355,
2026090509,100,30,100,candidate_a_recency_oracle,True,1.0,0,0.07240000000000002,0.12918548250050735,0.2282828282828283,0.760942760942761,0.6097643097643097,0.8336700336700337,0.9952827147215275,0.9785164642189451,0.05895494875471902,
2026090510,100,30,100,candidate_a_recency_oracle,True,1.0,0,0.07088666666666676,0.12489995996796796,0.24242424242424243,0.8080808080808081,0.6161616161616161,0.8249158249158249,0.9952542344844652,0.9783879589546952,0.14393732606066043,
2026090511,100,30,100,candidate_a_recency_oracle,True,1.0,0,0.07221333333333324,0.12806248474865697,0.24377104377104378,0.8125701459034792,0.6198653198653199,0.8286195286195286,0.9951750775090692,0.9780310848115691,0.12830241617610352,
2026090512,100,30,100,candidate_a_recency_oracle,True,1.0,0,0.07800666666666656,0.13727506854649332,0.24444444444444444,0.8148148148148149,0.6259259259259259,0.8289562289562289,0.9951929612952471,0.9781123930533802,0.0826670659242891,
2026090513,100,30,100,candidate_a_recency_oracle,True,1.0,0,0.06973333333333342,0.12454361128179602,0.23771043771043768,0.792368125701459,0.6205387205387205,0.8343434343434344,0.9952451960487722,0.9783474079141697,0.1648308265502414,
2026090514,100,30,100,candidate_a_recency_oracle,True,1.0,0,0.08010666666666655,0.14313940369055927,0.23872053872053872,0.7957351290684624,0.6222222222222221,0.8316498316498318,0.9952258843494353,0.9782603889630938,0.21139646068301338,
2026090515,100,30,100,candidate_a_recency_oracle,True,1.0,0,0.07323333333333326,0.13080944580232387,0.2276094276094276,0.7586980920314254,0.6249158249158249,0.8356902356902357,0.9953046415921358,0.9786149230958415,0.24741227751351624,
2026090516,100,30,100,candidate_a_recency_oracle,True,1.0,0,0.07045333333333326,0.12525529485370623,0.20841750841750842,0.6947250280583614,0.6262626262626263,0.8390572390572391,0.9952758508934947,0.9784856754748865,0.29030047133687065,
2026090517,100,30,100,candidate_a_recency_oracle,True,1.0,0,0.06570000000000009,0.11547005383792515,0.235016835016835,0.7833894500561167,0.6255892255892256,0.834006734006734,0.9952446419067976,0.9783446742603474,0.012257028260717912,
2026090518,100,30,100,candidate_a_recency_oracle,True,1.0,0,0.07523333333333326,0.13140268896284682,0.23872053872053872,0.7957351290684624,0.6242424242424243,0.836026936026936,0.9952177503655706,0.9782236653816964,0.28224900212836623,
2026090519,100,30,100,candidate_a_recency_oracle,True,1.0,0,0.0672733333333333,0.11916375287812984,0.2265993265993266,0.7553310886644221,0.6249158249158249,0.8326599326599327,0.9952954366119756,0.9785729579148545,0.16863221660287223,
2026090520,100,30,100,candidate_a_recency_oracle,True,1.0,0,0.07341333333333333,0.12952906151816965,0.23905723905723908,0.7968574635241301,0.6218855218855218,0.8309764309764309,0.9952345026371292,0.9782991386943257,0.09963573002330271,
2026090501,100,30,100,candidate_b_exposure_oracle,True,1.0,0,0.04719333333333342,0.08419553960210059,0.2414141414141414,0.8047138047138047,0.6067340067340067,0.8245791245791246,0.9908420623591025,0.9587333444765875,0.36760570215448507,
2026090502,100,30,100,candidate_b_exposure_oracle,True,1.0,0,0.05044666666666675,0.09067647005823629,0.2451178451178451,0.8170594837261503,0.6154882154882154,0.8208754208754209,0.9906525125537659,0.957892331560067,0.2095639267706036,
2026090503,100,30,100,candidate_b_exposure_oracle,True,1.0,0,0.05457333333333336,0.09741092797468305,0.24276094276094273,0.8092031425364759,0.6107744107744107,0.8306397306397306,0.9905616421435908,0.9574965064432865,0.4724647006973969,
2026090504,100,30,100,candidate_b_exposure_oracle,True,1.0,0,0.053239999999999954,0.09614803401237305,0.24006734006734007,0.8002244668911336,0.6195286195286195,0.8212121212121212,0.990334900986887,0.9564920618936568,0.2618538869297602,
2026090505,100,30,100,candidate_b_exposure_oracle,True,1.0,0,0.05116666666666658,0.09043106644167025,0.24074074074074073,0.8024691358024691,0.6097643097643097,0.8276094276094277,0.9906770527024267,0.957998405519016,0.3369661021116702,
2026090506,100,30,100,candidate_b_exposure_oracle,True,1.0,0,0.050066666666666704,0.09079892314584156,0.2447811447811448,0.8159371492704827,0.604040404040404,0.8276094276094277,0.9908446362876799,0.9587382144873122,0.5020716212336713,
2026090507,100,30,100,candidate_b_exposure_oracle,True,1.0,0,0.044346666666666756,0.07888106377466154,0.23939393939393938,0.797979797979798,0.608080808080808,0.8222222222222223,0.9907996335244296,0.9585369074501968,0.061047716550163264,
2026090508,100,30,100,candidate_b_exposure_oracle,True,1.0,0,0.05225333333333326,0.0941629792788369,0.23602693602693603,0.7867564534231201,0.6178451178451179,0.8255892255892257,0.9907391430110486,0.9582722449718284,0.39498869165209805,
2026090509,100,30,100,candidate_b_exposure_oracle,True,1.0,0,0.048839999999999995,0.0873053390247253,0.23265993265993268,0.7755331088664423,0.6016835016835016,0.8242424242424243,0.9910249151230502,0.9595310380831186,0.259520108598939,
2026090510,100,30,100,candidate_b_exposure_oracle,True,1.0,0,0.05015999999999998,0.08969082698049141,0.25252525252525254,0.8417508417508418,0.6060606060606061,0.8245791245791246,0.9908002360365188,0.9585418598129862,0.4455083557952364,
2026090511,100,30,100,candidate_b_exposure_oracle,True,1.0,0,0.052146666666666563,0.09201449161228174,0.2468013468013468,0.8226711560044894,0.6114478114478115,0.8262626262626263,0.9903358955246915,0.956503577958484,0.32054721086511523,
2026090512,100,30,100,candidate_b_exposure_oracle,True,1.0,0,0.05393333333333339,0.09463379711052261,0.24545454545454545,0.8181818181818182,0.6171717171717171,0.825925925925926,0.9906869379095388,0.9580405896808069,0.22921414843292728,
2026090513,100,30,100,candidate_b_exposure_oracle,True,1.0,0,0.05454666666666674,0.09775252199076787,0.24915824915824916,0.830527497194164,0.609090909090909,0.834006734006734,0.9906023806906648,0.9576721852805231,0.4006252928937528,
2026090514,100,30,100,candidate_b_exposure_oracle,True,1.0,0,0.05991999999999997,0.10624918300339485,0.2414141414141414,0.8047138047138047,0.6107744107744107,0.826936026936027,0.9904970610558904,0.9572082223146664,0.4326041777152686,
2026090515,100,30,100,candidate_b_exposure_oracle,True,1.0,0,0.05241333333333342,0.093571125650788,0.2383838383838384,0.7946127946127947,0.6138047138047138,0.8272727272727274,0.9910982243264932,0.9598559381016284,0.41964191354131525,
2026090516,100,30,100,candidate_b_exposure_oracle,True,1.0,0,0.05163333333333342,0.09177266598624137,0.2276094276094276,0.7586980920314254,0.6134680134680135,0.8292929292929294,0.9908511618891945,0.9587678770707312,0.42961622244089254,
2026090517,100,30,100,candidate_b_exposure_oracle,True,1.0,0,0.05019333333333331,0.08844332774281066,0.2441077441077441,0.8136924803591471,0.6161616161616161,0.8272727272727274,0.9904933839505256,0.957188616526711,0.2668627181405972,
2026090518,100,30,100,candidate_b_exposure_oracle,True,1.0,0,0.04944666666666664,0.08793937305515279,0.24377104377104378,0.8125701459034792,0.6144781144781144,0.8276094276094277,0.9906328356315771,0.9578057794219852,0.43904173862774265,
2026090519,100,30,100,candidate_b_exposure_oracle,True,1.0,0,0.047653333333333325,0.08602325267042626,0.23434343434343433,0.7811447811447813,0.6148148148148148,0.8232323232323232,0.9908199643648508,0.9586284266692067,0.3056488591062688,
2026090520,100,30,100,candidate_b_exposure_oracle,True,1.0,0,0.051006666666666645,0.09030811456096045,0.2488215488215488,0.8294051627384961,0.6168350168350168,0.8225589225589226,0.9904132042631132,0.9568397247586646,0.20791639136454237,
2026090501,100,30,100,candidate_c_opportunity,False,1.0,0,0.06011333333333324,0.10697871023920809,0.27003367003367007,0.9001122334455668,0.6282828282828282,0.8245791245791246,0.9966977918419739,0.9849111215867705,0.3019045741506552,
2026090502,100,30,100,candidate_c_opportunity,False,1.0,0,0.06630666666666674,0.11935009193312103,0.2740740740740741,0.9135802469135802,0.635016835016835,0.8141414141414143,0.996614256499742,0.9845321339170304,0.13447074949461538,
2026090503,100,30,100,candidate_c_opportunity,False,1.0,0,0.06840666666666673,0.12064640713902572,0.2686868686868687,0.8956228956228957,0.6296296296296295,0.827946127946128,0.9965790908522331,0.9843737501147132,0.3989456175369344,
2026090504,100,30,100,candidate_c_opportunity,False,1.0,0,0.07224666666666657,0.12892719737209143,0.264983164983165,0.8832772166105499,0.6356902356902356,0.8225589225589226,0.9964868706093677,0.9839556315805886,0.22720794792635488,
2026090505,100,30,100,candidate_c_opportunity,False,1.0,0,0.0717133333333333,0.12596295751794123,0.2686868686868687,0.8956228956228957,0.62996632996633,0.8212121212121212,0.9966052882503211,0.9844917675031339,0.19747021535200357,
2026090506,100,30,100,candidate_c_opportunity,False,1.0,0,0.07163333333333322,0.12745369529536774,0.2750841750841751,0.9169472502805837,0.6272727272727272,0.8161616161616161,0.9966055394836895,0.9844929557469492,0.4186306384868952,
2026090507,100,30,100,candidate_c_opportunity,False,1.0,0,0.06859333333333328,0.12247448713915891,0.27003367003367007,0.9001122334455668,0.6333333333333333,0.8181818181818182,0.9965607253967343,0.9842895063369419,0.08259469485304334,
2026090508,100,30,100,candidate_c_opportunity,False,1.0,0,0.06754666666666664,0.12064640713902572,0.26296296296296295,0.8765432098765433,0.635016835016835,0.8212121212121212,0.9966339838768137,0.9846223419547004,0.3099021992546992,
2026090509,100,30,100,candidate_c_opportunity,False,1.0,0,0.06453333333333333,0.11469767022723502,0.26195286195286194,0.8731762065095399,0.6269360269360269,0.8195286195286196,0.9966645082460234,0.9847601748907483,0.30945650765548327,
2026090510,100,30,100,candidate_c_opportunity,False,1.0,0,0.06386666666666674,0.11323525167642019,0.2727272727272727,0.9090909090909091,0.6205387205387205,0.8185185185185185,0.9966191315304804,0.984554369570817,0.36251231551815255,
2026090511,100,30,100,candidate_c_opportunity,False,1.0,0,0.07065333333333323,0.1237380746218039,0.27845117845117845,0.9281705948372615,0.6289562289562289,0.8191919191919192,0.9964666116922528,0.9838647272869008,0.29579289023946675,
2026090512,100,30,100,candidate_c_opportunity,False,1.0,0,0.0728133333333334,0.12823589374447564,0.27845117845117845,0.9281705948372615,0.6279461279461279,0.8222222222222223,0.9967028838163171,0.9849342842523092,0.2563999282764376,
2026090513,100,30,100,candidate_c_opportunity,False,1.0,0,0.06468666666666656,0.11652372195299023,0.2754208754208754,0.9180695847362513,0.6272727272727272,0.8286195286195286,0.9967215786133931,0.9850190809543967,0.2746885348710725,
2026090514,100,30,100,candidate_c_opportunity,False,1.0,0,0.07746000000000008,0.13808210118138653,0.27239057239057235,0.9079685746352413,0.6296296296296295,0.8242424242424243,0.9966545482922007,0.9847150512706148,0.3721880761809077,
2026090515,100,30,100,candidate_c_opportunity,False,1.0,0,0.06479999999999997,0.11585431464655178,0.268013468013468,0.89337822671156,0.6363636363636364,0.8228956228956229,0.9967109920422853,0.9849710739849411,0.36895632934312345,
2026090516,100,30,100,candidate_c_opportunity,False,1.0,0,0.06513333333333327,0.1147945023848171,0.2505050505050505,0.8350168350168351,0.6333333333333333,0.827946127946128,0.9967429326205408,0.9851158092049562,0.31569300639610853,
2026090517,100,30,100,candidate_c_opportunity,False,1.0,0,0.05928666666666671,0.10445626410661599,0.269023569023569,0.8967452300785634,0.6333333333333333,0.827946127946128,0.996506432159525,0.9840443016379854,0.258759765230474,
2026090518,100,30,100,candidate_c_opportunity,False,1.0,0,0.06891333333333338,0.12192894105447921,0.2727272727272727,0.9090909090909091,0.6336700336700337,0.8255892255892257,0.9966223172081308,0.9845692738604234,0.3502703563761893,
2026090519,100,30,100,candidate_c_opportunity,False,1.0,0,0.06284666666666672,0.11175369742826806,0.2632996632996633,0.877665544332211,0.635016835016835,0.8205387205387206,0.9966965136056981,0.984905455222107,0.31148042344507715,
2026090520,100,30,100,candidate_c_opportunity,False,1.0,0,0.06701333333333337,0.11888369666751337,0.2713804713804714,0.9046015712682379,0.6313131313131313,0.8222222222222223,0.9965485213669395,0.9842342286658731,0.09194003490785599,
2026090501,100,50,100,true_random,False,1.0,0,0.051363999999999965,0.09068627239003707,0.4965656565656566,0.9931313131313132,0.8682828282828282,0.9602020202020203,0.9999999999999997,0.9999999999999996,,
2026090502,100,50,100,true_random,False,1.0,0,0.05175200000000002,0.09186947262284681,0.5062626262626262,1.0125252525252524,0.8713131313131314,0.9595959595959596,0.9999999999999997,0.9999999999999996,,
2026090503,100,50,100,true_random,False,1.0,0,0.06118000000000001,0.10762899237658968,0.503030303030303,1.006060606060606,0.8723232323232323,0.9634343434343434,0.9999999999999997,0.9999999999999996,,
2026090504,100,50,100,true_random,False,1.0,0,0.054167999999999994,0.09826494797230598,0.5008080808080808,1.0016161616161616,0.86989898989899,0.9565656565656566,0.9999999999999997,0.9999999999999996,,
2026090505,100,50,100,true_random,False,1.0,0,0.056400000000000006,0.10119288512538814,0.49777777777777776,0.9955555555555555,0.8692929292929293,0.9608080808080809,0.9999999999999997,0.9999999999999996,,
2026090506,100,50,100,true_random,False,1.0,0,0.052171999999999885,0.09243376006633074,0.5096969696969698,1.0193939393939395,0.8701010101010102,0.9606060606060606,0.9999999999999997,0.9999999999999996,,
2026090507,100,50,100,true_random,False,1.0,0,0.055299999999999905,0.09728309205612248,0.502020202020202,1.004040404040404,0.8735353535353536,0.9575757575757575,0.9999999999999997,0.9999999999999996,,
2026090508,100,50,100,true_random,False,1.0,0,0.058387999999999884,0.10291744264214886,0.49979797979797985,0.9995959595959597,0.8725252525252525,0.9593939393939395,0.9999999999999997,0.9999999999999996,,
2026090509,100,50,100,true_random,False,1.0,0,0.059336000000000055,0.10396153134693621,0.49676767676767675,0.9935353535353535,0.8703030303030302,0.9591919191919192,0.9999999999999997,0.9999999999999996,,
2026090510,100,50,100,true_random,False,1.0,0,0.055096000000000034,0.09797958971132711,0.503030303030303,1.006060606060606,0.8636363636363636,0.9614141414141414,0.9999999999999997,0.9999999999999996,,
2026090511,100,50,100,true_random,False,1.0,0,0.06152000000000002,0.10947145746723207,0.5008080808080808,1.0016161616161616,0.8688888888888888,0.9608080808080809,0.9999999999999997,0.9999999999999996,,
2026090512,100,50,100,true_random,False,1.0,0,0.05697200000000002,0.10079682534683322,0.5042424242424243,1.0084848484848485,0.868080808080808,0.9616161616161616,0.9999999999999997,0.9999999999999996,,
2026090513,100,50,100,true_random,False,1.0,0,0.055420000000000025,0.09915644204992433,0.49777777777777776,0.9955555555555555,0.8715151515151516,0.9632323232323232,0.9999999999999997,0.9999999999999996,,
2026090514,100,50,100,true_random,False,1.0,0,0.05227599999999999,0.09247702417357515,0.4943434343434343,0.9886868686868686,0.8694949494949494,0.9569696969696969,0.9999999999999997,0.9999999999999996,,
2026090515,100,50,100,true_random,False,1.0,0,0.053855999999999904,0.0966229786334493,0.49979797979797985,0.9995959595959597,0.8701010101010102,0.9616161616161616,0.9999999999999997,0.9999999999999996,,
2026090516,100,50,100,true_random,False,1.0,0,0.0624880000000001,0.11009087155618308,0.49777777777777776,0.9955555555555555,0.8709090909090909,0.9593939393939395,0.9999999999999997,0.9999999999999996,,
2026090517,100,50,100,true_random,False,1.0,0,0.06082799999999988,0.10862780491200215,0.5072727272727272,1.0145454545454544,0.8656565656565657,0.96,0.9999999999999997,0.9999999999999996,,
2026090518,100,50,100,true_random,False,1.0,0,0.0563800000000001,0.10311159003720193,0.51010101010101,1.02020202020202,0.8662626262626263,0.9585858585858585,0.9999999999999997,0.9999999999999996,,
2026090519,100,50,100,true_random,False,1.0,0,0.050880000000000036,0.0902884267223657,0.5024242424242424,1.0048484848484849,0.8705050505050504,0.9604040404040404,0.9999999999999997,0.9999999999999996,,
2026090520,100,50,100,true_random,False,1.0,0,0.05939199999999989,0.10594338110519223,0.5024242424242424,1.0048484848484849,0.8731313131313131,0.9591919191919192,0.9999999999999997,0.9999999999999996,,
2026090501,100,50,100,candidate_a_recency_oracle,True,1.0,0,0.0409520000000001,0.07299315036357863,0.44323232323232326,0.8864646464646465,0.8802020202020202,0.9741414141414141,0.9965040003511138,0.9840381847917538,0.3833107921930305,
2026090502,100,50,100,candidate_a_recency_oracle,True,1.0,0,0.0456160000000001,0.07974960814950754,0.44727272727272727,0.8945454545454545,0.883030303030303,0.9723232323232324,0.9964397017002813,0.983748384326764,0.05930709627370643,
2026090503,100,50,100,candidate_a_recency_oracle,True,1.0,0,0.05275999999999992,0.09346657156438339,0.44363636363636366,0.8872727272727273,0.8812121212121211,0.9757575757575757,0.9965387634807382,0.9841965121740328,0.2047535414270836,
2026090504,100,50,100,candidate_a_recency_oracle,True,1.0,0,0.04678399999999994,0.08390470785361213,0.45030303030303026,0.9006060606060605,0.8771717171717172,0.9725252525252526,0.9964795203218587,0.9839275994907486,0.15092462542660817,
2026090505,100,50,100,candidate_a_recency_oracle,True,1.0,0,0.04736399999999996,0.08551023330572781,0.4438383838383838,0.8876767676767676,0.8828282828282829,0.971919191919192,0.9964882576984554,0.9839685810808223,-0.015884933292991527,
2026090506,100,50,100,candidate_a_recency_oracle,True,1.0,0,0.04482000000000008,0.07994998436522674,0.4511111111111111,0.9022222222222221,0.8818181818181818,0.973939393939394,0.9965052757807197,0.9840449202541239,0.26420458954265036,
2026090507,100,50,100,candidate_a_recency_oracle,True,1.0,0,0.04629599999999989,0.0823164625090267,0.4424242424242424,0.8848484848484848,0.881010101010101,0.971919191919192,0.9964923167983228,0.9839854747915983,0.0021993391116793518,
2026090508,100,50,100,candidate_a_recency_oracle,True,1.0,0,0.048567999999999945,0.08620904824900923,0.4450505050505051,0.8901010101010102,0.8856565656565657,0.9682828282828283,0.9964293174585899,0.9837006343755584,0.2382511262836991,
2026090509,100,50,100,candidate_a_recency_oracle,True,1.0,0,0.05200399999999994,0.0916515138991168,0.44282828282828285,0.8856565656565657,0.8806060606060607,0.9727272727272727,0.9965088507464719,0.9840599335140786,0.050148588737679876,
2026090510,100,50,100,candidate_a_recency_oracle,True,1.0,0,0.047668000000000044,0.08504116650187721,0.4517171717171717,0.9034343434343434,0.8751515151515151,0.9743434343434343,0.9964748840649252,0.9839072534955161,0.19732085221762297,
2026090511,100,50,100,candidate_a_recency_oracle,True,1.0,0,0.054948,0.09699484522385714,0.44303030303030305,0.8860606060606061,0.8812121212121211,0.9761616161616161,0.9965094515133055,0.9840628872091799,0.13979272020711764,
2026090512,100,50,100,candidate_a_recency_oracle,True,1.0,0,0.04775599999999991,0.08574380444090407,0.4501010101010101,0.9002020202020202,0.8818181818181818,0.9733333333333333,0.996466264319811,0.9838687046907707,0.08155992441170676,
2026090513,100,50,100,candidate_a_recency_oracle,True,1.0,0,0.04647599999999996,0.0827526434623088,0.44707070707070706,0.8941414141414141,0.8804040404040404,0.9775757575757575,0.9965137385994527,0.9840828869950315,0.20659445942355853,
2026090514,100,50,100,candidate_a_recency_oracle,True,1.0,0,0.04465999999999992,0.07919595949289332,0.4446464646464647,0.8892929292929294,0.8791919191919193,0.9735353535353535,0.9964883721826063,0.9839678624494512,0.15390291173021334,
2026090515,100,50,100,candidate_a_recency_oracle,True,1.0,0,0.04761199999999999,0.08726969691708572,0.45151515151515154,0.9030303030303031,0.8797979797979797,0.9753535353535354,0.9965171130773121,0.9840980626712513,0.19115911851462677,
2026090516,100,50,100,candidate_a_recency_oracle,True,1.0,0,0.05330400000000002,0.09461500938011896,0.4454545454545455,0.890909090909091,0.8818181818181818,0.9735353535353535,0.996472704912061,0.9838972777469494,0.314013300118039,
2026090517,100,50,100,candidate_a_recency_oracle,True,1.0,0,0.050224000000000046,0.09019977827023745,0.4486868686868687,0.8973737373737374,0.877979797979798,0.9745454545454546,0.9965049835879767,0.9840427455355893,0.045493156979054754,
2026090518,100,50,100,candidate_a_recency_oracle,True,1.0,0,0.045500000000000096,0.0826559132790873,0.45191919191919194,0.9038383838383839,0.88,0.971919191919192,0.9964656118626674,0.9838644700671365,0.24391209065460065,
2026090519,100,50,100,candidate_a_recency_oracle,True,1.0,0,0.043623999999999885,0.07709734106958553,0.4476767676767677,0.8953535353535353,0.8806060606060605,0.9741414141414141,0.996502349088278,0.984031525347513,0.22008426599371023,
2026090520,100,50,100,candidate_a_recency_oracle,True,1.0,0,0.051736000000000004,0.09195651146058119,0.4438383838383838,0.8876767676767676,0.8850505050505051,0.971919191919192,0.9964515866042474,0.9838017269850706,0.19273803112227889,
2026090501,100,50,100,candidate_b_exposure_oracle,True,1.0,0,0.02461599999999997,0.043451121964800866,0.438989898989899,0.877979797979798,0.877979797979798,0.9785858585858586,0.9902483929839379,0.9561136252517067,0.4799607216608482,
2026090502,100,50,100,candidate_b_exposure_oracle,True,1.0,0,0.02685599999999999,0.047413078364518794,0.4450505050505051,0.8901010101010102,0.883030303030303,0.9751515151515151,0.990106694986147,0.9554884995135747,0.2462683330476743,
2026090503,100,50,100,candidate_b_exposure_oracle,True,1.0,0,0.02981199999999995,0.05314132102234569,0.4393939393939394,0.8787878787878788,0.8797979797979797,0.9791919191919192,0.9903567496584148,0.956591814342011,0.3523568562864984,
2026090504,100,50,100,candidate_b_exposure_oracle,True,1.0,0,0.027695999999999943,0.05059644256269407,0.44626262626262625,0.8925252525252525,0.8826262626262625,0.9757575757575757,0.9899000394616715,0.9545809899374131,0.3347773441997385,
2026090505,100,50,100,candidate_b_exposure_oracle,True,1.0,0,0.028920000000000057,0.05184592558726288,0.4385858585858586,0.8771717171717172,0.881010101010101,0.9761616161616161,0.9901526544861464,0.9556939641719161,0.3591410528996322,
2026090506,100,50,100,candidate_b_exposure_oracle,True,1.0,0,0.026367999999999947,0.047413078364518794,0.44747474747474747,0.8949494949494949,0.8824242424242424,0.9757575757575757,0.9902503638072291,0.9561228730792667,0.42488591705764706,
2026090507,100,50,100,candidate_b_exposure_oracle,True,1.0,0,0.027747999999999884,0.04939635614091387,0.4444444444444444,0.8888888888888888,0.8820202020202019,0.9745454545454546,0.9897654417960101,0.9539888723615171,0.20575534948066151,
2026090508,100,50,100,candidate_b_exposure_oracle,True,1.0,0,0.028723999999999972,0.05184592558726288,0.4450505050505051,0.8901010101010102,0.8824242424242424,0.9729292929292929,0.9898988431100884,0.9545792588069892,0.44607470613063127,
2026090509,100,50,100,candidate_b_exposure_oracle,True,1.0,0,0.03240799999999999,0.05748043145279966,0.4448484848484848,0.8896969696969697,0.8773737373737374,0.9769696969696969,0.9901773779005012,0.9557998737638651,0.2874415599145257,
2026090510,100,50,100,candidate_b_exposure_oracle,True,1.0,0,0.02811600000000003,0.050199601592044535,0.44404040404040407,0.8880808080808081,0.8802020202020202,0.9777777777777777,0.9902028668113363,0.9559138264295136,0.510489749948915,
2026090511,100,50,100,candidate_b_exposure_oracle,True,1.0,0,0.028659999999999908,0.05145872132107443,0.4385858585858586,0.8771717171717172,0.8808080808080808,0.9791919191919192,0.9901714088831308,0.9557756574434592,0.26961256184940235,
2026090512,100,50,100,candidate_b_exposure_oracle,True,1.0,0,0.0270760000000001,0.048662100242385764,0.4460606060606061,0.8921212121212122,0.8771717171717172,0.9793939393939394,0.9903125477702214,0.9563968338149358,0.3515663206662733,
2026090513,100,50,100,candidate_b_exposure_oracle,True,1.0,0,0.02661200000000008,0.04783304297240559,0.44242424242424244,0.8848484848484849,0.8828282828282829,0.9793939393939394,0.9901142748011909,0.9555181812540552,0.4341594261375084,
2026090514,100,50,100,candidate_b_exposure_oracle,True,1.0,0,0.0261880000000001,0.04707440918375928,0.4397979797979798,0.8795959595959596,0.8737373737373737,0.9791919191919192,0.9902692134260644,0.9562046183622845,0.4080327414544985,
2026090515,100,50,100,candidate_b_exposure_oracle,True,1.0,0,0.026556000000000024,0.048,0.45111111111111113,0.9022222222222223,0.8783838383838383,0.9785858585858586,0.990564110955439,0.9575053517747852,0.5183144518092756,
2026090516,100,50,100,candidate_b_exposure_oracle,True,1.0,0,0.03126399999999996,0.055497747702046435,0.43919191919191924,0.8783838383838385,0.8808080808080808,0.9761616161616161,0.9904121796565238,0.9568345559085223,0.44929610919527313,
2026090517,100,50,100,candidate_b_exposure_oracle,True,1.0,0,0.029263999999999957,0.05336665625650533,0.4442424242424242,0.8884848484848484,0.878989898989899,0.9793939393939394,0.9900647189851258,0.9553113003006145,0.2573308619154929,
2026090518,100,50,100,candidate_b_exposure_oracle,True,1.0,0,0.025171999999999972,0.04507771067833857,0.4444444444444444,0.8888888888888888,0.8824242424242424,0.9763636363636363,0.9901480502526654,0.9556703871297495,0.49021997166751485,
2026090519,100,50,100,candidate_b_exposure_oracle,True,1.0,0,0.025576000000000043,0.046043457732885346,0.44363636363636366,0.8872727272727273,0.8816161616161616,0.9753535353535354,0.9903610820288011,0.9566033848643497,0.4182087326371113,
2026090520,100,50,100,candidate_b_exposure_oracle,True,1.0,0,0.028340000000000032,0.05106858133921482,0.4404040404040404,0.8808080808080808,0.8844444444444445,0.977979797979798,0.9902469321764193,0.9561056101520009,0.2751352260049613,
2026090501,100,50,100,candidate_c_opportunity,False,1.0,0,0.04055999999999993,0.071442284397967,0.47373737373737373,0.9474747474747475,0.8694949494949494,0.9688888888888889,0.9966977918419739,0.9849111215867705,0.41194678570270765,
2026090502,100,50,100,candidate_c_opportunity,False,1.0,0,0.042100000000000026,0.07563068160475614,0.47959595959595963,0.9591919191919193,0.8757575757575757,0.9648484848484848,0.996614256499742,0.9845321339170304,0.19061439920711032,
2026090503,100,50,100,candidate_c_opportunity,False,1.0,0,0.04577600000000004,0.08099382692526635,0.47494949494949495,0.9498989898989899,0.8739393939393939,0.9688888888888889,0.9965790908522331,0.9843737501147132,0.21767173056838127,
2026090504,100,50,100,candidate_c_opportunity,False,1.0,0,0.04184399999999999,0.07584194090343416,0.47535353535353536,0.9507070707070707,0.8731313131313131,0.9662626262626263,0.9964868706093677,0.9839556315805886,0.21649439219200445,
2026090505,100,50,100,candidate_c_opportunity,False,1.0,0,0.04145599999999994,0.07418894796396563,0.4719191919191919,0.9438383838383838,0.8735353535353536,0.9672727272727273,0.9966052882503211,0.9844917675031339,0.2239971112567191,
2026090506,100,50,100,candidate_c_opportunity,False,1.0,0,0.04161199999999998,0.07435052118176443,0.48141414141414146,0.9628282828282829,0.8733333333333333,0.9656565656565655,0.9966055394836895,0.9844929557469492,0.29330240496078674,
2026090507,100,50,100,candidate_c_opportunity,False,1.0,0,0.041835999999999984,0.07413501197140256,0.47414141414141414,0.9482828282828283,0.8741414141414142,0.9666666666666667,0.9965607253967343,0.9842895063369419,-0.026602760053331842,
2026090508,100,50,100,candidate_c_opportunity,False,1.0,0,0.04143199999999991,0.07348469228349534,0.47777777777777775,0.9555555555555555,0.8739393939393939,0.9642424242424242,0.9966339838768137,0.9846223419547004,0.25678090508178675,
2026090509,100,50,100,candidate_c_opportunity,False,1.0,0,0.04810000000000003,0.08409518416651456,0.47696969696969693,0.9539393939393939,0.8735353535353536,0.9654545454545455,0.9966645082460234,0.9847601748907483,0.18293240582099626,
2026090510,100,50,100,candidate_c_opportunity,False,1.0,0,0.03948799999999997,0.07172168430816443,0.4775757575757576,0.9551515151515152,0.8676767676767677,0.9690909090909091,0.9966191315304804,0.984554369570817,0.25980476451403794,
2026090511,100,50,100,candidate_c_opportunity,False,1.0,0,0.04628399999999999,0.08270429251254133,0.477979797979798,0.955959595959596,0.8692929292929293,0.9692929292929292,0.9964666116922528,0.9838647272869008,0.10854776103075488,
2026090512,100,50,100,candidate_c_opportunity,False,1.0,0,0.04285199999999989,0.07605261336732617,0.47838383838383836,0.9567676767676767,0.8723232323232323,0.967070707070707,0.9967028838163171,0.9849342842523092,0.19258559781532614,
2026090513,100,50,100,candidate_c_opportunity,False,1.0,0,0.04213200000000006,0.07536577472566709,0.4709090909090909,0.9418181818181818,0.8737373737373737,0.9709090909090909,0.9967215786133931,0.9850190809543967,0.3165810240906331,
2026090514,100,50,100,candidate_c_opportunity,False,1.0,0,0.03893199999999997,0.06997142273814361,0.4727272727272727,0.9454545454545454,0.8701010101010102,0.9660606060606061,0.9966545482922007,0.9847150512706148,0.3340000472192872,
2026090515,100,50,100,candidate_c_opportunity,False,1.0,0,0.039628,0.0722772439983706,0.4775757575757576,0.9551515151515152,0.8701010101010102,0.9707070707070706,0.9967109920422853,0.9849710739849411,0.22194117533204624,
2026090516,100,50,100,candidate_c_opportunity,False,1.0,0,0.04792400000000008,0.08611620056644394,0.47212121212121216,0.9442424242424243,0.872929292929293,0.9686868686868686,0.9967429326205408,0.9851158092049562,0.3864169423068627,
2026090517,100,50,100,candidate_c_opportunity,False,1.0,0,0.04855199999999993,0.08634813257969162,0.47535353535353536,0.9507070707070707,0.868080808080808,0.9694949494949495,0.996506432159525,0.9840443016379854,0.242843600768484,
2026090518,100,50,100,candidate_c_opportunity,False,1.0,0,0.04451999999999989,0.08114185110040317,0.47878787878787876,0.9575757575757575,0.8721212121212122,0.9662626262626263,0.9966223172081308,0.9845692738604234,0.24228161745212054,
2026090519,100,50,100,candidate_c_opportunity,False,1.0,0,0.04228799999999988,0.0744043009509531,0.4763636363636364,0.9527272727272728,0.8709090909090909,0.9684848484848484,0.9966965136056981,0.984905455222107,0.2542165432009495,
2026090520,100,50,100,candidate_c_opportunity,False,1.0,0,0.04544799999999993,0.07979974937304,0.4759595959595959,0.9519191919191918,0.8765656565656565,0.9654545454545455,0.9965485213669395,0.9842342286658731,0.25215452856037096,
2026090501,100,100,100,true_random,False,1.0,0,0.0,0.0,1.0,1.0,1.0,1.0,0.9999999999999997,0.9999999999999996,,
2026090502,100,100,100,true_random,False,1.0,0,0.0,0.0,1.0,1.0,1.0,1.0,0.9999999999999997,0.9999999999999996,,
2026090503,100,100,100,true_random,False,1.0,0,0.0,0.0,1.0,1.0,1.0,1.0,0.9999999999999997,0.9999999999999996,,
2026090504,100,100,100,true_random,False,1.0,0,0.0,0.0,1.0,1.0,1.0,1.0,0.9999999999999997,0.9999999999999996,,
2026090505,100,100,100,true_random,False,1.0,0,0.0,0.0,1.0,1.0,1.0,1.0,0.9999999999999997,0.9999999999999996,,
2026090506,100,100,100,true_random,False,1.0,0,0.0,0.0,1.0,1.0,1.0,1.0,0.9999999999999997,0.9999999999999996,,
2026090507,100,100,100,true_random,False,1.0,0,0.0,0.0,1.0,1.0,1.0,1.0,0.9999999999999997,0.9999999999999996,,
2026090508,100,100,100,true_random,False,1.0,0,0.0,0.0,1.0,1.0,1.0,1.0,0.9999999999999997,0.9999999999999996,,
2026090509,100,100,100,true_random,False,1.0,0,0.0,0.0,1.0,1.0,1.0,1.0,0.9999999999999997,0.9999999999999996,,
2026090510,100,100,100,true_random,False,1.0,0,0.0,0.0,1.0,1.0,1.0,1.0,0.9999999999999997,0.9999999999999996,,
2026090511,100,100,100,true_random,False,1.0,0,0.0,0.0,1.0,1.0,1.0,1.0,0.9999999999999997,0.9999999999999996,,
2026090512,100,100,100,true_random,False,1.0,0,0.0,0.0,1.0,1.0,1.0,1.0,0.9999999999999997,0.9999999999999996,,
2026090513,100,100,100,true_random,False,1.0,0,0.0,0.0,1.0,1.0,1.0,1.0,0.9999999999999997,0.9999999999999996,,
2026090514,100,100,100,true_random,False,1.0,0,0.0,0.0,1.0,1.0,1.0,1.0,0.9999999999999997,0.9999999999999996,,
2026090515,100,100,100,true_random,False,1.0,0,0.0,0.0,1.0,1.0,1.0,1.0,0.9999999999999997,0.9999999999999996,,
2026090516,100,100,100,true_random,False,1.0,0,0.0,0.0,1.0,1.0,1.0,1.0,0.9999999999999997,0.9999999999999996,,
2026090517,100,100,100,true_random,False,1.0,0,0.0,0.0,1.0,1.0,1.0,1.0,0.9999999999999997,0.9999999999999996,,
2026090518,100,100,100,true_random,False,1.0,0,0.0,0.0,1.0,1.0,1.0,1.0,0.9999999999999997,0.9999999999999996,,
2026090519,100,100,100,true_random,False,1.0,0,0.0,0.0,1.0,1.0,1.0,1.0,0.9999999999999997,0.9999999999999996,,
2026090520,100,100,100,true_random,False,1.0,0,0.0,0.0,1.0,1.0,1.0,1.0,0.9999999999999997,0.9999999999999996,,
2026090501,100,100,100,candidate_a_recency_oracle,True,1.0,0,0.0,0.0,1.0,1.0,1.0,1.0,0.9999999999999997,0.9999999999999996,,
2026090502,100,100,100,candidate_a_recency_oracle,True,1.0,0,0.0,0.0,1.0,1.0,1.0,1.0,0.9999999999999997,0.9999999999999996,,
2026090503,100,100,100,candidate_a_recency_oracle,True,1.0,0,0.0,0.0,1.0,1.0,1.0,1.0,0.9999999999999997,0.9999999999999996,,
2026090504,100,100,100,candidate_a_recency_oracle,True,1.0,0,0.0,0.0,1.0,1.0,1.0,1.0,0.9999999999999997,0.9999999999999996,,
2026090505,100,100,100,candidate_a_recency_oracle,True,1.0,0,0.0,0.0,1.0,1.0,1.0,1.0,0.9999999999999997,0.9999999999999996,,
2026090506,100,100,100,candidate_a_recency_oracle,True,1.0,0,0.0,0.0,1.0,1.0,1.0,1.0,0.9999999999999997,0.9999999999999996,,
2026090507,100,100,100,candidate_a_recency_oracle,True,1.0,0,0.0,0.0,1.0,1.0,1.0,1.0,0.9999999999999997,0.9999999999999996,,
2026090508,100,100,100,candidate_a_recency_oracle,True,1.0,0,0.0,0.0,1.0,1.0,1.0,1.0,0.9999999999999997,0.9999999999999996,,
2026090509,100,100,100,candidate_a_recency_oracle,True,1.0,0,0.0,0.0,1.0,1.0,1.0,1.0,0.9999999999999997,0.9999999999999996,,
2026090510,100,100,100,candidate_a_recency_oracle,True,1.0,0,0.0,0.0,1.0,1.0,1.0,1.0,0.9999999999999997,0.9999999999999996,,
2026090511,100,100,100,candidate_a_recency_oracle,True,1.0,0,0.0,0.0,1.0,1.0,1.0,1.0,0.9999999999999997,0.9999999999999996,,
2026090512,100,100,100,candidate_a_recency_oracle,True,1.0,0,0.0,0.0,1.0,1.0,1.0,1.0,0.9999999999999997,0.9999999999999996,,
2026090513,100,100,100,candidate_a_recency_oracle,True,1.0,0,0.0,0.0,1.0,1.0,1.0,1.0,0.9999999999999997,0.9999999999999996,,
2026090514,100,100,100,candidate_a_recency_oracle,True,1.0,0,0.0,0.0,1.0,1.0,1.0,1.0,0.9999999999999997,0.9999999999999996,,
2026090515,100,100,100,candidate_a_recency_oracle,True,1.0,0,0.0,0.0,1.0,1.0,1.0,1.0,0.9999999999999997,0.9999999999999996,,
2026090516,100,100,100,candidate_a_recency_oracle,True,1.0,0,0.0,0.0,1.0,1.0,1.0,1.0,0.9999999999999997,0.9999999999999996,,
2026090517,100,100,100,candidate_a_recency_oracle,True,1.0,0,0.0,0.0,1.0,1.0,1.0,1.0,0.9999999999999997,0.9999999999999996,,
2026090518,100,100,100,candidate_a_recency_oracle,True,1.0,0,0.0,0.0,1.0,1.0,1.0,1.0,0.9999999999999997,0.9999999999999996,,
2026090519,100,100,100,candidate_a_recency_oracle,True,1.0,0,0.0,0.0,1.0,1.0,1.0,1.0,0.9999999999999997,0.9999999999999996,,
2026090520,100,100,100,candidate_a_recency_oracle,True,1.0,0,0.0,0.0,1.0,1.0,1.0,1.0,0.9999999999999997,0.9999999999999996,,
2026090501,100,100,100,candidate_b_exposure_oracle,True,1.0,0,0.0,0.0,1.0,1.0,1.0,1.0,0.9999999999999997,0.9999999999999996,,
2026090502,100,100,100,candidate_b_exposure_oracle,True,1.0,0,0.0,0.0,1.0,1.0,1.0,1.0,0.9999999999999997,0.9999999999999996,,
2026090503,100,100,100,candidate_b_exposure_oracle,True,1.0,0,0.0,0.0,1.0,1.0,1.0,1.0,0.9999999999999997,0.9999999999999996,,
2026090504,100,100,100,candidate_b_exposure_oracle,True,1.0,0,0.0,0.0,1.0,1.0,1.0,1.0,0.9999999999999997,0.9999999999999996,,
2026090505,100,100,100,candidate_b_exposure_oracle,True,1.0,0,0.0,0.0,1.0,1.0,1.0,1.0,0.9999999999999997,0.9999999999999996,,
2026090506,100,100,100,candidate_b_exposure_oracle,True,1.0,0,0.0,0.0,1.0,1.0,1.0,1.0,0.9999999999999997,0.9999999999999996,,
2026090507,100,100,100,candidate_b_exposure_oracle,True,1.0,0,0.0,0.0,1.0,1.0,1.0,1.0,0.9999999999999997,0.9999999999999996,,
2026090508,100,100,100,candidate_b_exposure_oracle,True,1.0,0,0.0,0.0,1.0,1.0,1.0,1.0,0.9999999999999997,0.9999999999999996,,
2026090509,100,100,100,candidate_b_exposure_oracle,True,1.0,0,0.0,0.0,1.0,1.0,1.0,1.0,0.9999999999999997,0.9999999999999996,,
2026090510,100,100,100,candidate_b_exposure_oracle,True,1.0,0,0.0,0.0,1.0,1.0,1.0,1.0,0.9999999999999997,0.9999999999999996,,
2026090511,100,100,100,candidate_b_exposure_oracle,True,1.0,0,0.0,0.0,1.0,1.0,1.0,1.0,0.9999999999999997,0.9999999999999996,,
2026090512,100,100,100,candidate_b_exposure_oracle,True,1.0,0,0.0,0.0,1.0,1.0,1.0,1.0,0.9999999999999997,0.9999999999999996,,
2026090513,100,100,100,candidate_b_exposure_oracle,True,1.0,0,0.0,0.0,1.0,1.0,1.0,1.0,0.9999999999999997,0.9999999999999996,,
2026090514,100,100,100,candidate_b_exposure_oracle,True,1.0,0,0.0,0.0,1.0,1.0,1.0,1.0,0.9999999999999997,0.9999999999999996,,
2026090515,100,100,100,candidate_b_exposure_oracle,True,1.0,0,0.0,0.0,1.0,1.0,1.0,1.0,0.9999999999999997,0.9999999999999996,,
2026090516,100,100,100,candidate_b_exposure_oracle,True,1.0,0,0.0,0.0,1.0,1.0,1.0,1.0,0.9999999999999997,0.9999999999999996,,
2026090517,100,100,100,candidate_b_exposure_oracle,True,1.0,0,0.0,0.0,1.0,1.0,1.0,1.0,0.9999999999999997,0.9999999999999996,,
2026090518,100,100,100,candidate_b_exposure_oracle,True,1.0,0,0.0,0.0,1.0,1.0,1.0,1.0,0.9999999999999997,0.9999999999999996,,
2026090519,100,100,100,candidate_b_exposure_oracle,True,1.0,0,0.0,0.0,1.0,1.0,1.0,1.0,0.9999999999999997,0.9999999999999996,,
2026090520,100,100,100,candidate_b_exposure_oracle,True,1.0,0,0.0,0.0,1.0,1.0,1.0,1.0,0.9999999999999997,0.9999999999999996,,
2026090501,100,100,100,candidate_c_opportunity,False,1.0,0,0.0,0.0,1.0,1.0,1.0,1.0,0.9966977918419739,0.9849111215867705,,
2026090502,100,100,100,candidate_c_opportunity,False,1.0,0,0.0,0.0,1.0,1.0,1.0,1.0,0.996614256499742,0.9845321339170304,,
2026090503,100,100,100,candidate_c_opportunity,False,1.0,0,0.0,0.0,1.0,1.0,1.0,1.0,0.9965790908522331,0.9843737501147132,,
2026090504,100,100,100,candidate_c_opportunity,False,1.0,0,0.0,0.0,1.0,1.0,1.0,1.0,0.9964868706093677,0.9839556315805886,,
2026090505,100,100,100,candidate_c_opportunity,False,1.0,0,0.0,0.0,1.0,1.0,1.0,1.0,0.9966052882503211,0.9844917675031339,,
2026090506,100,100,100,candidate_c_opportunity,False,1.0,0,0.0,0.0,1.0,1.0,1.0,1.0,0.9966055394836895,0.9844929557469492,,
2026090507,100,100,100,candidate_c_opportunity,False,1.0,0,0.0,0.0,1.0,1.0,1.0,1.0,0.9965607253967343,0.9842895063369419,,
2026090508,100,100,100,candidate_c_opportunity,False,1.0,0,0.0,0.0,1.0,1.0,1.0,1.0,0.9966339838768137,0.9846223419547004,,
2026090509,100,100,100,candidate_c_opportunity,False,1.0,0,0.0,0.0,1.0,1.0,1.0,1.0,0.9966645082460234,0.9847601748907483,,
2026090510,100,100,100,candidate_c_opportunity,False,1.0,0,0.0,0.0,1.0,1.0,1.0,1.0,0.9966191315304804,0.984554369570817,,
2026090511,100,100,100,candidate_c_opportunity,False,1.0,0,0.0,0.0,1.0,1.0,1.0,1.0,0.9964666116922528,0.9838647272869008,,
2026090512,100,100,100,candidate_c_opportunity,False,1.0,0,0.0,0.0,1.0,1.0,1.0,1.0,0.9967028838163171,0.9849342842523092,,
2026090513,100,100,100,candidate_c_opportunity,False,1.0,0,0.0,0.0,1.0,1.0,1.0,1.0,0.9967215786133931,0.9850190809543967,,
2026090514,100,100,100,candidate_c_opportunity,False,1.0,0,0.0,0.0,1.0,1.0,1.0,1.0,0.9966545482922007,0.9847150512706148,,
2026090515,100,100,100,candidate_c_opportunity,False,1.0,0,0.0,0.0,1.0,1.0,1.0,1.0,0.9967109920422853,0.9849710739849411,,
2026090516,100,100,100,candidate_c_opportunity,False,1.0,0,0.0,0.0,1.0,1.0,1.0,1.0,0.9967429326205408,0.9851158092049562,,
2026090517,100,100,100,candidate_c_opportunity,False,1.0,0,0.0,0.0,1.0,1.0,1.0,1.0,0.996506432159525,0.9840443016379854,,
2026090518,100,100,100,candidate_c_opportunity,False,1.0,0,0.0,0.0,1.0,1.0,1.0,1.0,0.9966223172081308,0.9845692738604234,,
2026090519,100,100,100,candidate_c_opportunity,False,1.0,0,0.0,0.0,1.0,1.0,1.0,1.0,0.9966965136056981,0.984905455222107,,
2026090520,100,100,100,candidate_c_opportunity,False,1.0,0,0.0,0.0,1.0,1.0,1.0,1.0,0.9965485213669395,0.9842342286658731,,
2026090501,100,25%,100,true_random,False,1.0,0,0.08798400000000006,0.1565630863262474,0.2581818181818182,1.0327272727272727,0.5785858585858586,0.7551515151515152,0.9999999999999997,0.9999999999999996,,
2026090502,100,25%,100,true_random,False,1.0,0,0.096136,0.17073956776330437,0.2577777777777778,1.031111111111111,0.5745454545454546,0.7446464646464647,0.9999999999999997,0.9999999999999996,,
2026090503,100,25%,100,true_random,False,1.0,0,0.10386399999999996,0.1830409790183608,0.24606060606060606,0.9842424242424243,0.5822222222222222,0.7599999999999999,0.9999999999999997,0.9999999999999996,,
2026090504,100,25%,100,true_random,False,1.0,0,0.10677599999999998,0.19066200460500776,0.25414141414141417,1.0165656565656567,0.5806060606060607,0.7470707070707071,0.9999999999999997,0.9999999999999996,,
2026090505,100,25%,100,true_random,False,1.0,0,0.09695199999999993,0.17092688495377195,0.24767676767676766,0.9907070707070706,0.5753535353535354,0.7507070707070708,0.9999999999999997,0.9999999999999996,,
2026090506,100,25%,100,true_random,False,1.0,0,0.10275199999999995,0.18154889148656347,0.2593939393939394,1.0375757575757576,0.5717171717171717,0.7478787878787879,0.9999999999999997,0.9999999999999996,,
2026090507,100,25%,100,true_random,False,1.0,0,0.09566399999999997,0.17453939383417144,0.2545454545454545,1.018181818181818,0.5737373737373738,0.7511111111111111,0.9999999999999997,0.9999999999999996,,
2026090508,100,25%,100,true_random,False,1.0,0,0.08748,0.15748015748023622,0.237979797979798,0.951919191919192,0.5725252525252525,0.7503030303030304,0.9999999999999997,0.9999999999999996,,
2026090509,100,25%,100,true_random,False,1.0,0,0.09633599999999998,0.17251086922278258,0.24686868686868688,0.9874747474747475,0.5616161616161617,0.7535353535353535,0.9999999999999997,0.9999999999999996,,
2026090510,100,25%,100,true_random,False,1.0,0,0.101472,0.1787959731090161,0.25575757575757574,1.023030303030303,0.5624242424242424,0.7494949494949495,0.9999999999999997,0.9999999999999996,,
2026090511,100,25%,100,true_random,False,1.0,0,0.10337599999999991,0.1824280680158621,0.26383838383838387,1.0553535353535355,0.5773737373737374,0.749090909090909,0.9999999999999997,0.9999999999999996,,
2026090512,100,25%,100,true_random,False,1.0,0,0.1020319999999999,0.17977764043395386,0.25414141414141417,1.0165656565656567,0.5741414141414142,0.7466666666666667,0.9999999999999997,0.9999999999999996,,
2026090513,100,25%,100,true_random,False,1.0,0,0.08942399999999995,0.16079800993793422,0.25171717171717173,1.006868686868687,0.5713131313131313,0.7583838383838384,0.9999999999999997,0.9999999999999996,,
2026090514,100,25%,100,true_random,False,1.0,0,0.104128,0.18555861607589122,0.2513131313131313,1.0052525252525253,0.5692929292929293,0.7579797979797981,0.9999999999999997,0.9999999999999996,,
2026090515,100,25%,100,true_random,False,1.0,0,0.10187999999999997,0.18347751905887544,0.24202020202020202,0.9680808080808081,0.5765656565656565,0.7543434343434344,0.9999999999999997,0.9999999999999996,,
2026090516,100,25%,100,true_random,False,1.0,0,0.09376000000000007,0.16540858502508266,0.21979797979797983,0.8791919191919193,0.5688888888888889,0.7559595959595959,0.9999999999999997,0.9999999999999996,,
2026090517,100,25%,100,true_random,False,1.0,0,0.09227999999999992,0.1620863967148385,0.2602020202020202,1.0408080808080808,0.583030303030303,0.7539393939393939,0.9999999999999997,0.9999999999999996,,
2026090518,100,25%,100,true_random,False,1.0,0,0.091024,0.159298462013919,0.25212121212121213,1.0084848484848485,0.5765656565656565,0.7563636363636363,0.9999999999999997,0.9999999999999996,,
2026090519,100,25%,100,true_random,False,1.0,0,0.08728000000000002,0.15543487382180357,0.23959595959595958,0.9583838383838383,0.5773737373737374,0.7527272727272727,0.9999999999999997,0.9999999999999996,,
2026090520,100,25%,100,true_random,False,1.0,0,0.09737599999999991,0.17251086922278258,0.24727272727272728,0.9890909090909091,0.5741414141414142,0.7539393939393939,0.9999999999999997,0.9999999999999996,,
2026090501,100,25%,100,candidate_a_recency_oracle,True,1.0,0,0.0693680000000001,0.12560254774486065,0.19313131313131315,0.7725252525252526,0.5337373737373737,0.7482828282828282,0.9950427293995083,0.9774343822890201,0.1551976279390502,
2026090502,100,25%,100,candidate_a_recency_oracle,True,1.0,0,0.07762399999999992,0.1377534028617805,0.19313131313131315,0.7725252525252526,0.526060606060606,0.7442424242424243,0.9950914227594942,0.9776535487546373,0.21266248964590964,
2026090503,100,25%,100,candidate_a_recency_oracle,True,1.0,0,0.08383999999999991,0.14870104236352885,0.18343434343434342,0.7337373737373737,0.5397979797979797,0.7551515151515152,0.9950595987057627,0.9775103287606521,0.3433673118075342,
2026090504,100,25%,100,candidate_a_recency_oracle,True,1.0,0,0.08831199999999995,0.1581897594662815,0.18141414141414142,0.7256565656565657,0.5353535353535354,0.7503030303030304,0.9950692486988472,0.977553681307232,0.23355443301752704,
2026090505,100,25%,100,candidate_a_recency_oracle,True,1.0,0,0.08412799999999998,0.14987995196156156,0.18424242424242426,0.736969696969697,0.5305050505050506,0.7478787878787879,0.9950690601793348,0.9775531310903053,0.19412231545437814,
2026090506,100,25%,100,candidate_a_recency_oracle,True,1.0,0,0.09101599999999999,0.16277591959500642,0.19272727272727275,0.770909090909091,0.5276767676767677,0.7503030303030304,0.9950957590140084,0.9776728724656378,0.3064083315205317,
2026090507,100,25%,100,candidate_a_recency_oracle,True,1.0,0,0.08327200000000001,0.1477294825009551,0.18464646464646467,0.7385858585858587,0.5393939393939394,0.7486868686868687,0.9950335806614548,0.9773928565275618,-0.03770197493286213,
2026090508,100,25%,100,candidate_a_recency_oracle,True,1.0,0,0.07767199999999996,0.14005713120009278,0.17777777777777778,0.7111111111111111,0.5345454545454545,0.7563636363636363,0.9950855770696633,0.9776272350885259,0.2604577267073787,
2026090509,100,25%,100,candidate_a_recency_oracle,True,1.0,0,0.08675999999999995,0.15357083056361973,0.18343434343434342,0.7337373737373737,0.5224242424242425,0.7543434343434344,0.995103024962257,0.9777058470174917,0.1399248811414663,
2026090510,100,25%,100,candidate_a_recency_oracle,True,1.0,0,0.08478399999999997,0.1514727698300919,0.18868686868686868,0.7547474747474747,0.5151515151515151,0.741010101010101,0.9951724429148855,0.978018244502969,0.2545127432134888,
2026090511,100,25%,100,candidate_a_recency_oracle,True,1.0,0,0.08869599999999989,0.15564061166674975,0.19474747474747475,0.778989898989899,0.5301010101010102,0.7434343434343433,0.9950482658346587,0.9774590351930249,0.08449399632580636,
2026090512,100,25%,100,candidate_a_recency_oracle,True,1.0,0,0.0824720000000001,0.14664242223858687,0.18707070707070705,0.7482828282828282,0.5305050505050506,0.7458585858585859,0.9951004435421572,0.9776941199722238,0.15297594610018717,
2026090513,100,25%,100,candidate_a_recency_oracle,True,1.0,0,0.07591199999999998,0.13541048703848607,0.18868686868686868,0.7547474747474747,0.5195959595959596,0.7575757575757576,0.9951173202740321,0.9777703525942676,0.2718024907314418,
2026090514,100,25%,100,candidate_a_recency_oracle,True,1.0,0,0.09146399999999999,0.16169106345126188,0.19555555555555554,0.7822222222222222,0.5240404040404041,0.7551515151515152,0.995105012380309,0.9777146785509018,0.3076333939620256,
2026090515,100,25%,100,candidate_a_recency_oracle,True,1.0,0,0.08617600000000003,0.1550225790006088,0.18424242424242426,0.736969696969697,0.5292929292929293,0.7498989898989898,0.9951343211164592,0.9778467263220388,0.29837796878393325,
2026090516,100,25%,100,candidate_a_recency_oracle,True,1.0,0,0.07665600000000006,0.13552859476877932,0.16282828282828285,0.6513131313131314,0.5208080808080808,0.762020202020202,0.9951599709122564,0.9779623058384458,0.184412409726778,
2026090517,100,25%,100,candidate_a_recency_oracle,True,1.0,0,0.0778319999999999,0.13844854639901424,0.19515151515151516,0.7806060606060606,0.5377777777777778,0.7547474747474747,0.995042909642896,0.9774350423740964,0.14601041662826367,
2026090518,100,25%,100,candidate_a_recency_oracle,True,1.0,0,0.07972000000000001,0.14051334456200237,0.18868686868686868,0.7547474747474747,0.5288888888888889,0.7535353535353535,0.9951014726608908,0.9776987429032648,0.2617488087798772,
2026090519,100,25%,100,candidate_a_recency_oracle,True,1.0,0,0.07354400000000005,0.132664991614216,0.17979797979797982,0.7191919191919193,0.5341414141414141,0.7515151515151516,0.9951096578590911,0.9777353192859954,0.2348428308459696,
2026090520,100,25%,100,candidate_a_recency_oracle,True,1.0,0,0.08952000000000004,0.15808858276295604,0.19393939393939394,0.7757575757575758,0.5402020202020202,0.7531313131313132,0.9950179005513873,0.9773225189298966,0.2208805900791412,
2026090501,100,25%,100,candidate_b_exposure_oracle,True,1.0,0,0.05557600000000007,0.09943842315724842,0.20121212121212123,0.8048484848484849,0.517979797979798,0.7397979797979798,0.9914145852636966,0.9612595784688874,0.41471186567774987,
2026090502,100,25%,100,candidate_b_exposure_oracle,True,1.0,0,0.05464800000000003,0.09797958971132711,0.1995959595959596,0.7983838383838384,0.5195959595959596,0.7280808080808081,0.9914765020809029,0.9615296304347953,0.2726293071863848,
2026090503,100,25%,100,candidate_b_exposure_oracle,True,1.0,0,0.06631999999999993,0.11757550765359255,0.19555555555555554,0.7822222222222222,0.5272727272727273,0.741010101010101,0.9910244698411279,0.9595348949531303,0.4642851030241207,
2026090504,100,25%,100,candidate_b_exposure_oracle,True,1.0,0,0.05728,0.10430723848324237,0.19313131313131315,0.7725252525252526,0.5256565656565656,0.7393939393939394,0.991234367075082,0.960458985386618,0.22973182550684998,
2026090505,100,25%,100,candidate_b_exposure_oracle,True,1.0,0,0.06341599999999992,0.11285388783732708,0.19151515151515153,0.7660606060606061,0.5208080808080808,0.7385858585858587,0.9911753509370415,0.9601945479364106,0.3325537077489009,
2026090506,100,25%,100,candidate_b_exposure_oracle,True,1.0,0,0.06647200000000009,0.11906300852909774,0.2,0.8,0.5183838383838384,0.7305050505050505,0.9913220835593428,0.9608444923536921,0.47551153876730795,
2026090507,100,25%,100,candidate_b_exposure_oracle,True,1.0,0,0.05761599999999989,0.10415373253033229,0.1903030303030303,0.7612121212121212,0.5276767676767677,0.7361616161616161,0.9912513393647244,0.9605324251619496,0.19091036564257982,
2026090508,100,25%,100,candidate_b_exposure_oracle,True,1.0,0,0.058135999999999965,0.10400000000000001,0.18747474747474746,0.7498989898989898,0.5284848484848484,0.7438383838383839,0.991320706348321,0.9608395373066253,0.34678693682156797,
2026090509,100,25%,100,candidate_b_exposure_oracle,True,1.0,0,0.06380800000000009,0.1142628548566856,0.1878787878787879,0.7515151515151516,0.5135353535353536,0.743030303030303,0.9913997597510235,0.9611876612349077,0.3106568739141238,
2026090510,100,25%,100,candidate_b_exposure_oracle,True,1.0,0,0.0613999999999999,0.1092520022699813,0.2004040404040404,0.8016161616161616,0.5074747474747475,0.7357575757575758,0.9915413421884061,0.9618159113826629,0.3812530122547157,
2026090511,100,25%,100,candidate_b_exposure_oracle,True,1.0,0,0.06224800000000008,0.10983624174196784,0.2004040404040404,0.8016161616161616,0.5191919191919192,0.7337373737373737,0.9910087937515162,0.9594707405699594,0.26127128766084085,
2026090512,100,25%,100,candidate_b_exposure_oracle,True,1.0,0,0.06326399999999999,0.11299557513460429,0.19272727272727275,0.770909090909091,0.517979797979798,0.7345454545454545,0.9914882427929714,0.9615821197377643,0.26424593568796323,
2026090513,100,25%,100,candidate_b_exposure_oracle,True,1.0,0,0.060456000000000065,0.10895870777500988,0.19838383838383838,0.7935353535353535,0.5094949494949494,0.7535353535353535,0.9914025577453913,0.9612036551501788,0.4541290036052299,
2026090514,100,25%,100,candidate_b_exposure_oracle,True,1.0,0,0.06972800000000001,0.123547561691844,0.19313131313131315,0.7725252525252526,0.5167676767676768,0.749090909090909,0.9914114885672928,0.9612388948036618,0.4208901076538073,
2026090515,100,25%,100,candidate_b_exposure_oracle,True,1.0,0,0.06479999999999997,0.11579291860904103,0.18545454545454546,0.7418181818181818,0.5288888888888889,0.7414141414141415,0.9914838679659655,0.9615613639065127,0.5057255911607451,
2026090516,100,25%,100,candidate_b_exposure_oracle,True,1.0,0,0.05892800000000009,0.10369185117452576,0.16888888888888887,0.6755555555555555,0.5066666666666667,0.7462626262626262,0.9918542041114002,0.9632024701055572,0.3245119286175528,
2026090517,100,25%,100,candidate_b_exposure_oracle,True,1.0,0,0.060392,0.10703270528207721,0.197979797979798,0.791919191919192,0.5309090909090909,0.7454545454545455,0.9910033687457214,0.9594419994022396,0.31184777959847376,
2026090518,100,25%,100,candidate_b_exposure_oracle,True,1.0,0,0.060991999999999935,0.10822199406774946,0.19757575757575757,0.7903030303030303,0.5183838383838384,0.7462626262626262,0.9913558579720622,0.960996610542732,0.4400870323300542,
2026090519,100,25%,100,candidate_b_exposure_oracle,True,1.0,0,0.05600800000000006,0.10071742649611337,0.19313131313131315,0.7725252525252526,0.5252525252525253,0.7393939393939394,0.9913265834827882,0.960867753665382,0.393038931236647,
2026090520,100,25%,100,candidate_b_exposure_oracle,True,1.0,0,0.06316799999999989,0.11128342194594845,0.2,0.8,0.5216161616161616,0.7373737373737373,0.9910903488953094,0.9598266750824469,0.1866960357873324,
2026090501,100,25%,100,candidate_c_opportunity,False,1.0,0,0.07293599999999989,0.13084341787036902,0.23272727272727273,0.9309090909090909,0.5474747474747476,0.7454545454545455,0.9966977918419739,0.9849111215867705,0.36111610166086017,
2026090502,100,25%,100,candidate_c_opportunity,False,1.0,0,0.07418400000000003,0.12986146464598342,0.21777777777777776,0.8711111111111111,0.5446464646464647,0.738989898989899,0.996614256499742,0.9845321339170304,0.11012891508103415,
2026090503,100,25%,100,candidate_c_opportunity,False,1.0,0,0.07989599999999997,0.1417603611733548,0.21777777777777776,0.8711111111111111,0.5482828282828283,0.7498989898989898,0.9965790908522331,0.9843737501147132,0.4680914707965156,
2026090504,100,25%,100,candidate_c_opportunity,False,1.0,0,0.07599200000000006,0.13821722034536796,0.21858585858585858,0.8743434343434343,0.5442424242424243,0.743030303030303,0.9964868706093677,0.9839556315805886,0.16001356090507804,
2026090505,100,25%,100,candidate_c_opportunity,False,1.0,0,0.079256,0.13994284547628721,0.21212121212121213,0.8484848484848485,0.5498989898989899,0.7418181818181818,0.9966052882503211,0.9844917675031339,0.11121931057809405,
2026090506,100,25%,100,candidate_c_opportunity,False,1.0,0,0.08624799999999988,0.15409088227406578,0.2222222222222222,0.8888888888888888,0.5434343434343435,0.7426262626262626,0.9966055394836895,0.9844929557469492,0.3837390357820113,
2026090507,100,25%,100,candidate_c_opportunity,False,1.0,0,0.07271199999999989,0.13206059215375343,0.21494949494949497,0.8597979797979799,0.5474747474747476,0.7414141414141415,0.9965607253967343,0.9842895063369419,0.06388523221628949,
2026090508,100,25%,100,candidate_c_opportunity,False,1.0,0,0.0760479999999999,0.13763720427268203,0.20606060606060608,0.8242424242424243,0.5511111111111111,0.7450505050505051,0.9966339838768137,0.9846223419547004,0.346211300656936,
2026090509,100,25%,100,candidate_c_opportunity,False,1.0,0,0.07808799999999994,0.13994284547628721,0.2125252525252525,0.85010101010101,0.5393939393939394,0.7511111111111111,0.9966645082460234,0.9847601748907483,0.2887926330803889,
2026090510,100,25%,100,candidate_c_opportunity,False,1.0,0,0.07729600000000003,0.136,0.2177777777777778,0.8711111111111112,0.5341414141414141,0.7381818181818182,0.9966191315304804,0.984554369570817,0.4015947390862625,
2026090511,100,25%,100,candidate_c_opportunity,False,1.0,0,0.08985599999999994,0.157175061635108,0.22262626262626262,0.8905050505050505,0.5393939393939394,0.7422222222222222,0.9964666116922528,0.9838647272869008,0.23547607605912219,
2026090512,100,25%,100,candidate_c_opportunity,False,1.0,0,0.08200000000000007,0.14848568954616467,0.22141414141414142,0.8856565656565657,0.5462626262626262,0.7458585858585859,0.9967028838163171,0.9849342842523092,0.25682540235036744,
2026090513,100,25%,100,candidate_c_opportunity,False,1.0,0,0.07143199999999994,0.12973819792181485,0.21858585858585858,0.8743434343434343,0.5414141414141415,0.7547474747474747,0.9967215786133931,0.9850190809543967,0.26974863315316083,
2026090514,100,25%,100,candidate_c_opportunity,False,1.0,0,0.08873599999999993,0.15808858276295604,0.22666666666666668,0.9066666666666667,0.5385858585858586,0.7527272727272727,0.9966545482922007,0.9847150512706148,0.31927762433874796,
2026090515,100,25%,100,candidate_c_opportunity,False,1.0,0,0.08352000000000004,0.15009330431434975,0.20929292929292928,0.8371717171717171,0.5462626262626262,0.7478787878787879,0.9967109920422853,0.9849710739849411,0.4922194844063069,
2026090516,100,25%,100,candidate_c_opportunity,False,1.0,0,0.07444000000000006,0.13072107710694553,0.1923232323232323,0.7692929292929293,0.534949494949495,0.7503030303030304,0.9967429326205408,0.9851158092049562,0.266401541123226,
2026090517,100,25%,100,candidate_c_opportunity,False,1.0,0,0.07420800000000005,0.13181805642627265,0.22141414141414142,0.8856565656565657,0.5575757575757576,0.7486868686868687,0.996506432159525,0.9840443016379854,0.3140928485172008,
2026090518,100,25%,100,candidate_c_opportunity,False,1.0,0,0.07255999999999996,0.1292439553712281,0.21575757575757576,0.863030303030303,0.5393939393939394,0.7478787878787879,0.9966223172081308,0.9845692738604234,0.39445986543247585,
2026090519,100,25%,100,candidate_c_opportunity,False,1.0,0,0.07058399999999998,0.12762444906835055,0.21333333333333335,0.8533333333333334,0.5478787878787879,0.7450505050505051,0.9966965136056981,0.984905455222107,0.32168478480244755,
2026090520,100,25%,100,candidate_c_opportunity,False,1.0,0,0.07769599999999999,0.1389100428334827,0.22666666666666668,0.9066666666666667,0.5490909090909091,0.7446464646464647,0.9965485213669395,0.9842342286658731,0.07618491049387116,
2026090501,100,50%,100,true_random,False,1.0,0,0.051363999999999965,0.09068627239003707,0.4965656565656566,0.9931313131313132,0.8682828282828282,0.9602020202020203,0.9999999999999997,0.9999999999999996,,
2026090502,100,50%,100,true_random,False,1.0,0,0.05175200000000002,0.09186947262284681,0.5062626262626262,1.0125252525252524,0.8713131313131314,0.9595959595959596,0.9999999999999997,0.9999999999999996,,
2026090503,100,50%,100,true_random,False,1.0,0,0.06118000000000001,0.10762899237658968,0.503030303030303,1.006060606060606,0.8723232323232323,0.9634343434343434,0.9999999999999997,0.9999999999999996,,
2026090504,100,50%,100,true_random,False,1.0,0,0.054167999999999994,0.09826494797230598,0.5008080808080808,1.0016161616161616,0.86989898989899,0.9565656565656566,0.9999999999999997,0.9999999999999996,,
2026090505,100,50%,100,true_random,False,1.0,0,0.056400000000000006,0.10119288512538814,0.49777777777777776,0.9955555555555555,0.8692929292929293,0.9608080808080809,0.9999999999999997,0.9999999999999996,,
2026090506,100,50%,100,true_random,False,1.0,0,0.052171999999999885,0.09243376006633074,0.5096969696969698,1.0193939393939395,0.8701010101010102,0.9606060606060606,0.9999999999999997,0.9999999999999996,,
2026090507,100,50%,100,true_random,False,1.0,0,0.055299999999999905,0.09728309205612248,0.502020202020202,1.004040404040404,0.8735353535353536,0.9575757575757575,0.9999999999999997,0.9999999999999996,,
2026090508,100,50%,100,true_random,False,1.0,0,0.058387999999999884,0.10291744264214886,0.49979797979797985,0.9995959595959597,0.8725252525252525,0.9593939393939395,0.9999999999999997,0.9999999999999996,,
2026090509,100,50%,100,true_random,False,1.0,0,0.059336000000000055,0.10396153134693621,0.49676767676767675,0.9935353535353535,0.8703030303030302,0.9591919191919192,0.9999999999999997,0.9999999999999996,,
2026090510,100,50%,100,true_random,False,1.0,0,0.055096000000000034,0.09797958971132711,0.503030303030303,1.006060606060606,0.8636363636363636,0.9614141414141414,0.9999999999999997,0.9999999999999996,,
2026090511,100,50%,100,true_random,False,1.0,0,0.06152000000000002,0.10947145746723207,0.5008080808080808,1.0016161616161616,0.8688888888888888,0.9608080808080809,0.9999999999999997,0.9999999999999996,,
2026090512,100,50%,100,true_random,False,1.0,0,0.05697200000000002,0.10079682534683322,0.5042424242424243,1.0084848484848485,0.868080808080808,0.9616161616161616,0.9999999999999997,0.9999999999999996,,
2026090513,100,50%,100,true_random,False,1.0,0,0.055420000000000025,0.09915644204992433,0.49777777777777776,0.9955555555555555,0.8715151515151516,0.9632323232323232,0.9999999999999997,0.9999999999999996,,
2026090514,100,50%,100,true_random,False,1.0,0,0.05227599999999999,0.09247702417357515,0.4943434343434343,0.9886868686868686,0.8694949494949494,0.9569696969696969,0.9999999999999997,0.9999999999999996,,
2026090515,100,50%,100,true_random,False,1.0,0,0.053855999999999904,0.0966229786334493,0.49979797979797985,0.9995959595959597,0.8701010101010102,0.9616161616161616,0.9999999999999997,0.9999999999999996,,
2026090516,100,50%,100,true_random,False,1.0,0,0.0624880000000001,0.11009087155618308,0.49777777777777776,0.9955555555555555,0.8709090909090909,0.9593939393939395,0.9999999999999997,0.9999999999999996,,
2026090517,100,50%,100,true_random,False,1.0,0,0.06082799999999988,0.10862780491200215,0.5072727272727272,1.0145454545454544,0.8656565656565657,0.96,0.9999999999999997,0.9999999999999996,,
2026090518,100,50%,100,true_random,False,1.0,0,0.0563800000000001,0.10311159003720193,0.51010101010101,1.02020202020202,0.8662626262626263,0.9585858585858585,0.9999999999999997,0.9999999999999996,,
2026090519,100,50%,100,true_random,False,1.0,0,0.050880000000000036,0.0902884267223657,0.5024242424242424,1.0048484848484849,0.8705050505050504,0.9604040404040404,0.9999999999999997,0.9999999999999996,,
2026090520,100,50%,100,true_random,False,1.0,0,0.05939199999999989,0.10594338110519223,0.5024242424242424,1.0048484848484849,0.8731313131313131,0.9591919191919192,0.9999999999999997,0.9999999999999996,,
2026090501,100,50%,100,candidate_a_recency_oracle,True,1.0,0,0.0409520000000001,0.07299315036357863,0.44323232323232326,0.8864646464646465,0.8802020202020202,0.9741414141414141,0.9965040003511138,0.9840381847917538,0.3833107921930305,
2026090502,100,50%,100,candidate_a_recency_oracle,True,1.0,0,0.0456160000000001,0.07974960814950754,0.44727272727272727,0.8945454545454545,0.883030303030303,0.9723232323232324,0.9964397017002813,0.983748384326764,0.05930709627370643,
2026090503,100,50%,100,candidate_a_recency_oracle,True,1.0,0,0.05275999999999992,0.09346657156438339,0.44363636363636366,0.8872727272727273,0.8812121212121211,0.9757575757575757,0.9965387634807382,0.9841965121740328,0.2047535414270836,
2026090504,100,50%,100,candidate_a_recency_oracle,True,1.0,0,0.04678399999999994,0.08390470785361213,0.45030303030303026,0.9006060606060605,0.8771717171717172,0.9725252525252526,0.9964795203218587,0.9839275994907486,0.15092462542660817,
2026090505,100,50%,100,candidate_a_recency_oracle,True,1.0,0,0.04736399999999996,0.08551023330572781,0.4438383838383838,0.8876767676767676,0.8828282828282829,0.971919191919192,0.9964882576984554,0.9839685810808223,-0.015884933292991527,
2026090506,100,50%,100,candidate_a_recency_oracle,True,1.0,0,0.04482000000000008,0.07994998436522674,0.4511111111111111,0.9022222222222221,0.8818181818181818,0.973939393939394,0.9965052757807197,0.9840449202541239,0.26420458954265036,
2026090507,100,50%,100,candidate_a_recency_oracle,True,1.0,0,0.04629599999999989,0.0823164625090267,0.4424242424242424,0.8848484848484848,0.881010101010101,0.971919191919192,0.9964923167983228,0.9839854747915983,0.0021993391116793518,
2026090508,100,50%,100,candidate_a_recency_oracle,True,1.0,0,0.048567999999999945,0.08620904824900923,0.4450505050505051,0.8901010101010102,0.8856565656565657,0.9682828282828283,0.9964293174585899,0.9837006343755584,0.2382511262836991,
2026090509,100,50%,100,candidate_a_recency_oracle,True,1.0,0,0.05200399999999994,0.0916515138991168,0.44282828282828285,0.8856565656565657,0.8806060606060607,0.9727272727272727,0.9965088507464719,0.9840599335140786,0.050148588737679876,
2026090510,100,50%,100,candidate_a_recency_oracle,True,1.0,0,0.047668000000000044,0.08504116650187721,0.4517171717171717,0.9034343434343434,0.8751515151515151,0.9743434343434343,0.9964748840649252,0.9839072534955161,0.19732085221762297,
2026090511,100,50%,100,candidate_a_recency_oracle,True,1.0,0,0.054948,0.09699484522385714,0.44303030303030305,0.8860606060606061,0.8812121212121211,0.9761616161616161,0.9965094515133055,0.9840628872091799,0.13979272020711764,
2026090512,100,50%,100,candidate_a_recency_oracle,True,1.0,0,0.04775599999999991,0.08574380444090407,0.4501010101010101,0.9002020202020202,0.8818181818181818,0.9733333333333333,0.996466264319811,0.9838687046907707,0.08155992441170676,
2026090513,100,50%,100,candidate_a_recency_oracle,True,1.0,0,0.04647599999999996,0.0827526434623088,0.44707070707070706,0.8941414141414141,0.8804040404040404,0.9775757575757575,0.9965137385994527,0.9840828869950315,0.20659445942355853,
2026090514,100,50%,100,candidate_a_recency_oracle,True,1.0,0,0.04465999999999992,0.07919595949289332,0.4446464646464647,0.8892929292929294,0.8791919191919193,0.9735353535353535,0.9964883721826063,0.9839678624494512,0.15390291173021334,
2026090515,100,50%,100,candidate_a_recency_oracle,True,1.0,0,0.04761199999999999,0.08726969691708572,0.45151515151515154,0.9030303030303031,0.8797979797979797,0.9753535353535354,0.9965171130773121,0.9840980626712513,0.19115911851462677,
2026090516,100,50%,100,candidate_a_recency_oracle,True,1.0,0,0.05330400000000002,0.09461500938011896,0.4454545454545455,0.890909090909091,0.8818181818181818,0.9735353535353535,0.996472704912061,0.9838972777469494,0.314013300118039,
2026090517,100,50%,100,candidate_a_recency_oracle,True,1.0,0,0.050224000000000046,0.09019977827023745,0.4486868686868687,0.8973737373737374,0.877979797979798,0.9745454545454546,0.9965049835879767,0.9840427455355893,0.045493156979054754,
2026090518,100,50%,100,candidate_a_recency_oracle,True,1.0,0,0.045500000000000096,0.0826559132790873,0.45191919191919194,0.9038383838383839,0.88,0.971919191919192,0.9964656118626674,0.9838644700671365,0.24391209065460065,
2026090519,100,50%,100,candidate_a_recency_oracle,True,1.0,0,0.043623999999999885,0.07709734106958553,0.4476767676767677,0.8953535353535353,0.8806060606060605,0.9741414141414141,0.996502349088278,0.984031525347513,0.22008426599371023,
2026090520,100,50%,100,candidate_a_recency_oracle,True,1.0,0,0.051736000000000004,0.09195651146058119,0.4438383838383838,0.8876767676767676,0.8850505050505051,0.971919191919192,0.9964515866042474,0.9838017269850706,0.19273803112227889,
2026090501,100,50%,100,candidate_b_exposure_oracle,True,1.0,0,0.02461599999999997,0.043451121964800866,0.438989898989899,0.877979797979798,0.877979797979798,0.9785858585858586,0.9902483929839379,0.9561136252517067,0.4799607216608482,
2026090502,100,50%,100,candidate_b_exposure_oracle,True,1.0,0,0.02685599999999999,0.047413078364518794,0.4450505050505051,0.8901010101010102,0.883030303030303,0.9751515151515151,0.990106694986147,0.9554884995135747,0.2462683330476743,
2026090503,100,50%,100,candidate_b_exposure_oracle,True,1.0,0,0.02981199999999995,0.05314132102234569,0.4393939393939394,0.8787878787878788,0.8797979797979797,0.9791919191919192,0.9903567496584148,0.956591814342011,0.3523568562864984,
2026090504,100,50%,100,candidate_b_exposure_oracle,True,1.0,0,0.027695999999999943,0.05059644256269407,0.44626262626262625,0.8925252525252525,0.8826262626262625,0.9757575757575757,0.9899000394616715,0.9545809899374131,0.3347773441997385,
2026090505,100,50%,100,candidate_b_exposure_oracle,True,1.0,0,0.028920000000000057,0.05184592558726288,0.4385858585858586,0.8771717171717172,0.881010101010101,0.9761616161616161,0.9901526544861464,0.9556939641719161,0.3591410528996322,
2026090506,100,50%,100,candidate_b_exposure_oracle,True,1.0,0,0.026367999999999947,0.047413078364518794,0.44747474747474747,0.8949494949494949,0.8824242424242424,0.9757575757575757,0.9902503638072291,0.9561228730792667,0.42488591705764706,
2026090507,100,50%,100,candidate_b_exposure_oracle,True,1.0,0,0.027747999999999884,0.04939635614091387,0.4444444444444444,0.8888888888888888,0.8820202020202019,0.9745454545454546,0.9897654417960101,0.9539888723615171,0.20575534948066151,
2026090508,100,50%,100,candidate_b_exposure_oracle,True,1.0,0,0.028723999999999972,0.05184592558726288,0.4450505050505051,0.8901010101010102,0.8824242424242424,0.9729292929292929,0.9898988431100884,0.9545792588069892,0.44607470613063127,
2026090509,100,50%,100,candidate_b_exposure_oracle,True,1.0,0,0.03240799999999999,0.05748043145279966,0.4448484848484848,0.8896969696969697,0.8773737373737374,0.9769696969696969,0.9901773779005012,0.9557998737638651,0.2874415599145257,
2026090510,100,50%,100,candidate_b_exposure_oracle,True,1.0,0,0.02811600000000003,0.050199601592044535,0.44404040404040407,0.8880808080808081,0.8802020202020202,0.9777777777777777,0.9902028668113363,0.9559138264295136,0.510489749948915,
2026090511,100,50%,100,candidate_b_exposure_oracle,True,1.0,0,0.028659999999999908,0.05145872132107443,0.4385858585858586,0.8771717171717172,0.8808080808080808,0.9791919191919192,0.9901714088831308,0.9557756574434592,0.26961256184940235,
2026090512,100,50%,100,candidate_b_exposure_oracle,True,1.0,0,0.0270760000000001,0.048662100242385764,0.4460606060606061,0.8921212121212122,0.8771717171717172,0.9793939393939394,0.9903125477702214,0.9563968338149358,0.3515663206662733,
2026090513,100,50%,100,candidate_b_exposure_oracle,True,1.0,0,0.02661200000000008,0.04783304297240559,0.44242424242424244,0.8848484848484849,0.8828282828282829,0.9793939393939394,0.9901142748011909,0.9555181812540552,0.4341594261375084,
2026090514,100,50%,100,candidate_b_exposure_oracle,True,1.0,0,0.0261880000000001,0.04707440918375928,0.4397979797979798,0.8795959595959596,0.8737373737373737,0.9791919191919192,0.9902692134260644,0.9562046183622845,0.4080327414544985,
2026090515,100,50%,100,candidate_b_exposure_oracle,True,1.0,0,0.026556000000000024,0.048,0.45111111111111113,0.9022222222222223,0.8783838383838383,0.9785858585858586,0.990564110955439,0.9575053517747852,0.5183144518092756,
2026090516,100,50%,100,candidate_b_exposure_oracle,True,1.0,0,0.03126399999999996,0.055497747702046435,0.43919191919191924,0.8783838383838385,0.8808080808080808,0.9761616161616161,0.9904121796565238,0.9568345559085223,0.44929610919527313,
2026090517,100,50%,100,candidate_b_exposure_oracle,True,1.0,0,0.029263999999999957,0.05336665625650533,0.4442424242424242,0.8884848484848484,0.878989898989899,0.9793939393939394,0.9900647189851258,0.9553113003006145,0.2573308619154929,
2026090518,100,50%,100,candidate_b_exposure_oracle,True,1.0,0,0.025171999999999972,0.04507771067833857,0.4444444444444444,0.8888888888888888,0.8824242424242424,0.9763636363636363,0.9901480502526654,0.9556703871297495,0.49021997166751485,
2026090519,100,50%,100,candidate_b_exposure_oracle,True,1.0,0,0.025576000000000043,0.046043457732885346,0.44363636363636366,0.8872727272727273,0.8816161616161616,0.9753535353535354,0.9903610820288011,0.9566033848643497,0.4182087326371113,
2026090520,100,50%,100,candidate_b_exposure_oracle,True,1.0,0,0.028340000000000032,0.05106858133921482,0.4404040404040404,0.8808080808080808,0.8844444444444445,0.977979797979798,0.9902469321764193,0.9561056101520009,0.2751352260049613,
2026090501,100,50%,100,candidate_c_opportunity,False,1.0,0,0.04055999999999993,0.071442284397967,0.47373737373737373,0.9474747474747475,0.8694949494949494,0.9688888888888889,0.9966977918419739,0.9849111215867705,0.41194678570270765,
2026090502,100,50%,100,candidate_c_opportunity,False,1.0,0,0.042100000000000026,0.07563068160475614,0.47959595959595963,0.9591919191919193,0.8757575757575757,0.9648484848484848,0.996614256499742,0.9845321339170304,0.19061439920711032,
2026090503,100,50%,100,candidate_c_opportunity,False,1.0,0,0.04577600000000004,0.08099382692526635,0.47494949494949495,0.9498989898989899,0.8739393939393939,0.9688888888888889,0.9965790908522331,0.9843737501147132,0.21767173056838127,
2026090504,100,50%,100,candidate_c_opportunity,False,1.0,0,0.04184399999999999,0.07584194090343416,0.47535353535353536,0.9507070707070707,0.8731313131313131,0.9662626262626263,0.9964868706093677,0.9839556315805886,0.21649439219200445,
2026090505,100,50%,100,candidate_c_opportunity,False,1.0,0,0.04145599999999994,0.07418894796396563,0.4719191919191919,0.9438383838383838,0.8735353535353536,0.9672727272727273,0.9966052882503211,0.9844917675031339,0.2239971112567191,
2026090506,100,50%,100,candidate_c_opportunity,False,1.0,0,0.04161199999999998,0.07435052118176443,0.48141414141414146,0.9628282828282829,0.8733333333333333,0.9656565656565655,0.9966055394836895,0.9844929557469492,0.29330240496078674,
2026090507,100,50%,100,candidate_c_opportunity,False,1.0,0,0.041835999999999984,0.07413501197140256,0.47414141414141414,0.9482828282828283,0.8741414141414142,0.9666666666666667,0.9965607253967343,0.9842895063369419,-0.026602760053331842,
2026090508,100,50%,100,candidate_c_opportunity,False,1.0,0,0.04143199999999991,0.07348469228349534,0.47777777777777775,0.9555555555555555,0.8739393939393939,0.9642424242424242,0.9966339838768137,0.9846223419547004,0.25678090508178675,
2026090509,100,50%,100,candidate_c_opportunity,False,1.0,0,0.04810000000000003,0.08409518416651456,0.47696969696969693,0.9539393939393939,0.8735353535353536,0.9654545454545455,0.9966645082460234,0.9847601748907483,0.18293240582099626,
2026090510,100,50%,100,candidate_c_opportunity,False,1.0,0,0.03948799999999997,0.07172168430816443,0.4775757575757576,0.9551515151515152,0.8676767676767677,0.9690909090909091,0.9966191315304804,0.984554369570817,0.25980476451403794,
2026090511,100,50%,100,candidate_c_opportunity,False,1.0,0,0.04628399999999999,0.08270429251254133,0.477979797979798,0.955959595959596,0.8692929292929293,0.9692929292929292,0.9964666116922528,0.9838647272869008,0.10854776103075488,
2026090512,100,50%,100,candidate_c_opportunity,False,1.0,0,0.04285199999999989,0.07605261336732617,0.47838383838383836,0.9567676767676767,0.8723232323232323,0.967070707070707,0.9967028838163171,0.9849342842523092,0.19258559781532614,
2026090513,100,50%,100,candidate_c_opportunity,False,1.0,0,0.04213200000000006,0.07536577472566709,0.4709090909090909,0.9418181818181818,0.8737373737373737,0.9709090909090909,0.9967215786133931,0.9850190809543967,0.3165810240906331,
2026090514,100,50%,100,candidate_c_opportunity,False,1.0,0,0.03893199999999997,0.06997142273814361,0.4727272727272727,0.9454545454545454,0.8701010101010102,0.9660606060606061,0.9966545482922007,0.9847150512706148,0.3340000472192872,
2026090515,100,50%,100,candidate_c_opportunity,False,1.0,0,0.039628,0.0722772439983706,0.4775757575757576,0.9551515151515152,0.8701010101010102,0.9707070707070706,0.9967109920422853,0.9849710739849411,0.22194117533204624,
2026090516,100,50%,100,candidate_c_opportunity,False,1.0,0,0.04792400000000008,0.08611620056644394,0.47212121212121216,0.9442424242424243,0.872929292929293,0.9686868686868686,0.9967429326205408,0.9851158092049562,0.3864169423068627,
2026090517,100,50%,100,candidate_c_opportunity,False,1.0,0,0.04855199999999993,0.08634813257969162,0.47535353535353536,0.9507070707070707,0.868080808080808,0.9694949494949495,0.996506432159525,0.9840443016379854,0.242843600768484,
2026090518,100,50%,100,candidate_c_opportunity,False,1.0,0,0.04451999999999989,0.08114185110040317,0.47878787878787876,0.9575757575757575,0.8721212121212122,0.9662626262626263,0.9966223172081308,0.9845692738604234,0.24228161745212054,
2026090519,100,50%,100,candidate_c_opportunity,False,1.0,0,0.04228799999999988,0.0744043009509531,0.4763636363636364,0.9527272727272728,0.8709090909090909,0.9684848484848484,0.9966965136056981,0.984905455222107,0.2542165432009495,
2026090520,100,50%,100,candidate_c_opportunity,False,1.0,0,0.04544799999999993,0.07979974937304,0.4759595959595959,0.9519191919191918,0.8765656565656565,0.9654545454545455,0.9965485213669395,0.9842342286658731,0.25215452856037096,
2026090501,250,10,100,true_random,False,0.98,5,0.254872,0.47116875957558985,0.04242424242424243,1.0606060606060606,0.10505050505050506,0.17373737373737372,1.0,0.9999999999999996,,
2026090502,250,10,100,true_random,False,0.992,2,0.2585759999999999,0.4626013402488151,0.029292929292929298,0.7323232323232324,0.09393939393939395,0.16161616161616163,1.0,0.9999999999999996,,
2026090503,250,10,100,true_random,False,0.98,5,0.2733920000000001,0.49040799340956914,0.04040404040404041,1.0101010101010102,0.10606060606060606,0.1898989898989899,1.0,0.9999999999999996,,
2026090504,250,10,100,true_random,False,0.972,7,0.277288,0.5024937810560445,0.04040404040404041,1.0101010101010102,0.11717171717171716,0.17777777777777778,1.0,0.9999999999999996,,
2026090505,250,10,100,true_random,False,0.972,7,0.28726399999999996,0.5118593556827891,0.04343434343434343,1.0858585858585859,0.1292929292929293,0.19393939393939394,1.0,0.9999999999999996,,
2026090506,250,10,100,true_random,False,0.984,4,0.2765120000000001,0.5054700782440045,0.0494949494949495,1.2373737373737375,0.12121212121212122,0.16565656565656564,1.0,0.9999999999999996,,
2026090507,250,10,100,true_random,False,0.984,4,0.26193599999999995,0.4679743582719036,0.03535353535353535,0.8838383838383839,0.12323232323232325,0.18080808080808083,1.0,0.9999999999999996,,
2026090508,250,10,100,true_random,False,0.98,5,0.26112,0.4753945729601885,0.044444444444444446,1.1111111111111112,0.11616161616161616,0.17272727272727273,1.0,0.9999999999999996,,
2026090509,250,10,100,true_random,False,0.98,5,0.2889600000000001,0.5200961449578337,0.048484848484848485,1.2121212121212122,0.1191919191919192,0.197979797979798,1.0,0.9999999999999996,,
2026090510,250,10,100,true_random,False,0.988,3,0.2485679999999999,0.4466542286825459,0.04040404040404041,1.0101010101010102,0.1101010101010101,0.16666666666666666,1.0,0.9999999999999996,,
2026090511,250,10,100,true_random,False,0.988,3,0.281992,0.5089204259999789,0.045454545454545456,1.1363636363636365,0.12121212121212122,0.19090909090909092,1.0,0.9999999999999996,,
2026090512,250,10,100,true_random,False,1.0,0,0.26914400000000005,0.4827007354458868,0.0393939393939394,0.9848484848484849,0.10505050505050506,0.18181818181818182,1.0,0.9999999999999996,,
2026090513,250,10,100,true_random,False,1.0,0,0.271528,0.49648766349225637,0.03434343434343435,0.8585858585858586,0.11414141414141415,0.17878787878787877,1.0,0.9999999999999996,,
2026090514,250,10,100,true_random,False,0.988,3,0.28088,0.5039841267341661,0.024242424242424246,0.6060606060606061,0.1,0.15555555555555556,1.0,0.9999999999999996,,
2026090515,250,10,100,true_random,False,0.988,3,0.25294400000000006,0.458257569495584,0.04848484848484849,1.2121212121212122,0.11414141414141415,0.17777777777777778,1.0,0.9999999999999996,,
2026090516,250,10,100,true_random,False,0.996,1,0.26703199999999994,0.48373546489791297,0.04646464646464647,1.1616161616161615,0.1202020202020202,0.17777777777777778,1.0,0.9999999999999996,,
2026090517,250,10,100,true_random,False,0.984,4,0.2776639999999999,0.498998997994986,0.03737373737373738,0.9343434343434344,0.1090909090909091,0.18080808080808083,1.0,0.9999999999999996,,
2026090518,250,10,100,true_random,False,0.98,5,0.2776799999999999,0.5024937810560445,0.04040404040404041,1.0101010101010102,0.1202020202020202,0.18484848484848485,1.0,0.9999999999999996,,
2026090519,250,10,100,true_random,False,0.992,2,0.26903999999999995,0.4914264950122246,0.048484848484848485,1.2121212121212122,0.12727272727272726,0.20505050505050507,1.0,0.9999999999999996,,
2026090520,250,10,100,true_random,False,0.996,1,0.24940800000000007,0.45661800227323496,0.04040404040404041,1.0101010101010102,0.10303030303030304,0.1696969696969697,1.0,0.9999999999999996,,
2026090501,250,10,100,candidate_a_recency_oracle,True,0.98,5,0.24071200000000004,0.43588989435406733,0.020202020202020204,0.5050505050505051,0.07474747474747476,0.13636363636363635,0.9983655158848856,0.9910163508858133,0.560195841459088,
2026090502,250,10,100,candidate_a_recency_oracle,True,0.996,1,0.24128799999999995,0.4301162633521313,0.01616161616161616,0.40404040404040403,0.06666666666666667,0.1282828282828283,0.9983645267388768,0.9910109367554197,0.45238967613976383,
2026090503,250,10,100,candidate_a_recency_oracle,True,0.984,4,0.2623279999999999,0.4669047011971501,0.026262626262626265,0.6565656565656566,0.08080808080808081,0.15454545454545454,0.9983684791007167,0.9910325681653366,0.5399819650370394,
2026090504,250,10,100,candidate_a_recency_oracle,True,0.976,6,0.25951199999999996,0.4706378650300037,0.026262626262626265,0.6565656565656566,0.09393939393939395,0.14646464646464646,0.998372248087007,0.99105319009377,0.5283906638958974,
2026090505,250,10,100,candidate_a_recency_oracle,True,0.984,4,0.2681199999999999,0.4790615826801394,0.024242424242424242,0.6060606060606061,0.08989898989898991,0.15757575757575756,0.9983690127440658,0.9910354842282597,0.5173752758131996,
2026090506,250,10,100,candidate_a_recency_oracle,True,0.996,1,0.25707199999999997,0.4669047011971501,0.025252525252525252,0.6313131313131313,0.08383838383838385,0.12626262626262627,0.9983696020407173,0.9910387080322879,0.4486769985239982,
2026090507,250,10,100,candidate_a_recency_oracle,True,0.988,3,0.24082399999999993,0.4301162633521313,0.019191919191919194,0.4797979797979798,0.08484848484848485,0.13232323232323234,0.9983670892451646,0.9910249591169371,0.49409381680846937,
2026090508,250,10,100,candidate_a_recency_oracle,True,0.98,5,0.2532479999999999,0.4571651780264984,0.028282828282828285,0.7070707070707071,0.08484848484848485,0.14040404040404042,0.9983720665552256,0.9910521953864668,0.5252822688170393,
2026090509,250,10,100,candidate_a_recency_oracle,True,0.98,5,0.27416799999999997,0.4919349550499537,0.03232323232323232,0.8080808080808081,0.08888888888888889,0.16262626262626265,0.9983706175592724,0.9910442660386152,0.5000362443208596,
2026090510,250,10,100,candidate_a_recency_oracle,True,0.992,2,0.24171999999999993,0.43531597719357834,0.025252525252525252,0.6313131313131313,0.08686868686868686,0.1414141414141414,0.9983687349108585,0.9910339642318473,0.45772698845733806,
2026090511,250,10,100,candidate_a_recency_oracle,True,0.992,2,0.26693600000000006,0.4790615826801394,0.030303030303030304,0.7575757575757576,0.08686868686868686,0.1525252525252525,0.9983707089378535,0.9910447682855298,0.48984559000632216,
2026090512,250,10,100,candidate_a_recency_oracle,True,1.0,0,0.2598480000000001,0.46583258795408466,0.019191919191919194,0.4797979797979798,0.06363636363636363,0.13535353535353536,0.9983648654234254,0.9910127910469597,0.40358767346245245,
2026090513,250,10,100,candidate_a_recency_oracle,True,1.0,0,0.257792,0.4685082710048991,0.01616161616161616,0.40404040404040403,0.0797979797979798,0.14646464646464646,0.9983657579427643,0.9910176755712155,0.47245686557997657,
2026090514,250,10,100,candidate_a_recency_oracle,True,0.988,3,0.275528,0.4949747468305833,0.017171717171717175,0.4292929292929293,0.07777777777777778,0.13131313131313133,0.9983650432923595,0.9910137658668441,0.45713111773290654,
2026090515,250,10,100,candidate_a_recency_oracle,True,0.988,3,0.238448,0.4306971093471606,0.020202020202020204,0.5050505050505051,0.07575757575757576,0.14242424242424243,0.9983661899021625,0.9910200388551867,0.4470544630518491,
2026090516,250,10,100,candidate_a_recency_oracle,True,1.0,0,0.23941600000000007,0.4381780460041329,0.020202020202020204,0.5050505050505051,0.07171717171717172,0.12525252525252525,0.9983662132935747,0.991020168605618,0.40344101215408096,
2026090517,250,10,100,candidate_a_recency_oracle,True,0.992,2,0.26469600000000004,0.47644516998286385,0.017171717171717175,0.4292929292929293,0.0696969696969697,0.13737373737373737,0.9983640791287535,0.991008491104411,0.5286267257646917,
2026090518,250,10,100,candidate_a_recency_oracle,True,0.988,3,0.26204000000000005,0.47381430961928533,0.022222222222222223,0.5555555555555556,0.08282828282828283,0.1525252525252525,0.9983655359398638,0.9910164636665031,0.4596401279284999,
2026090519,250,10,100,candidate_a_recency_oracle,True,0.996,1,0.258432,0.47275786614291254,0.030303030303030304,0.7575757575757576,0.09191919191919191,0.16161616161616163,0.9983710560154012,0.9910466639369194,0.41179657283742543,
2026090520,250,10,100,candidate_a_recency_oracle,True,0.996,1,0.23715200000000003,0.433589667773576,0.024242424242424246,0.6060606060606061,0.07474747474747476,0.13737373737373737,0.9983679709462518,0.9910297840569533,0.43699094150449397,
2026090501,250,10,100,candidate_b_exposure_oracle,True,0.98,5,0.2292240000000001,0.4129164564412516,0.025252525252525252,0.6313131313131313,0.07676767676767678,0.13232323232323231,0.9981309156107387,0.9897341665433789,0.31327587384636824,
2026090502,250,10,100,candidate_b_exposure_oracle,True,0.996,1,0.23076000000000008,0.41231056256176607,0.01818181818181818,0.45454545454545453,0.0696969696969697,0.1282828282828283,0.9981775358870538,0.9899889848868259,0.3438601921680843,
2026090503,250,10,100,candidate_b_exposure_oracle,True,0.988,3,0.2529920000000001,0.4516635916254486,0.030303030303030304,0.7575757575757576,0.08282828282828283,0.1525252525252525,0.9980861595191622,0.9894897161463503,0.3763633509852339,
2026090504,250,10,100,candidate_b_exposure_oracle,True,0.976,6,0.2518800000000001,0.4522167621838005,0.031313131313131314,0.7828282828282829,0.09494949494949495,0.14646464646464646,0.9981013814875442,0.9895728050093485,0.3245070562279189,
2026090505,250,10,100,candidate_b_exposure_oracle,True,0.984,4,0.26303999999999994,0.4695742752749558,0.023232323232323236,0.5808080808080808,0.08888888888888889,0.15454545454545454,0.9981038644201632,0.9895864744710532,0.37782563609512065,
2026090506,250,10,100,candidate_b_exposure_oracle,True,0.992,2,0.24740000000000006,0.44777226354476224,0.03434343434343435,0.8585858585858586,0.09393939393939395,0.13535353535353536,0.9981100780313507,0.9896204772344894,0.2899512413702318,
2026090507,250,10,100,candidate_b_exposure_oracle,True,0.988,3,0.2328079999999999,0.4171330722922842,0.026262626262626265,0.6565656565656566,0.08888888888888889,0.13535353535353536,0.9981444400432794,0.9898082150832269,0.3839031386396749,
2026090508,250,10,100,candidate_b_exposure_oracle,True,0.984,4,0.24107199999999995,0.4398863489584554,0.03232323232323232,0.8080808080808081,0.08585858585858586,0.13636363636363635,0.9981527531977644,0.9898535455595855,0.4026520460329755,
2026090509,250,10,100,candidate_b_exposure_oracle,True,0.984,4,0.26815999999999995,0.48062459362791665,0.03535353535353535,0.8838383838383839,0.08989898989898991,0.1585858585858586,0.9980798206222044,0.9894551732594818,0.37270347764225853,
2026090510,250,10,100,candidate_b_exposure_oracle,True,0.992,2,0.2361359999999999,0.4266145801540308,0.030303030303030304,0.7575757575757576,0.08888888888888889,0.13737373737373737,0.9981320246319999,0.9897403067637438,0.32810260219266385,
2026090511,250,10,100,candidate_b_exposure_oracle,True,0.992,2,0.2596480000000001,0.46583258795408466,0.03535353535353535,0.8838383838383839,0.09393939393939395,0.1525252525252525,0.9980731088356546,0.9894185101880786,0.4689683308977774,
2026090512,250,10,100,candidate_b_exposure_oracle,True,1.0,0,0.2562,0.4577116996538323,0.026262626262626265,0.6565656565656566,0.0696969696969697,0.13535353535353536,0.9981362351543142,0.9897632311388168,0.3196971610052657,
2026090513,250,10,100,candidate_b_exposure_oracle,True,1.0,0,0.253976,0.4636809247747852,0.022222222222222223,0.5555555555555556,0.08383838383838385,0.1414141414141414,0.9981450966419871,0.9898117121441683,0.4026862446497846,
2026090514,250,10,100,candidate_b_exposure_oracle,True,0.988,3,0.2607679999999999,0.46583258795408466,0.017171717171717175,0.4292929292929293,0.07575757575757576,0.12525252525252525,0.9981431958924599,0.9898013152803435,0.2894538015828993,
2026090515,250,10,100,candidate_b_exposure_oracle,True,0.988,3,0.22804000000000002,0.4104875150354758,0.031313131313131314,0.7828282828282829,0.08080808080808081,0.14040404040404042,0.9981293760540794,0.9897259536794827,0.25632752170518336,
2026090516,250,10,100,candidate_b_exposure_oracle,True,1.0,0,0.22999999999999998,0.4183300132670378,0.025252525252525252,0.6313131313131313,0.0797979797979798,0.1292929292929293,0.9981508798213157,0.9898433056567215,0.336868649494435,
2026090517,250,10,100,candidate_b_exposure_oracle,True,0.992,2,0.260424,0.4685082710048991,0.023232323232323236,0.5808080808080808,0.07575757575757576,0.13636363636363635,0.9981425889452332,0.9897980641073043,0.41069232883989204,
2026090518,250,10,100,candidate_b_exposure_oracle,True,0.988,3,0.2511840000000001,0.4527692569068708,0.030303030303030304,0.7575757575757576,0.08686868686868686,0.14747474747474748,0.9981057289917217,0.9895967206436269,0.3136939039193364,
2026090519,250,10,100,candidate_b_exposure_oracle,True,1.0,0,0.24384000000000006,0.4460941604639092,0.03434343434343435,0.8585858585858586,0.08989898989898991,0.15656565656565657,0.9981247194657189,0.9897003816158724,0.43209492234480795,
2026090520,250,10,100,candidate_b_exposure_oracle,True,1.0,0,0.2263599999999999,0.4153311931459037,0.026262626262626265,0.6565656565656566,0.0787878787878788,0.13232323232323231,0.9981402531972315,0.989785174345203,0.37418517431087517,
2026090501,250,10,100,candidate_c_opportunity,False,0.98,5,0.24931999999999999,0.4577116996538323,0.03232323232323232,0.8080808080808081,0.08787878787878789,0.14949494949494951,0.9972366233518677,0.9848604045085949,0.07279009093125144,
2026090502,250,10,100,candidate_c_opportunity,False,0.996,1,0.23954399999999998,0.4301162633521313,0.024242424242424246,0.6060606060606061,0.08686868686868686,0.14949494949494951,0.9973281585106206,0.9853580802062766,0.030035174152750123,
2026090503,250,10,100,candidate_c_opportunity,False,0.988,3,0.2672239999999999,0.47696960070847283,0.03636363636363636,0.9090909090909091,0.09696969696969697,0.17575757575757578,0.9972028231119183,0.984676831459643,0.16866615634262788,
2026090504,250,10,100,candidate_c_opportunity,False,0.968,8,0.26737600000000006,0.48166378315169184,0.03232323232323232,0.8080808080808081,0.1111111111111111,0.1676767676767677,0.9971512778119656,0.9843965301550531,0.14499140893832665,
2026090505,250,10,100,candidate_c_opportunity,False,0.972,7,0.272672,0.4847679857416329,0.031313131313131314,0.7828282828282829,0.10505050505050506,0.16464646464646465,0.9972768009508478,0.985078736461638,0.13197704936332252,
2026090506,250,10,100,candidate_c_opportunity,False,0.984,4,0.26864,0.49244289008980524,0.03838383838383839,0.9595959595959596,0.10101010101010101,0.14545454545454545,0.9972273362079112,0.9848100743870971,0.15656246433986767,
2026090507,250,10,100,candidate_c_opportunity,False,0.988,3,0.250904,0.4466542286825459,0.029292929292929298,0.7323232323232324,0.09292929292929294,0.14444444444444446,0.9972367106612972,0.9848612623741405,0.22313586260078405,
2026090508,250,10,100,candidate_c_opportunity,False,0.984,4,0.257304,0.46475800154489005,0.03838383838383839,0.9595959595959596,0.09696969696969697,0.16161616161616163,0.9972256143036536,0.9848005855742022,0.13641882817797757,
2026090509,250,10,100,candidate_c_opportunity,False,0.98,5,0.2874000000000001,0.5181698563212646,0.04141414141414142,1.0353535353535352,0.10404040404040404,0.17676767676767677,0.9972382731538392,0.9848694763392071,0.17223889464876582,
2026090510,250,10,100,candidate_c_opportunity,False,0.984,4,0.25018399999999996,0.44777226354476224,0.03535353535353535,0.8838383838383839,0.1,0.15555555555555556,0.997249755186141,0.9849317385861777,0.16525703573266887,
2026090511,250,10,100,candidate_c_opportunity,False,0.984,4,0.281768,0.5024937810560445,0.03535353535353535,0.8838383838383839,0.10606060606060606,0.17272727272727273,0.9971389172469423,0.9843293619029931,0.2452248239829143,
2026090512,250,10,100,candidate_c_opportunity,False,0.996,1,0.26270400000000005,0.47592016137163173,0.026262626262626265,0.6565656565656566,0.08282828282828283,0.14949494949494951,0.9972718443161032,0.9850518203077491,0.18555569163308339,
2026090513,250,10,100,candidate_c_opportunity,False,0.996,1,0.2534479999999999,0.4604345773288535,0.022222222222222223,0.5555555555555556,0.09292929292929294,0.15555555555555556,0.9972864040642797,0.9851309978258382,0.13579576429655063,
2026090514,250,10,100,candidate_c_opportunity,False,0.988,3,0.28212799999999993,0.506458290484024,0.019191919191919194,0.4797979797979798,0.08787878787878789,0.14040404040404042,0.9972383924374619,0.984870096901222,0.04718287114568995,
2026090515,250,10,100,candidate_c_opportunity,False,0.988,3,0.24883199999999994,0.45,0.03636363636363636,0.9090909090909091,0.09696969696969697,0.16666666666666666,0.9972399801012819,0.9848787981660582,0.17434086343741553,
2026090516,250,10,100,candidate_c_opportunity,False,0.996,1,0.24868,0.4577116996538323,0.030303030303030304,0.7575757575757576,0.08989898989898991,0.1505050505050505,0.9972524932027049,0.9849465793232903,0.06753239023838062,
2026090517,250,10,100,candidate_c_opportunity,False,0.992,2,0.26492000000000004,0.47644516998286385,0.025252525252525252,0.6313131313131313,0.08989898989898991,0.15353535353535355,0.9972225167426759,0.9847835413467846,0.20772404246981463,
2026090518,250,10,100,candidate_c_opportunity,False,0.98,5,0.26148799999999994,0.4695742752749558,0.03636363636363636,0.9090909090909091,0.1,0.16464646464646465,0.9971688019251342,0.9844920182317887,0.03566694093095058,
2026090519,250,10,100,candidate_c_opportunity,False,1.0,0,0.26244,0.47749345545253286,0.04141414141414142,1.0353535353535352,0.10606060606060606,0.18080808080808083,0.9972415469480453,0.9848869715264422,0.23702599753475734,
2026090520,250,10,100,candidate_c_opportunity,False,1.0,0,0.251328,0.4538722287164087,0.030303030303030304,0.7575757575757576,0.09191919191919191,0.14747474747474748,0.9972148769891457,0.9847421105291678,0.1714578682655081,
2026090501,250,30,100,true_random,False,1.0,0,0.15060266666666666,0.2693613846778256,0.11784511784511784,0.9820426487093155,0.3114478114478114,0.45555555555555555,1.0,0.9999999999999996,,
2026090502,250,30,100,true_random,False,1.0,0,0.14360799999999996,0.25495097567963926,0.1111111111111111,0.9259259259259259,0.298989898989899,0.45521885521885525,1.0,0.9999999999999996,,
2026090503,250,30,100,true_random,False,1.0,0,0.14473866666666657,0.2577681990557494,0.11346801346801345,0.9455667789001123,0.3148148148148148,0.4585858585858586,1.0,0.9999999999999996,,
2026090504,250,30,100,true_random,False,1.0,0,0.1509706666666666,0.26812103402920273,0.12693602693602693,1.0578002244668911,0.3191919191919192,0.4585858585858586,1.0,0.9999999999999996,,
2026090505,250,30,100,true_random,False,1.0,0,0.15048266666666676,0.26770630673681683,0.12760942760942762,1.0634118967452302,0.32255892255892255,0.46565656565656566,1.0,0.9999999999999996,,
2026090506,250,30,100,true_random,False,1.0,0,0.16105866666666668,0.28684103224221214,0.1202020202020202,1.0016835016835017,0.3117845117845118,0.45521885521885525,1.0,0.9999999999999996,,
2026090507,250,30,100,true_random,False,1.0,0,0.14568000000000003,0.2574447081953284,0.11952861952861954,0.9960718294051628,0.31582491582491584,0.4632996632996633,1.0,0.9999999999999996,,
2026090508,250,30,100,true_random,False,1.0,0,0.14780799999999994,0.26023493659042446,0.1202020202020202,1.0016835016835017,0.3084175084175084,0.46060606060606063,1.0,0.9999999999999996,,
2026090509,250,30,100,true_random,False,1.0,0,0.15727466666666667,0.27898626011567906,0.12222222222222222,1.0185185185185186,0.31885521885521884,0.47138047138047134,1.0,0.9999999999999996,,
2026090510,250,30,100,true_random,False,1.0,0,0.14805866666666656,0.2633122354417533,0.1090909090909091,0.9090909090909091,0.32356902356902356,0.46464646464646464,1.0,0.9999999999999996,,
2026090511,250,30,100,true_random,False,1.0,0,0.16416266666666668,0.2932575659723036,0.11380471380471381,0.9483726150392817,0.327946127946128,0.47003367003367,1.0,0.9999999999999996,,
2026090512,250,30,100,true_random,False,1.0,0,0.1450906666666667,0.2576604138956718,0.12188552188552189,1.015712682379349,0.31313131313131315,0.46296296296296297,1.0,0.9999999999999996,,
2026090513,250,30,100,true_random,False,1.0,0,0.15071466666666655,0.2696705809357451,0.11986531986531987,0.9988776655443322,0.30572390572390573,0.4501683501683502,1.0,0.9999999999999996,,
2026090514,250,30,100,true_random,False,1.0,0,0.15883733333333327,0.2833333333333333,0.11481481481481481,0.9567901234567902,0.30336700336700334,0.4565656565656566,1.0,0.9999999999999996,,
2026090515,250,30,100,true_random,False,1.0,0,0.16102400000000006,0.28732482586013264,0.12525252525252525,1.043771043771044,0.3185185185185185,0.4666666666666667,1.0,0.9999999999999996,,
2026090516,250,30,100,true_random,False,1.0,0,0.1404453333333333,0.2516611478423583,0.12323232323232322,1.026936026936027,0.31885521885521884,0.46094276094276093,1.0,0.9999999999999996,,
2026090517,250,30,100,true_random,False,1.0,0,0.14382933333333336,0.25495097567963926,0.11616161616161616,0.9680134680134681,0.31313131313131315,0.46161616161616165,1.0,0.9999999999999996,,
2026090518,250,30,100,true_random,False,1.0,0,0.15389600000000003,0.27588242262078083,0.11346801346801345,0.9455667789001123,0.30976430976430974,0.4602693602693602,1.0,0.9999999999999996,,
2026090519,250,30,100,true_random,False,1.0,0,0.150536,0.26801741236966925,0.12121212121212122,1.0101010101010102,0.3151515151515151,0.46094276094276093,1.0,0.9999999999999996,,
2026090520,250,30,100,true_random,False,1.0,0,0.1480986666666666,0.2648899142411177,0.12053872053872054,1.0044893378226711,0.31986531986531985,0.4727272727272727,1.0,0.9999999999999996,,
2026090501,250,30,100,candidate_a_recency_oracle,True,1.0,0,0.13115999999999994,0.2338090388900024,0.07508417508417509,0.6257014590347924,0.24814814814814815,0.4053872053872054,0.9965468315566297,0.9811161461264417,0.3492899183861366,
2026090502,250,30,100,candidate_a_recency_oracle,True,1.0,0,0.1260159999999999,0.22656860623955236,0.07171717171717171,0.5976430976430976,0.23703703703703702,0.40875420875420876,0.9965476649003152,0.981120647248879,0.26227238442529427,
2026090503,250,30,100,candidate_a_recency_oracle,True,1.0,0,0.12631199999999998,0.22410315085295482,0.07878787878787878,0.6565656565656566,0.25993265993265996,0.42121212121212126,0.996533798381427,0.9810455521237231,0.2881355839195682,
2026090504,250,30,100,candidate_a_recency_oracle,True,1.0,0,0.14014666666666664,0.24776781245530843,0.08484848484848485,0.7070707070707071,0.25791245791245787,0.41515151515151516,0.9965407158750648,0.9810829841986544,0.3183243184696014,
2026090505,250,30,100,candidate_a_recency_oracle,True,1.0,0,0.1346400000000001,0.23979157616563598,0.08047138047138047,0.6705948372615039,0.2595959595959596,0.4185185185185185,0.9965397282176258,0.9810776492157467,0.35940690063333625,
2026090506,250,30,100,candidate_a_recency_oracle,True,1.0,0,0.13335466666666673,0.23511226632776475,0.0771043771043771,0.6425364758698092,0.2518518518518518,0.4090909090909091,0.9965407628882146,0.9810832607405797,0.28147435378465163,
2026090507,250,30,100,candidate_a_recency_oracle,True,1.0,0,0.13160799999999995,0.23475755815545343,0.07811447811447811,0.6509539842873177,0.2545454545454545,0.41885521885521887,0.9965360136963729,0.9810575285884211,0.18221632388500728,
2026090508,250,30,100,candidate_a_recency_oracle,True,1.0,0,0.12518133333333337,0.22060522810365732,0.07643097643097643,0.6369248035914703,0.2505050505050505,0.4158249158249158,0.9965430991839109,0.9810959133481184,0.16818756557232842,
2026090509,250,30,100,candidate_a_recency_oracle,True,1.0,0,0.13720266666666658,0.24562844569254053,0.08451178451178451,0.7042648709315377,0.25252525252525254,0.4185185185185185,0.9965411745269505,0.981085489924821,0.2932949796788186,
2026090510,250,30,100,candidate_a_recency_oracle,True,1.0,0,0.13041066666666667,0.23190036174568116,0.07205387205387206,0.6004489337822672,0.25892255892255894,0.42154882154882156,0.9965339819557647,0.981046539501633,0.22523009965471733,
2026090511,250,30,100,candidate_a_recency_oracle,True,1.0,0,0.14273599999999997,0.25668831077571275,0.07744107744107745,0.6453423120089787,0.26936026936026936,0.4222222222222222,0.9965256932934927,0.9810016415740518,0.265075670356381,
2026090512,250,30,100,candidate_a_recency_oracle,True,1.0,0,0.13058400000000003,0.23202011407059805,0.07643097643097643,0.6369248035914703,0.24377104377104378,0.41784511784511785,0.9965408465025034,0.981083704596528,0.2674787363916973,
2026090513,250,30,100,candidate_a_recency_oracle,True,1.0,0,0.13292533333333334,0.23734644158557197,0.07542087542087542,0.6285072951739619,0.2414141414141414,0.40875420875420876,0.9965490906170426,0.9811283681569468,0.2964979138220597,
2026090514,250,30,100,candidate_a_recency_oracle,True,1.0,0,0.14029066666666656,0.24910952522044505,0.07205387205387206,0.6004489337822672,0.2447811447811448,0.41346801346801343,0.9965392802605868,0.9810752275923887,0.2759010145179146,
2026090515,250,30,100,candidate_a_recency_oracle,True,1.0,0,0.13679200000000002,0.24289915602982237,0.07643097643097643,0.6369248035914703,0.25521885521885523,0.4158249158249158,0.9965441851871192,0.9811017949464795,0.3269561412295845,
2026090516,250,30,100,candidate_a_recency_oracle,True,1.0,0,0.12335466666666672,0.22010098692292238,0.08215488215488215,0.6846240179573514,0.2595959595959596,0.41447811447811445,0.9965433912290339,0.9810974948001865,0.28155097228795184,
2026090517,250,30,100,candidate_a_recency_oracle,True,1.0,0,0.12562133333333336,0.22447469543110843,0.07441077441077441,0.6200897867564534,0.2488215488215488,0.41144781144781145,0.9965451086206619,0.9811067995560075,0.2891202047881814,
2026090518,250,30,100,candidate_a_recency_oracle,True,1.0,0,0.13382133333333335,0.241522945769824,0.07104377104377105,0.5920314253647587,0.24983164983164985,0.4158249158249158,0.9965376246300306,0.9810662564436987,0.26581577743422774,
2026090519,250,30,100,candidate_a_recency_oracle,True,1.0,0,0.13693599999999995,0.24301348842308232,0.07777777777777778,0.6481481481481483,0.25353535353535356,0.41649831649831653,0.9965446639315281,0.9811044007644457,0.3376235447471443,
2026090520,250,30,100,candidate_a_recency_oracle,True,1.0,0,0.12657866666666662,0.2274252013788758,0.07441077441077441,0.6200897867564534,0.25353535353535356,0.42323232323232324,0.996540332685242,0.9810809314853044,0.24489598877682486,
2026090501,250,30,100,candidate_b_exposure_oracle,True,1.0,0,0.11605866666666675,0.20669354663903328,0.0861952861952862,0.718294051627385,0.2518518518518518,0.3969696969696969,0.9953408477816826,0.9746095262742113,0.3606812712900119,
2026090502,250,30,100,candidate_b_exposure_oracle,True,1.0,0,0.11018933333333325,0.197484176581315,0.07912457912457913,0.6593714927048261,0.2404040404040404,0.39764309764309763,0.9954472645928033,0.9751823383210793,0.2931263289155695,
2026090503,250,30,100,candidate_b_exposure_oracle,True,1.0,0,0.11238933333333323,0.19972202905260325,0.08754208754208753,0.7295173961840629,0.2572390572390572,0.4084175084175084,0.9952513042817605,0.9741285845952159,0.3489768499231723,
2026090504,250,30,100,candidate_b_exposure_oracle,True,1.0,0,0.12131466666666668,0.21512270400350073,0.09494949494949495,0.7912457912457913,0.25521885521885523,0.3996632996632996,0.9952813633372919,0.9742898507862943,0.3102001495673727,
2026090505,250,30,100,candidate_b_exposure_oracle,True,1.0,0,0.11670133333333332,0.20789954839350233,0.08956228956228957,0.7463524130190796,0.2632996632996633,0.40875420875420876,0.9952701215628251,0.9742295850937716,0.37613390800772634,
2026090506,250,30,100,candidate_b_exposure_oracle,True,1.0,0,0.11882933333333323,0.21055482263138345,0.0882154882154882,0.7351290684624019,0.2548821548821549,0.3962962962962963,0.9953089438485104,0.974438801812989,0.35394610065931165,
2026090507,250,30,100,candidate_b_exposure_oracle,True,1.0,0,0.11743999999999999,0.20923139768633622,0.08989898989898991,0.7491582491582492,0.2548821548821549,0.4053872053872054,0.9952183792383231,0.9739522682230043,0.22364015125769865,
2026090508,250,30,100,candidate_b_exposure_oracle,True,1.0,0,0.10680533333333342,0.18988300491501486,0.08383838383838385,0.6986531986531987,0.24713804713804713,0.397979797979798,0.9954384130730743,0.9751347982748814,0.2136836991142906,
2026090509,250,30,100,candidate_b_exposure_oracle,True,1.0,0,0.12128266666666665,0.21628170930011115,0.08821548821548822,0.7351290684624019,0.2478114478114478,0.40875420875420876,0.9953458055973785,0.9746361512421834,0.32451439583019176,
2026090510,250,30,100,candidate_b_exposure_oracle,True,1.0,0,0.11225599999999991,0.1987460691435179,0.08047138047138047,0.6705948372615039,0.25555555555555554,0.40404040404040403,0.9953862780510625,0.9748545548269625,0.28881304358691545,
2026090511,250,30,100,candidate_b_exposure_oracle,True,1.0,0,0.12315466666666675,0.22123391341393492,0.08653198653198653,0.7210998877665544,0.27003367003367007,0.4127946127946128,0.9951846550773418,0.9737709891208327,0.4002964115475343,
2026090512,250,30,100,candidate_b_exposure_oracle,True,1.0,0,0.11045599999999989,0.19621416870348585,0.08989898989898991,0.7491582491582492,0.24444444444444444,0.4063973063973064,0.9953532484622556,0.9746764822237977,0.35925141550809897,
2026090513,250,30,100,candidate_b_exposure_oracle,True,1.0,0,0.11630666666666656,0.2085665361461421,0.08282828282828282,0.6902356902356902,0.23872053872053872,0.3956228956228956,0.9954472900047655,0.975182209808999,0.42301490578985523,
2026090514,250,30,100,candidate_b_exposure_oracle,True,1.0,0,0.11828533333333335,0.2123937642943199,0.08148148148148147,0.6790123456790124,0.24983164983164985,0.4003367003367003,0.9953604308270937,0.9747150877020477,0.37416440285643043,
2026090515,250,30,100,candidate_b_exposure_oracle,True,1.0,0,0.12299466666666659,0.21781745670272723,0.08316498316498315,0.6930415263748597,0.2548821548821549,0.4006734006734006,0.9953555553022576,0.9746895264178584,0.37279157025952026,
2026090516,250,30,100,candidate_b_exposure_oracle,True,1.0,0,0.1062320000000001,0.19177533151523365,0.08552188552188553,0.712682379349046,0.25555555555555554,0.4026936026936027,0.9953440573796354,0.9746273141583075,0.29132818852046344,
2026090517,250,30,100,candidate_b_exposure_oracle,True,1.0,0,0.10979199999999989,0.1956470745443892,0.08754208754208753,0.7295173961840629,0.2515151515151515,0.40134680134680134,0.9953725280157731,0.9747804403830804,0.35486564876505816,
2026090518,250,30,100,candidate_b_exposure_oracle,True,1.0,0,0.1180053333333333,0.21408720964441882,0.07912457912457913,0.6593714927048261,0.24713804713804713,0.40774410774410774,0.9953343967357516,0.9745750599036083,0.2847311088370088,
2026090519,250,30,100,candidate_b_exposure_oracle,True,1.0,0,0.11477066666666658,0.20385179801894207,0.0872053872053872,0.7267115600448933,0.2542087542087542,0.40774410774410774,0.9953583420961744,0.9747040311473536,0.37454788143552126,
2026090520,250,30,100,candidate_b_exposure_oracle,True,1.0,0,0.11109600000000008,0.19832633040858025,0.08249158249158249,0.6874298540965208,0.25521885521885523,0.41346801346801343,0.9952961466690935,0.9743691919898921,0.34082845318475463,
2026090501,250,30,100,candidate_c_opportunity,False,1.0,0,0.130984,0.23416518386244642,0.0983164983164983,0.819304152637486,0.27474747474747474,0.4158249158249158,0.9972366233518677,0.9848604045085949,0.12387791245794663,
2026090502,250,30,100,candidate_c_opportunity,False,1.0,0,0.12936799999999993,0.2338090388900024,0.09191919191919191,0.7659932659932661,0.26430976430976433,0.42457912457912456,0.9973281585106206,0.9853580802062766,0.12340563822619371,
2026090503,250,30,100,candidate_c_opportunity,False,1.0,0,0.12784533333333337,0.22815686611530137,0.09427609427609428,0.7856341189674524,0.2814814814814815,0.4316498316498317,0.9972028231119183,0.984676831459643,0.17942298357168163,
2026090504,250,30,100,candidate_c_opportunity,False,1.0,0,0.1432,0.2539685019840059,0.10606060606060606,0.8838383838383839,0.2818181818181818,0.4292929292929293,0.9971512778119656,0.9843965301550531,0.18149604666830957,
2026090505,250,30,100,candidate_c_opportunity,False,1.0,0,0.13451199999999996,0.23955978145107934,0.10235690235690235,0.8529741863075196,0.2895622895622896,0.4313131313131313,0.9972768009508478,0.985078736461638,0.22697124373791508,
2026090506,250,30,100,candidate_c_opportunity,False,1.0,0,0.13619466666666669,0.24163792932585912,0.10033670033670034,0.8361391694725029,0.2804713804713805,0.4259259259259259,0.9972273362079112,0.9848100743870971,0.2910671900355534,
2026090507,250,30,100,candidate_c_opportunity,False,1.0,0,0.13436533333333323,0.23839742727918298,0.10168350168350168,0.8473625140291806,0.2804713804713805,0.436026936026936,0.9972367106612972,0.9848612623741405,0.14646896410068297,
2026090508,250,30,100,candidate_c_opportunity,False,1.0,0,0.12975466666666668,0.22961320132392696,0.10437710437710439,0.8698092031425365,0.2781144781144781,0.4313131313131313,0.9972256143036536,0.9848005855742022,0.18967984187697248,
2026090509,250,30,100,candidate_c_opportunity,False,1.0,0,0.13667733333333332,0.2417528581929166,0.10336700336700336,0.8613916947250282,0.2754208754208754,0.432996632996633,0.9972382731538392,0.9848694763392071,0.2106090895955482,
2026090510,250,30,100,candidate_c_opportunity,False,1.0,0,0.1348799999999999,0.23944379994757295,0.09326599326599326,0.7772166105499438,0.2851851851851852,0.4407407407407407,0.997249755186141,0.9849317385861777,0.24764759869099032,
2026090511,250,30,100,candidate_c_opportunity,False,1.0,0,0.14570933333333325,0.2597006824104327,0.09595959595959595,0.7996632996632997,0.2882154882154882,0.4393939393939394,0.9971389172469423,0.9843293619029931,0.3439934204979904,
2026090512,250,30,100,candidate_c_opportunity,False,1.0,0,0.12963199999999997,0.23118054512532937,0.09932659932659933,0.8277216610549943,0.27575757575757576,0.43468013468013467,0.9972718443161032,0.9850518203077491,0.318500637868691,
2026090513,250,30,100,candidate_c_opportunity,False,1.0,0,0.1354293333333334,0.2419825521717538,0.09595959595959595,0.7996632996632997,0.27306397306397306,0.4228956228956229,0.9972864040642797,0.9851309978258382,0.33306110957690105,
2026090514,250,30,100,candidate_c_opportunity,False,1.0,0,0.13786666666666658,0.24596747752497686,0.09326599326599327,0.7772166105499438,0.267003367003367,0.4198653198653199,0.9972383924374619,0.984870096901222,0.2092046120974363,
2026090515,250,30,100,candidate_c_opportunity,False,1.0,0,0.14268799999999993,0.2534210374499762,0.09764309764309764,0.8136924803591471,0.27946127946127947,0.4292929292929293,0.9972399801012819,0.9848787981660582,0.2213534935935334,
2026090516,250,30,100,candidate_c_opportunity,False,1.0,0,0.12080000000000002,0.21768989156340926,0.09966329966329966,0.830527497194164,0.2831649831649831,0.4292929292929293,0.9972524932027049,0.9849465793232903,0.09108167125416117,
2026090517,250,30,100,candidate_c_opportunity,False,1.0,0,0.12261866666666665,0.21908902300206645,0.09595959595959595,0.7996632996632997,0.2781144781144781,0.43097643097643096,0.9972225167426759,0.9847835413467846,0.1952071896322525,
2026090518,250,30,100,candidate_c_opportunity,False,1.0,0,0.13392800000000005,0.2414079074466654,0.09158249158249158,0.7631874298540965,0.2737373737373737,0.4353535353535354,0.9971688019251342,0.9844920182317887,0.16404869149105344,
2026090519,250,30,100,candidate_c_opportunity,False,1.0,0,0.1418773333333334,0.2518818064975008,0.098989898989899,0.8249158249158249,0.2781144781144781,0.4323232323232323,0.9972415469480453,0.9848869715264422,0.3294952918854253,
2026090520,250,30,100,candidate_c_opportunity,False,1.0,0,0.12407999999999997,0.2229848026709942,0.0962962962962963,0.8024691358024691,0.27845117845117845,0.4387205387205387,0.9972148769891457,0.9847421105291678,0.26602417506694254,
2026090501,250,50,100,true_random,False,1.0,0,0.11024480000000003,0.1968755952371954,0.20484848484848486,1.0242424242424242,0.48525252525252527,0.6563636363636364,1.0,0.9999999999999996,,
2026090502,250,50,100,true_random,False,1.0,0,0.10923520000000009,0.1932873508535931,0.19676767676767679,0.9838383838383837,0.478989898989899,0.6563636363636364,1.0,0.9999999999999996,,
2026090503,250,50,100,true_random,False,1.0,0,0.10901439999999996,0.19349418595916518,0.20161616161616164,1.0080808080808081,0.4919191919191919,0.6652525252525252,1.0,0.9999999999999996,,
2026090504,250,50,100,true_random,False,1.0,0,0.11735680000000004,0.20985709423319482,0.2084848484848485,1.0424242424242423,0.497979797979798,0.6656565656565657,1.0,0.9999999999999996,,
2026090505,250,50,100,true_random,False,1.0,0,0.11239840000000001,0.20014994379214798,0.1997979797979798,0.9989898989898989,0.4832323232323233,0.6638383838383838,1.0,0.9999999999999996,,
2026090506,250,50,100,true_random,False,1.0,0,0.11227199999999993,0.19954949260772376,0.20262626262626263,1.013131313131313,0.4882828282828283,0.6585858585858586,1.0,0.9999999999999996,,
2026090507,250,50,100,true_random,False,1.0,0,0.11091680000000004,0.200549245822566,0.20464646464646466,1.0232323232323233,0.48969696969696974,0.6670707070707071,1.0,0.9999999999999996,,
2026090508,250,50,100,true_random,False,1.0,0,0.10956319999999997,0.193700800204852,0.19717171717171716,0.9858585858585858,0.4802020202020202,0.6628282828282829,1.0,0.9999999999999996,,
2026090509,250,50,100,true_random,False,1.0,0,0.11414400000000002,0.20721969018411354,0.20565656565656565,1.0282828282828282,0.48181818181818187,0.6648484848484849,1.0,0.9999999999999996,,
2026090510,250,50,100,true_random,False,1.0,0,0.09732000000000007,0.1774823934929885,0.20303030303030303,1.0151515151515151,0.4947474747474747,0.6567676767676768,1.0,0.9999999999999996,,
2026090511,250,50,100,true_random,False,1.0,0,0.12251680000000009,0.21780725424099173,0.20505050505050507,1.0252525252525253,0.48848484848484847,0.6597979797979798,1.0,0.9999999999999996,,
2026090512,250,50,100,true_random,False,1.0,0,0.11060960000000009,0.19544820285692063,0.19575757575757574,0.9787878787878787,0.47474747474747475,0.6567676767676768,1.0,0.9999999999999996,,
2026090513,250,50,100,true_random,False,1.0,0,0.10657120000000009,0.1907354188398159,0.19454545454545455,0.9727272727272727,0.4781818181818182,0.6525252525252525,1.0,0.9999999999999996,,
2026090514,250,50,100,true_random,False,1.0,0,0.11126879999999995,0.19979989989987484,0.1987878787878788,0.9939393939393939,0.4719191919191919,0.6553535353535354,1.0,0.9999999999999996,,
2026090515,250,50,100,true_random,False,1.0,0,0.1186448,0.21104501889407387,0.2103030303030303,1.0515151515151515,0.49050505050505055,0.6593939393939394,1.0,0.9999999999999996,,
2026090516,250,50,100,true_random,False,1.0,0,0.1053599999999999,0.1897893569197177,0.20606060606060606,1.0303030303030303,0.4876767676767677,0.6668686868686868,1.0,0.9999999999999996,,
2026090517,250,50,100,true_random,False,1.0,0,0.09998400000000007,0.17838161340227865,0.19757575757575757,0.9878787878787878,0.4862626262626263,0.6555555555555556,1.0,0.9999999999999996,,
2026090518,250,50,100,true_random,False,1.0,0,0.11827359999999998,0.21071307505705478,0.2018181818181818,1.009090909090909,0.4842424242424242,0.667878787878788,1.0,0.9999999999999996,,
2026090519,250,50,100,true_random,False,1.0,0,0.11491680000000004,0.2030763403255042,0.20242424242424242,1.0121212121212122,0.48040404040404044,0.6585858585858586,1.0,0.9999999999999996,,
2026090520,250,50,100,true_random,False,1.0,0,0.1173744000000001,0.20942779185198895,0.20222222222222222,1.011111111111111,0.4886868686868687,0.6701010101010101,1.0,0.9999999999999996,,
2026090501,250,50,100,candidate_a_recency_oracle,True,1.0,0,0.09184320000000001,0.16492422502470644,0.14323232323232324,0.7161616161616161,0.4305050505050505,0.6349494949494949,0.9959427839455453,0.9778508437979219,0.23711664841179786,
2026090502,250,50,100,candidate_a_recency_oracle,True,1.0,0,0.09040800000000004,0.1614930339054908,0.13696969696969696,0.6848484848484848,0.4165656565656566,0.6321212121212121,0.995980937951371,0.9780568402577198,0.09296457750846954,
2026090503,250,50,100,candidate_a_recency_oracle,True,1.0,0,0.08907679999999996,0.15962455951387933,0.13777777777777778,0.6888888888888889,0.43454545454545457,0.644040404040404,0.9959155650015107,0.9777038502538218,0.25473626403279137,
2026090504,250,50,100,candidate_a_recency_oracle,True,1.0,0,0.09768639999999995,0.17487138130637614,0.14949494949494951,0.7474747474747475,0.4408080808080808,0.6446464646464647,0.9958993796537381,0.9776164846314458,0.19251854844727762,
2026090505,250,50,100,candidate_a_recency_oracle,True,1.0,0,0.09249280000000004,0.16498484778912276,0.14666666666666667,0.7333333333333333,0.4288888888888889,0.6426262626262625,0.995923510751141,0.9777467428714585,0.19959352009288228,
2026090506,250,50,100,candidate_a_recency_oracle,True,1.0,0,0.09426240000000008,0.16679328523654663,0.14444444444444446,0.7222222222222222,0.4351515151515151,0.6383838383838384,0.995918309788983,0.9777186569503903,0.22289979231768917,
2026090507,250,50,100,candidate_a_recency_oracle,True,1.0,0,0.09442559999999989,0.17158088471621774,0.14202020202020202,0.7101010101010101,0.4284848484848485,0.6458585858585858,0.9959304530921466,0.9777842008570664,0.153335299308246,
2026090508,250,50,100,candidate_a_recency_oracle,True,1.0,0,0.09620640000000003,0.17041126723312633,0.1387878787878788,0.693939393939394,0.4226262626262627,0.644040404040404,0.9959546275947231,0.9779147926158189,0.1889260562169576,
2026090509,250,50,100,candidate_a_recency_oracle,True,1.0,0,0.09373919999999991,0.17128922908344238,0.1480808080808081,0.7404040404040404,0.42989898989898995,0.6424242424242425,0.995934902765975,0.9778083180190442,0.20935204991253095,
2026090510,250,50,100,candidate_a_recency_oracle,True,1.0,0,0.08531840000000002,0.15349267083479914,0.13515151515151516,0.6757575757575757,0.4387878787878788,0.6393939393939394,0.9959375978414271,0.9778227955381776,0.23722694434619018,
2026090511,250,50,100,candidate_a_recency_oracle,True,1.0,0,0.1046111999999999,0.185903200617956,0.14424242424242426,0.7212121212121211,0.43272727272727274,0.6412121212121212,0.9959351350451453,0.9778094926038818,0.21937153920919414,
2026090512,250,50,100,candidate_a_recency_oracle,True,1.0,0,0.09264640000000002,0.16443843832875574,0.14040404040404042,0.702020202020202,0.42,0.644040404040404,0.9959536670308737,0.9779096493788441,0.23150829912561005,
2026090513,250,50,100,candidate_a_recency_oracle,True,1.0,0,0.0912672000000001,0.16235762994081923,0.14020202020202022,0.701010101010101,0.4218181818181818,0.6361616161616162,0.9959635776200189,0.9779631490382321,0.28946105781767806,
2026090514,250,50,100,candidate_a_recency_oracle,True,1.0,0,0.09790560000000004,0.17401149387324966,0.1395959595959596,0.6979797979797979,0.415959595959596,0.636969696969697,0.9959624094499826,0.9779567201734382,0.1617747820018553,
2026090515,250,50,100,candidate_a_recency_oracle,True,1.0,0,0.0961824,0.17169740825067803,0.14222222222222222,0.711111111111111,0.4270707070707071,0.6381818181818182,0.9959622261131139,0.9779558246735544,0.21809436224370482,
2026090516,250,50,100,candidate_a_recency_oracle,True,1.0,0,0.0891824000000001,0.16112107248898264,0.14707070707070707,0.7353535353535353,0.43212121212121213,0.6434343434343435,0.9959331131061866,0.9777985503454515,0.18618662786542747,
2026090517,250,50,100,candidate_a_recency_oracle,True,1.0,0,0.09012639999999994,0.16217274740226856,0.14424242424242426,0.7212121212121211,0.4288888888888889,0.6367676767676768,0.9959430383711931,0.9778521666840877,0.1942444381757459,
2026090518,250,50,100,candidate_a_recency_oracle,True,1.0,0,0.0976608000000001,0.17492855684535902,0.14424242424242423,0.7212121212121211,0.4270707070707071,0.642020202020202,0.9959377748840125,0.9778237297598968,0.17954068605967835,
2026090519,250,50,100,candidate_a_recency_oracle,True,1.0,0,0.09847519999999998,0.17378147196982768,0.1416161616161616,0.708080808080808,0.4226262626262627,0.641010101010101,0.9959354236360543,0.9778110757718251,0.17211812489759992,
2026090520,250,50,100,candidate_a_recency_oracle,True,1.0,0,0.09701439999999995,0.1728004629623428,0.14181818181818182,0.7090909090909091,0.43090909090909096,0.6476767676767677,0.9959286374930926,0.9777744175413148,0.1762325671959114,
2026090501,250,50,100,candidate_b_exposure_oracle,True,1.0,0,0.07311840000000003,0.13137731919931994,0.15535353535353535,0.7767676767676767,0.4226262626262627,0.6234343434343435,0.993501853896702,0.9647701951876261,0.30253508809437024,
2026090502,250,50,100,candidate_b_exposure_oracle,True,1.0,0,0.0671024,0.1200833044182246,0.14565656565656565,0.7282828282828282,0.41454545454545455,0.618989898989899,0.9938441321874402,0.9665943429830709,0.16862024526064862,
2026090503,250,50,100,candidate_b_exposure_oracle,True,1.0,0,0.0703727999999999,0.1267280552995271,0.14525252525252527,0.7262626262626263,0.42727272727272725,0.6311111111111111,0.9934491767004979,0.9644907190442003,0.3784954180522537,
2026090504,250,50,100,candidate_b_exposure_oracle,True,1.0,0,0.0751440000000001,0.13438749941865874,0.1606060606060606,0.803030303030303,0.4303030303030303,0.6321212121212121,0.9932970159552232,0.9636809346499047,0.30270462805167464,
2026090505,250,50,100,candidate_b_exposure_oracle,True,1.0,0,0.07481760000000004,0.1337908816025965,0.15393939393939393,0.7696969696969698,0.41717171717171714,0.6305050505050506,0.9935575927132178,0.9650654373750744,0.31329242483703634,
2026090506,250,50,100,candidate_b_exposure_oracle,True,1.0,0,0.07493280000000002,0.13243866504914642,0.15191919191919193,0.7595959595959596,0.4256565656565657,0.6238383838383839,0.9934337009436344,0.9644079149276259,0.3728188667096209,
2026090507,250,50,100,candidate_b_exposure_oracle,True,1.0,0,0.07417600000000002,0.1337908816025965,0.14727272727272728,0.7363636363636363,0.4218181818181818,0.6303030303030303,0.9934129842582656,0.9642976263311062,0.336191975901617,
2026090508,250,50,100,candidate_b_exposure_oracle,True,1.0,0,0.07733440000000003,0.13711309200802088,0.14727272727272728,0.7363636363636363,0.41515151515151516,0.6252525252525253,0.9936960826384587,0.9658048397360871,0.3437661610697092,
2026090509,250,50,100,candidate_b_exposure_oracle,True,1.0,0,0.07306719999999989,0.13213629327327142,0.15656565656565657,0.7828282828282829,0.42343434343434344,0.6292929292929292,0.9935364700418698,0.9649558049151294,0.34826475514234045,
2026090510,250,50,100,candidate_b_exposure_oracle,True,1.0,0,0.07138240000000007,0.1300769003320728,0.14747474747474748,0.7373737373737373,0.43090909090909096,0.6272727272727273,0.993539587070747,0.9649705353550233,0.35173506000813154,
2026090511,250,50,100,candidate_b_exposure_oracle,True,1.0,0,0.08139840000000009,0.14456832294800961,0.1602020202020202,0.801010101010101,0.4256565656565657,0.6240404040404041,0.9934338308464041,0.9644075612617609,0.41261393480176967,
2026090512,250,50,100,candidate_b_exposure_oracle,True,1.0,0,0.07479999999999998,0.13304134695650072,0.14707070707070707,0.7353535353535353,0.4163636363636363,0.6290909090909091,0.9935697382735447,0.9651326581077196,0.44201878385491256,
2026090513,250,50,100,candidate_b_exposure_oracle,True,1.0,0,0.07309119999999991,0.1307669683062202,0.1496969696969697,0.7484848484848484,0.4143434343434344,0.6242424242424243,0.9937120537319457,0.9658888499568473,0.44334400378534133,
2026090514,250,50,100,candidate_b_exposure_oracle,True,1.0,0,0.0778319999999999,0.1379855064852827,0.14767676767676768,0.7383838383838384,0.4105050505050505,0.6264646464646465,0.9935443972461122,0.9649969374133732,0.38173621358548065,
2026090515,250,50,100,candidate_b_exposure_oracle,True,1.0,0,0.07503039999999994,0.13326664999166143,0.1509090909090909,0.7545454545454545,0.418989898989899,0.6222222222222222,0.9935776833383018,0.965174215056486,0.33828951353264897,
2026090516,250,50,100,candidate_b_exposure_oracle,True,1.0,0,0.0694496,0.12441864811996632,0.15676767676767675,0.7838383838383838,0.42424242424242425,0.6313131313131313,0.9934699274344585,0.9646008331926954,0.2867739572786551,
2026090517,250,50,100,candidate_b_exposure_oracle,True,1.0,0,0.0706656000000001,0.12759310326189263,0.15515151515151515,0.7757575757575758,0.42282828282828283,0.6254545454545455,0.9935927362938415,0.965254570745741,0.3448167097424165,
2026090518,250,50,100,candidate_b_exposure_oracle,True,1.0,0,0.0761712000000001,0.1363084736911099,0.15232323232323233,0.7616161616161615,0.42,0.6282828282828283,0.9934892095466858,0.9647029483423715,0.30741388876577047,
2026090519,250,50,100,candidate_b_exposure_oracle,True,1.0,0,0.07656639999999992,0.13674794331177342,0.1525252525252525,0.7626262626262627,0.4163636363636363,0.6236363636363637,0.9935323131526501,0.9649314858705934,0.3557705536321087,
2026090520,250,50,100,candidate_b_exposure_oracle,True,1.0,0,0.07809120000000003,0.13856406460551018,0.1505050505050505,0.7525252525252525,0.4218181818181818,0.6377777777777778,0.993443825449172,0.964461774137355,0.3717931205540755,
2026090501,250,50,100,candidate_c_opportunity,False,1.0,0,0.08835520000000008,0.15855598380382874,0.17414141414141415,0.8707070707070708,0.4488888888888889,0.6393939393939394,0.9972366233518677,0.9848604045085949,0.14498999944719823,
2026090502,250,50,100,candidate_c_opportunity,False,1.0,0,0.0836656,0.14973309587395833,0.16666666666666666,0.8333333333333334,0.44161616161616163,0.6341414141414141,0.9973281585106206,0.9853580802062766,0.08621703580488992,
2026090503,250,50,100,candidate_c_opportunity,False,1.0,0,0.09094559999999996,0.16136914203155447,0.1696969696969697,0.8484848484848485,0.4591919191919192,0.6486868686868686,0.9972028231119183,0.984676831459643,0.21318493548834364,
2026090504,250,50,100,candidate_c_opportunity,False,1.0,0,0.09264800000000006,0.16510602654052337,0.177979797979798,0.8898989898989899,0.46404040404040403,0.6486868686868686,0.9971512778119656,0.9843965301550531,0.24950716372166568,
2026090505,250,50,100,candidate_c_opportunity,False,1.0,0,0.09069919999999998,0.16143109985377663,0.1703030303030303,0.8515151515151514,0.44929292929292935,0.6458585858585858,0.9972768009508478,0.985078736461638,0.24189020267989877,
2026090506,250,50,100,candidate_c_opportunity,False,1.0,0,0.09514080000000003,0.16935170504013236,0.1793939393939394,0.896969696969697,0.4587878787878788,0.6416161616161616,0.9972273362079112,0.9848100743870971,0.2653973172080872,
2026090507,250,50,100,candidate_c_opportunity,False,1.0,0,0.09339520000000001,0.16893785839769604,0.17393939393939392,0.8696969696969696,0.45232323232323235,0.6486868686868686,0.9972367106612972,0.9848612623741405,0.23609182247481297,
2026090508,250,50,100,candidate_c_opportunity,False,1.0,0,0.09534719999999997,0.16828547174370104,0.1690909090909091,0.8454545454545455,0.4482828282828283,0.6442424242424243,0.9972256143036536,0.9848005855742022,0.210661647429138,
2026090509,250,50,100,candidate_c_opportunity,False,1.0,0,0.09355519999999995,0.16964669168598603,0.17616161616161619,0.8808080808080807,0.4482828282828283,0.6468686868686869,0.9972382731538392,0.9848694763392071,0.2319922499595669,
2026090510,250,50,100,candidate_c_opportunity,False,1.0,0,0.08485919999999991,0.1527088733505686,0.17232323232323232,0.8616161616161616,0.45898989898989895,0.6385858585858586,0.997249755186141,0.9849317385861777,0.3090067663036927,
2026090511,250,50,100,candidate_c_opportunity,False,1.0,0,0.10111200000000009,0.17916472867168917,0.17616161616161619,0.8808080808080808,0.45595959595959595,0.6424242424242425,0.9971389172469423,0.9843293619029931,0.29003860367875034,
2026090512,250,50,100,candidate_c_opportunity,False,1.0,0,0.09020319999999993,0.15924823389915505,0.16686868686868686,0.8343434343434343,0.44747474747474747,0.6424242424242425,0.9972718443161032,0.9850518203077491,0.36439919066505416,
2026090513,250,50,100,candidate_c_opportunity,False,1.0,0,0.08872159999999996,0.157670542588018,0.16828282828282828,0.8414141414141414,0.4450505050505051,0.6349494949494949,0.9972864040642797,0.9851309978258382,0.33999720384714727,
2026090514,250,50,100,candidate_c_opportunity,False,1.0,0,0.09081600000000001,0.16124515496597097,0.1694949494949495,0.8474747474747474,0.4408080808080808,0.6393939393939394,0.9972383924374619,0.984870096901222,0.2897304637271267,
2026090515,250,50,100,candidate_c_opportunity,False,1.0,0,0.09559680000000004,0.16941074346097415,0.17737373737373735,0.8868686868686868,0.4537373737373738,0.6416161616161616,0.9972399801012819,0.9848787981660582,0.21092731572590853,
2026090516,250,50,100,candidate_c_opportunity,False,1.0,0,0.08655999999999997,0.15485477067239486,0.17555555555555555,0.8777777777777777,0.4551515151515152,0.648080808080808,0.9972524932027049,0.9849465793232903,0.16464946327810462,
2026090517,250,50,100,candidate_c_opportunity,False,1.0,0,0.08696159999999997,0.1551773179301666,0.17292929292929293,0.8646464646464646,0.4541414141414141,0.6424242424242425,0.9972225167426759,0.9847835413467846,0.2546960805121899,
2026090518,250,50,100,candidate_c_opportunity,False,1.0,0,0.09639200000000003,0.17175564037317667,0.17272727272727273,0.8636363636363636,0.4482828282828283,0.6466666666666666,0.9971688019251342,0.9844920182317887,0.2677245316087116,
2026090519,250,50,100,candidate_c_opportunity,False,1.0,0,0.09405759999999996,0.16703293088490065,0.1707070707070707,0.8535353535353535,0.4460606060606061,0.6422222222222222,0.9972415469480453,0.9848869715264422,0.3357984500781825,
2026090520,250,50,100,candidate_c_opportunity,False,1.0,0,0.0965408000000001,0.1728004629623428,0.17131313131313133,0.8565656565656565,0.4539393939393939,0.6541414141414142,0.9972148769891457,0.9847421105291678,0.32959626197997377,
2026090501,250,100,100,true_random,False,1.0,0,0.06784239999999997,0.1202497401244593,0.40505050505050505,1.0126262626262625,0.776969696969697,0.9090909090909091,1.0,0.9999999999999996,,
2026090502,250,100,100,true_random,False,1.0,0,0.06312000000000006,0.11166915420114902,0.4022222222222222,1.0055555555555555,0.776969696969697,0.9131313131313132,1.0,0.9999999999999996,,
2026090503,250,100,100,true_random,False,1.0,0,0.06421119999999991,0.11467344941179716,0.4023232323232323,1.0058080808080807,0.7806060606060606,0.9092929292929293,1.0,0.9999999999999996,,
2026090504,250,100,100,true_random,False,1.0,0,0.06284719999999999,0.11231651704001508,0.4005050505050505,1.0012626262626263,0.7807070707070708,0.9118181818181817,1.0,0.9999999999999996,,
2026090505,250,100,100,true_random,False,1.0,0,0.07089839999999992,0.12581732790041283,0.402020202020202,1.005050505050505,0.7767676767676768,0.9117171717171718,1.0,0.9999999999999996,,
2026090506,250,100,100,true_random,False,1.0,0,0.07229839999999998,0.12767145334803703,0.39606060606060606,0.9901515151515151,0.7821212121212122,0.910909090909091,1.0,0.9999999999999996,,
2026090507,250,100,100,true_random,False,1.0,0,0.0654728,0.11886967653695371,0.39949494949494946,0.9987373737373737,0.7806060606060606,0.9119191919191919,1.0,0.9999999999999996,,
2026090508,250,100,100,true_random,False,1.0,0,0.07234000000000007,0.12798437404620927,0.4022222222222222,1.0055555555555555,0.777878787878788,0.9118181818181817,1.0,0.9999999999999996,,
2026090509,250,100,100,true_random,False,1.0,0,0.06843200000000005,0.12066482503198686,0.3993939393939394,0.9984848484848484,0.7762626262626262,0.9125252525252525,1.0,0.9999999999999996,,
2026090510,250,100,100,true_random,False,1.0,0,0.06618959999999996,0.11905880899790658,0.40181818181818185,1.0045454545454544,0.7790909090909091,0.9126262626262626,1.0,0.9999999999999996,,
2026090511,250,100,100,true_random,False,1.0,0,0.07357679999999989,0.1300961183125769,0.4112121212121212,1.0280303030303028,0.7827272727272727,0.908888888888889,1.0,0.9999999999999996,,
2026090512,250,100,100,true_random,False,1.0,0,0.06590479999999999,0.11717508267545622,0.3945454545454546,0.9863636363636363,0.7767676767676768,0.9146464646464646,1.0,0.9999999999999996,,
2026090513,250,100,100,true_random,False,1.0,0,0.0643144,0.1146516463030514,0.39505050505050504,0.9876262626262625,0.7767676767676768,0.9124242424242424,1.0,0.9999999999999996,,
2026090514,250,100,100,true_random,False,1.0,0,0.07045520000000005,0.12569805089976535,0.4003030303030303,1.0007575757575757,0.7790909090909091,0.9108080808080808,1.0,0.9999999999999996,,
2026090515,250,100,100,true_random,False,1.0,0,0.06742800000000004,0.12,0.4036363636363636,1.009090909090909,0.7758585858585859,0.9135353535353535,1.0,0.9999999999999996,,
2026090516,250,100,100,true_random,False,1.0,0,0.06579200000000007,0.11791946404220129,0.3932323232323232,0.983080808080808,0.777979797979798,0.9143434343434343,1.0,0.9999999999999996,,
2026090517,250,100,100,true_random,False,1.0,0,0.06808320000000001,0.11987493482792806,0.40444444444444444,1.011111111111111,0.7794949494949495,0.9084848484848485,1.0,0.9999999999999996,,
2026090518,250,100,100,true_random,False,1.0,0,0.06930320000000001,0.12340988615179904,0.40747474747474743,1.0186868686868686,0.7813131313131313,0.9102020202020202,1.0,0.9999999999999996,,
2026090519,250,100,100,true_random,False,1.0,0,0.06921679999999997,0.12300406497347964,0.39646464646464646,0.9911616161616161,0.776969696969697,0.9139393939393939,1.0,0.9999999999999996,,
2026090520,250,100,100,true_random,False,1.0,0,0.06835600000000008,0.12041594578792296,0.39808080808080804,0.9952020202020201,0.7877777777777777,0.9120202020202021,1.0,0.9999999999999996,,
2026090501,250,100,100,candidate_a_recency_oracle,True,1.0,0,0.05827999999999989,0.10389898940798221,0.34181818181818185,0.8545454545454545,0.773939393939394,0.9276767676767678,0.9964798766656626,0.9807586174284582,0.07809886029288217,
2026090502,250,100,100,candidate_a_recency_oracle,True,1.0,0,0.05478640000000001,0.09767292357659824,0.3380808080808081,0.8452020202020202,0.7735353535353535,0.932020202020202,0.996500537179018,0.9808712277737126,0.0074873036722700945,
2026090503,250,100,100,candidate_a_recency_oracle,True,1.0,0,0.05544799999999994,0.09856469956328179,0.33525252525252525,0.8381313131313131,0.7737373737373737,0.9284848484848485,0.9964598697591508,0.9806507783014089,0.08210564760225303,
2026090504,250,100,100,candidate_a_recency_oracle,True,1.0,0,0.05383920000000009,0.09494735383358506,0.337979797979798,0.8449494949494949,0.7749494949494949,0.9307070707070707,0.996462040058243,0.9806626490901981,0.1021298230798449,
2026090505,250,100,100,candidate_a_recency_oracle,True,1.0,0,0.05967520000000004,0.10646595700034825,0.33585858585858586,0.8396464646464646,0.7734343434343435,0.9312121212121212,0.996493741801808,0.9808339126714546,0.1933663422138638,
2026090506,250,100,100,candidate_a_recency_oracle,True,1.0,0,0.059066400000000074,0.10478549517943789,0.3367676767676768,0.8419191919191918,0.778989898989899,0.927979797979798,0.9964821125219578,0.9807706940833772,0.0739953638301567,
2026090507,250,100,100,candidate_a_recency_oracle,True,1.0,0,0.054394400000000065,0.09810708435174291,0.3403030303030303,0.8507575757575757,0.7751515151515151,0.927979797979798,0.996495339700201,0.9808425242779137,0.10223914925930985,
2026090508,250,100,100,candidate_a_recency_oracle,True,1.0,0,0.06033920000000004,0.1074709263010234,0.3427272727272727,0.8568181818181817,0.7743434343434343,0.9316161616161617,0.9964553173814578,0.9806258031912587,0.11878184529353279,
2026090509,250,100,100,candidate_a_recency_oracle,True,1.0,0,0.05950720000000009,0.10583005244258363,0.3372727272727273,0.8431818181818181,0.7735353535353535,0.9317171717171716,0.9964977102847956,0.9808553852247216,0.11933867371134733,
2026090510,250,100,100,candidate_a_recency_oracle,True,1.0,0,0.05810800000000005,0.10540398474441089,0.3353535353535354,0.8383838383838383,0.7743434343434343,0.9306060606060605,0.9964778666731037,0.9807480997841604,0.20116989884267364,
2026090511,250,100,100,candidate_a_recency_oracle,True,1.0,0,0.05893039999999994,0.1044030650891055,0.3424242424242424,0.8560606060606061,0.7761616161616162,0.9290909090909091,0.9964573608894146,0.9806371187326626,0.22719504807751575,
2026090512,250,100,100,candidate_a_recency_oracle,True,1.0,0,0.055465600000000004,0.0985900603509299,0.33252525252525256,0.8313131313131313,0.7738383838383839,0.9325252525252524,0.9965208069803865,0.9809810723452196,0.2404873542142716,
2026090513,250,100,100,candidate_a_recency_oracle,True,1.0,0,0.053732799999999914,0.09602083107326244,0.3336363636363637,0.834090909090909,0.7742424242424243,0.9313131313131313,0.9964991873807959,0.9808637905998032,0.2562234172615623,
2026090514,250,100,100,candidate_a_recency_oracle,True,1.0,0,0.0599056,0.10719141756689292,0.33444444444444443,0.836111111111111,0.7745454545454546,0.9281818181818182,0.9965192287507402,0.9809721429380355,0.16274123190644735,
2026090515,250,100,100,candidate_a_recency_oracle,True,1.0,0,0.05758079999999999,0.10195587280779857,0.3375757575757576,0.8439393939393939,0.7732323232323232,0.9302020202020203,0.9965108901645106,0.9809267260222916,0.1283231944601414,
2026090516,250,100,100,candidate_a_recency_oracle,True,1.0,0,0.0568519999999999,0.10178408519999578,0.3336363636363637,0.834090909090909,0.7758585858585859,0.9324242424242425,0.9965301315992128,0.9810307454144533,0.18156396797353266,
2026090517,250,100,100,candidate_a_recency_oracle,True,1.0,0,0.05783359999999993,0.10198039027185571,0.3421212121212121,0.8553030303030302,0.7744444444444445,0.9280808080808081,0.9964414739620838,0.9805508541431045,0.08076833610953964,
2026090518,250,100,100,candidate_a_recency_oracle,True,1.0,0,0.06048959999999992,0.10791200118615167,0.33959595959595956,0.848989898989899,0.7752525252525253,0.9286868686868687,0.996464041549767,0.980673239886407,0.08125901946495888,
2026090519,250,100,100,candidate_a_recency_oracle,True,1.0,0,0.06114559999999991,0.10700467279516349,0.3324242424242424,0.8310606060606059,0.7727272727272727,0.9316161616161617,0.9965338336904225,0.9810509543800024,0.150322533854742,
2026090520,250,100,100,candidate_a_recency_oracle,True,1.0,0,0.05422480000000007,0.09581231653602787,0.33060606060606057,0.8265151515151514,0.781010101010101,0.9325252525252524,0.9965163609163351,0.9809568570622935,0.10046168836448166,
2026090501,250,100,100,candidate_b_exposure_oracle,True,1.0,0,0.03417279999999989,0.06070420084310475,0.34535353535353536,0.8633838383838384,0.7649494949494949,0.9304040404040403,0.991785918822859,0.9556783882168105,0.22770955437980672,
2026090502,250,100,100,candidate_b_exposure_oracle,True,1.0,0,0.03459600000000007,0.061846584384264915,0.3421212121212121,0.8553030303030302,0.7662626262626263,0.9330303030303031,0.9919090133751497,0.9563271523284692,0.18636247628522348,
2026090503,250,100,100,candidate_b_exposure_oracle,True,1.0,0,0.0352688000000001,0.06276941930590087,0.3335353535353536,0.8338383838383838,0.7668686868686869,0.9317171717171716,0.991821730077766,0.9558665824825596,0.3179751261323755,
2026090504,250,100,100,candidate_b_exposure_oracle,True,1.0,0,0.03535280000000007,0.06324555320336758,0.3413131313131313,0.8532828282828282,0.7667676767676768,0.9316161616161617,0.9915840573282213,0.9546140457220667,0.2704738929893453,
2026090505,250,100,100,candidate_b_exposure_oracle,True,1.0,0,0.03847519999999993,0.0687749954561976,0.3368686868686869,0.8421717171717171,0.762020202020202,0.9352525252525253,0.9919891236803292,0.9567510860640062,0.43383076376101504,
2026090506,250,100,100,candidate_b_exposure_oracle,True,1.0,0,0.036524,0.06553624951124377,0.338989898989899,0.8474747474747474,0.7721212121212121,0.931111111111111,0.9918389051470187,0.9559606751609749,0.31551399813703734,
2026090507,250,100,100,candidate_b_exposure_oracle,True,1.0,0,0.03646400000000005,0.0656505902486794,0.3380808080808081,0.8452020202020202,0.7683838383838385,0.9343434343434344,0.9918584917523497,0.9560627212958893,0.2926807766275467,
2026090508,250,100,100,candidate_b_exposure_oracle,True,1.0,0,0.03798799999999991,0.06793379129711516,0.34121212121212124,0.8530303030303029,0.7660606060606061,0.933131313131313,0.9917801223252297,0.9556492428488547,0.2943090415452974,
2026090509,250,100,100,candidate_b_exposure_oracle,True,1.0,0,0.037897599999999976,0.06719374970932937,0.3390909090909091,0.8477272727272727,0.7658585858585858,0.9329292929292929,0.9917986326432474,0.9557465576135954,0.33541965526458023,
2026090510,250,100,100,candidate_b_exposure_oracle,True,1.0,0,0.03674399999999989,0.06568865959965997,0.3407070707070707,0.8517676767676766,0.7645454545454545,0.9319191919191919,0.9918634707913566,0.9560870814219503,0.4765730583966529,
2026090511,250,100,100,candidate_b_exposure_oracle,True,1.0,0,0.03873039999999994,0.06855654600401044,0.34252525252525257,0.8563131313131312,0.7682828282828283,0.9332323232323232,0.9917945728845684,0.955723925428331,0.46433833967291893,
2026090512,250,100,100,candidate_b_exposure_oracle,True,1.0,0,0.03520319999999999,0.06324555320336758,0.3376767676767677,0.844191919191919,0.7656565656565656,0.9343434343434344,0.9919098998541266,0.9563322848742223,0.488786353241168,
2026090513,250,100,100,candidate_b_exposure_oracle,True,1.0,0,0.03543439999999998,0.06387487769068526,0.33484848484848484,0.8371212121212122,0.7646464646464647,0.934949494949495,0.9919504021443778,0.9565458218958034,0.43878005014367677,
2026090514,250,100,100,candidate_b_exposure_oracle,True,1.0,0,0.038126399999999894,0.06910137480542626,0.33474747474747474,0.8368686868686868,0.7667676767676768,0.932020202020202,0.9918340309327202,0.9559339480119355,0.3417170210048871,
2026090515,250,100,100,candidate_b_exposure_oracle,True,1.0,0,0.03633679999999995,0.06457553716385175,0.3382828282828283,0.8457070707070706,0.765050505050505,0.933131313131313,0.9919423605537283,0.9565031936707071,0.23901710994892322,
2026090516,250,100,100,candidate_b_exposure_oracle,True,1.0,0,0.035118399999999994,0.06300793600809346,0.3342424242424243,0.8356060606060606,0.767979797979798,0.9354545454545454,0.991903620242287,0.9562996106296842,0.3553220324997536,
2026090517,250,100,100,candidate_b_exposure_oracle,True,1.0,0,0.03673199999999999,0.0653834841531101,0.3401010101010101,0.8502525252525253,0.7697979797979799,0.9283838383838383,0.991819665676447,0.9558540100520831,0.43228751300660123,
2026090518,250,100,100,candidate_b_exposure_oracle,True,1.0,0,0.035379199999999944,0.06332456079595025,0.342020202020202,0.855050505050505,0.7671717171717172,0.9307070707070707,0.9917156820870267,0.9553073820301475,0.3103992040256207,
2026090519,250,100,100,candidate_b_exposure_oracle,True,1.0,0,0.0391648,0.06931810730249348,0.33212121212121215,0.8303030303030302,0.769090909090909,0.9356565656565656,0.991885056346834,0.9561998031782292,0.45015634260264553,
2026090520,250,100,100,candidate_b_exposure_oracle,True,1.0,0,0.03594239999999993,0.06422616289332564,0.33444444444444443,0.836111111111111,0.7730303030303031,0.9338383838383839,0.9917683838162535,0.9555849917880633,0.40544259928008974,
2026090501,250,100,100,candidate_c_opportunity,False,1.0,0,0.053305600000000064,0.09468368391650168,0.3786868686868687,0.9467171717171716,0.7705050505050505,0.9174747474747474,0.9972366233518677,0.9848604045085949,0.171408851858058,
2026090502,250,100,100,candidate_c_opportunity,False,1.0,0,0.04904559999999991,0.08709190547921201,0.3708080808080808,0.927020202020202,0.7711111111111112,0.9211111111111111,0.9973281585106206,0.9853580802062766,0.118586707760748,
2026090503,250,100,100,candidate_c_opportunity,False,1.0,0,0.05202639999999992,0.09238506372785592,0.37303030303030305,0.9325757575757575,0.7724242424242425,0.9175757575757576,0.9972028231119183,0.984676831459643,0.21547640393882045,
2026090504,250,100,100,candidate_c_opportunity,False,1.0,0,0.048011999999999944,0.08520563361656316,0.3735353535353535,0.9338383838383837,0.7698989898989899,0.9212121212121213,0.9971512778119656,0.9843965301550531,0.15717685733215228,
2026090505,250,100,100,candidate_c_opportunity,False,1.0,0,0.05223920000000004,0.09322016949137134,0.3712121212121212,0.928030303030303,0.768888888888889,0.9221212121212122,0.9972768009508478,0.985078736461638,0.25554835100303985,
2026090506,250,100,100,candidate_c_opportunity,False,1.0,0,0.05715439999999994,0.10116817681464858,0.3706060606060606,0.9265151515151514,0.7728282828282829,0.9194949494949495,0.9972273362079112,0.9848100743870971,0.22380870344892193,
2026090507,250,100,100,candidate_c_opportunity,False,1.0,0,0.05269360000000001,0.09412757300600075,0.3693939393939394,0.9234848484848485,0.7752525252525253,0.9196969696969697,0.9972367106612972,0.9848612623741405,0.2329328444963459,
2026090508,250,100,100,candidate_c_opportunity,False,1.0,0,0.05369920000000006,0.09602083107326244,0.37363636363636366,0.9340909090909091,0.7719191919191919,0.9199999999999999,0.9972256143036536,0.9848005855742022,0.17808408806015286,
2026090509,250,100,100,candidate_c_opportunity,False,1.0,0,0.051014399999999904,0.09030503861911582,0.3704040404040404,0.926010101010101,0.7675757575757576,0.9229292929292929,0.9972382731538392,0.9848694763392071,0.21738815532975408,
2026090510,250,100,100,candidate_c_opportunity,False,1.0,0,0.0528983999999999,0.09410100955887775,0.37444444444444447,0.9361111111111111,0.7707070707070707,0.9203030303030303,0.997249755186141,0.9849317385861777,0.2585479895954895,
2026090511,250,100,100,candidate_c_opportunity,False,1.0,0,0.05091599999999996,0.09085703054799887,0.3738383838383838,0.9345959595959595,0.7749494949494949,0.9177777777777778,0.9971389172469423,0.9843293619029931,0.37129418646457607,
2026090512,250,100,100,candidate_c_opportunity,False,1.0,0,0.05068959999999989,0.09074690077352504,0.3690909090909091,0.9227272727272726,0.768888888888889,0.9224242424242424,0.9972718443161032,0.9850518203077491,0.2897107941851332,
2026090513,250,100,100,candidate_c_opportunity,False,1.0,0,0.04706560000000004,0.08399404740813482,0.36797979797979796,0.9199494949494949,0.7692929292929293,0.9221212121212122,0.9972864040642797,0.9851309978258382,0.34886198067443597,
2026090514,250,100,100,candidate_c_opportunity,False,1.0,0,0.053959199999999985,0.09669539802906858,0.36828282828282827,0.9207070707070706,0.7716161616161616,0.9196969696969697,0.9972383924374619,0.984870096901222,0.31340867295852787,
2026090515,250,100,100,candidate_c_opportunity,False,1.0,0,0.05501200000000006,0.09741663102366042,0.3731313131313131,0.9328282828282828,0.7705050505050505,0.9220202020202021,0.9972399801012819,0.9848787981660582,0.19740128724398373,
2026090516,250,100,100,candidate_c_opportunity,False,1.0,0,0.04864479999999993,0.08734987120768982,0.36464646464646466,0.9116161616161617,0.7715151515151515,0.9210101010101011,0.9972524932027049,0.9849465793232903,0.2720419573230009,
2026090517,250,100,100,candidate_c_opportunity,False,1.0,0,0.05484080000000002,0.097082439194738,0.3742424242424242,0.9356060606060606,0.7734343434343435,0.9172727272727274,0.9972225167426759,0.9847835413467846,0.26562169606590186,
2026090518,250,100,100,candidate_c_opportunity,False,1.0,0,0.05078880000000008,0.09115920140062658,0.37565656565656563,0.939141414141414,0.7716161616161616,0.9190909090909091,0.9971688019251342,0.9844920182317887,0.2376655515395974,
2026090519,250,100,100,candidate_c_opportunity,False,1.0,0,0.05649199999999999,0.0996493853468249,0.3656565656565657,0.9141414141414141,0.7696969696969698,0.9211111111111111,0.9972415469480453,0.9848869715264422,0.2521578305668413,
2026090520,250,100,100,candidate_c_opportunity,False,1.0,0,0.05013120000000004,0.08899438184514795,0.3634343434343434,0.9085858585858585,0.7795959595959596,0.9228282828282828,0.9972148769891457,0.9847421105291678,0.2470964900065384,
2026090501,250,25%,100,true_random,False,1.0,0,0.09437419354838705,0.16754020127319857,0.2582274356467905,1.0412396598660907,0.5762463343108504,0.7447051156728576,1.0,0.9999999999999996,,
2026090502,250,25%,100,true_random,False,1.0,0,0.09597677419354844,0.17061741344010178,0.2476376669925057,0.9985389798084907,0.5619094167481264,0.744379276637341,1.0,0.9999999999999996,,
2026090503,250,25%,100,true_random,False,1.0,0,0.09752903225806442,0.17292699644015905,0.24617139133268165,0.9926265779543615,0.5762463343108504,0.7499185402411208,1.0,0.9999999999999996,,
2026090504,250,25%,100,true_random,False,1.0,0,0.10277806451612892,0.18333254501139123,0.2561094819159335,1.0326995238545706,0.5850439882697948,0.7504072987943956,1.0,0.9999999999999996,,
2026090505,250,25%,100,true_random,False,1.0,0,0.09325419354838704,0.16672302203655953,0.24910394265232974,1.00445138166262,0.5692407950472467,0.7521994134897361,1.0,0.9999999999999996,,
2026090506,250,25%,100,true_random,False,1.0,0,0.09710193548387092,0.17251279944672177,0.2508960573476703,1.0116776505954446,0.5768980123818834,0.7448680351906157,1.0,0.9999999999999996,,
2026090507,250,25%,100,true_random,False,1.0,0,0.09582967741935478,0.17322760856874822,0.25513196480938416,1.0287579226184844,0.5731508634734441,0.7495927012056044,1.0,0.9999999999999996,,
2026090508,250,25%,100,true_random,False,1.0,0,0.10002967741935476,0.17694217354366334,0.25008145975887913,1.0083929828987062,0.565982404692082,0.7468230694037146,1.0,0.9999999999999996,,
2026090509,250,25%,100,true_random,False,1.0,0,0.09747741935483867,0.17542871524101586,0.25203649397197786,1.0162761853708784,0.5689149560117301,0.7523623330074943,1.0,0.9999999999999996,,
2026090510,250,25%,100,true_random,False,1.0,0,0.08669419354838714,0.15852467581039503,0.25203649397197786,1.0162761853708784,0.5772238514173998,0.747148908439231,1.0,0.9999999999999996,,
2026090511,250,25%,100,true_random,False,1.0,0,0.10597677419354845,0.18747181543284244,0.2583903551645487,1.0418965934054385,0.5760834147930922,0.7491039426523297,1.0,0.9999999999999996,,
2026090512,250,25%,100,true_random,False,1.0,0,0.09950193548387087,0.17442487626763034,0.24356467904855003,0.9821156413247983,0.568100358422939,0.7500814597588792,1.0,0.9999999999999996,,
2026090513,250,25%,100,true_random,False,1.0,0,0.09124387096774189,0.16305486394967886,0.24209840338872599,0.9762032394706692,0.5648419680677745,0.7458455522971652,1.0,0.9999999999999996,,
2026090514,250,25%,100,true_random,False,1.0,0,0.09933677419354847,0.1753545538700243,0.24389051808406648,0.9834295084034937,0.5607689801238188,0.742098403388726,1.0,0.9999999999999996,,
2026090515,250,25%,100,true_random,False,1.0,0,0.09831741935483862,0.17561398165154404,0.25219941348973607,1.0169331189102262,0.568100358422939,0.745682632779407,1.0,0.9999999999999996,,
2026090516,250,25%,100,true_random,False,1.0,0,0.09088258064516119,0.16301497285086788,0.2535027696318019,1.0221885872250076,0.5705441511893125,0.7484522645812968,1.0,0.9999999999999996,,
2026090517,250,25%,100,true_random,False,1.0,0,0.09071741935483879,0.16120965724797756,0.24600847181492344,0.9919696444150139,0.5697295536005214,0.7425871619420007,1.0,0.9999999999999996,,
2026090518,250,25%,100,true_random,False,1.0,0,0.09795225806451602,0.17509474170974312,0.2539915281850766,1.0241593878430506,0.570869990224829,0.7499185402411208,1.0,0.9999999999999996,,
2026090519,250,25%,100,true_random,False,1.0,0,0.10137806451612907,0.17840634557526044,0.24910394265232974,1.00445138166262,0.5707070707070707,0.7473118279569892,1.0,0.9999999999999996,,
2026090520,250,25%,100,true_random,False,1.0,0,0.0984722580645161,0.17349021689709493,0.24959270120560445,1.006422182280663,0.5757575757575758,0.7531769305962854,1.0,0.9999999999999996,,
2026090501,250,25%,100,candidate_a_recency_oracle,True,1.0,0,0.0827290322580645,0.14676533117519128,0.19208211143695014,0.774524642890928,0.5301401107852721,0.7396546106223525,0.9958806948303247,0.9775165985375125,0.1259931234366111,
2026090502,250,25%,100,candidate_a_recency_oracle,True,1.0,0,0.07960645161290314,0.14185298188738715,0.18132942326490714,0.7311670292939804,0.5211795373085696,0.7461713913326817,0.9959404553364126,0.9778391623575209,0.04413189211275461,
2026090503,250,25%,100,candidate_a_recency_oracle,True,1.0,0,0.08133806451612902,0.14569793278240278,0.18377321603128055,0.7410210323841957,0.5304659498207885,0.7468230694037146,0.9958881868342176,0.9775569466799516,0.12848833219044803,
2026090504,250,25%,100,candidate_a_recency_oracle,True,1.0,0,0.08393677419354839,0.14987854951452714,0.19436298468556534,0.7837217124417958,0.5395894428152493,0.7445421961550993,0.9958359171452339,0.9772748834914605,0.20316339576042072,
2026090505,250,25%,100,candidate_a_recency_oracle,True,1.0,0,0.07735870967741931,0.13935521206640547,0.17888563049853373,0.721313026203765,0.5210166177908113,0.7508960573476703,0.9959238732418991,0.9777496738651845,0.1702422990145784,
2026090506,250,25%,100,candidate_a_recency_oracle,True,1.0,0,0.08225677419354849,0.14618812449010857,0.1893124796350603,0.7633567727220173,0.5319322254806126,0.738514173998045,0.9958881033645415,0.9775564603557315,0.16331840856799096,
2026090507,250,25%,100,candidate_a_recency_oracle,True,1.0,0,0.08153032258064519,0.14694247708297256,0.18996415770609318,0.765984506879408,0.5281850765721733,0.7476376669925057,0.9958797418068025,0.9775114089893792,0.1854409164276168,
2026090508,250,25%,100,candidate_a_recency_oracle,True,1.0,0,0.0851354838709677,0.15057123280973664,0.18246985988921474,0.7357655640694143,0.5239491691104594,0.7482893450635386,0.995909079465299,0.9776699036873867,0.16859477594509362,
2026090509,250,25%,100,candidate_a_recency_oracle,True,1.0,0,0.08199483870967739,0.14874605950586514,0.1863799283154122,0.7515319690137588,0.52297165200391,0.7481264255457803,0.9959103812073761,0.9776769020097079,0.18268110753982583,
2026090510,250,25%,100,candidate_a_recency_oracle,True,1.0,0,0.07232129032258072,0.13147882164479197,0.18654284783317043,0.7521889025531064,0.5317693059628544,0.7437275985663082,0.9958975713008362,0.9776076633223382,0.16544773509755675,
2026090511,250,25%,100,candidate_a_recency_oracle,True,1.0,0,0.09257032258064513,0.16531274557684922,0.19159335288367546,0.7725538422728849,0.5345389377647443,0.7440534376018246,0.9958737346888046,0.9774790685823622,0.25446221388808377,
2026090512,250,25%,100,candidate_a_recency_oracle,True,1.0,0,0.08121806451612912,0.14340333374448538,0.17970022808732486,0.7245976939005035,0.5185728250244379,0.7525252525252525,0.995923409848847,0.9777472204604654,0.24400304207052975,
2026090513,250,25%,100,candidate_a_recency_oracle,True,1.0,0,0.07762451612903232,0.13846565181506293,0.17986314760508307,0.7252546274398511,0.5184099055066796,0.7407950472466602,0.9959410182459993,0.9778422489254842,0.27877069291710194,
2026090514,250,25%,100,candidate_a_recency_oracle,True,1.0,0,0.08428387096774204,0.14878977620321046,0.18458781362007168,0.7443057000809342,0.521505376344086,0.7437275985663082,0.9959083330528871,0.9776657407880016,0.23571103069023622,
2026090515,250,25%,100,candidate_a_recency_oracle,True,1.0,0,0.08401935483870959,0.15031185064847485,0.19094167481264254,0.7699261081154942,0.5198761811665038,0.7404692082111437,0.9959309223330757,0.9777877096779493,0.1378609718548647,
2026090516,250,25%,100,candidate_a_recency_oracle,True,1.0,0,0.07836645161290323,0.1400070609190123,0.19273378950798306,0.7771523770483187,0.52297165200391,0.7453567937438906,0.9959072625836553,0.9776598533469028,0.13775572640066983,
2026090517,250,25%,100,candidate_a_recency_oracle,True,1.0,0,0.08079225806451618,0.14349400927282793,0.186217008797654,0.7508750354744111,0.5291625936787226,0.7438905180840665,0.9958906731374914,0.9775704977276416,0.17917629548317027,
2026090518,250,25%,100,candidate_a_recency_oracle,True,1.0,0,0.08581548387096771,0.15292840407914268,0.18898664059954384,0.7620429056433219,0.5268817204301075,0.744379276637341,0.9958917635891369,0.9775762951250226,0.1370922085086623,
2026090519,250,25%,100,candidate_a_recency_oracle,True,1.0,0,0.0837496774193549,0.1475608130513894,0.1858911697621375,0.7495611683957157,0.5259042033235581,0.742098403388726,0.9958911987148565,0.977573355393599,0.27638610485458986,
2026090520,250,25%,100,candidate_a_recency_oracle,True,1.0,0,0.07950709677419354,0.14070211927460896,0.184099055066797,0.7423348994628911,0.5299771912675139,0.7479635060280222,0.9958929617660712,0.9775827465116942,0.14370680637043223,
2026090501,250,25%,100,candidate_b_exposure_oracle,True,1.0,0,0.05815999999999999,0.10377876091706718,0.20153144346692736,0.8126267881730941,0.5175953079178885,0.729879439556859,0.9927624322786324,0.9608408713366755,0.295206905879331,
2026090502,250,25%,100,candidate_b_exposure_oracle,True,1.0,0,0.05816129032258055,0.1041540921997609,0.1893124796350603,0.7633567727220173,0.510752688172043,0.7339524275008146,0.9930000320317356,0.9621024423701079,0.14721971988942398,
2026090503,250,25%,100,candidate_b_exposure_oracle,True,1.0,0,0.05828774193548392,0.10465243998392475,0.19257086999022485,0.7764954435089712,0.5223199739328772,0.731345715216683,0.9927138965010753,0.9605862195551724,0.3687129379338508,
2026090504,250,25%,100,candidate_b_exposure_oracle,True,1.0,0,0.06212387096774186,0.11168699759525202,0.2013685239491691,0.8119698546337465,0.527207559465624,0.7355816226783969,0.9924722136233259,0.9593045938906646,0.2910169735526823,
2026090505,250,25%,100,candidate_b_exposure_oracle,True,1.0,0,0.05911870967741928,0.10662254116798973,0.19012707722385144,0.7666414404187558,0.5084718149234279,0.7403062886933856,0.9929034091821218,0.9615889540464937,0.37608249779344577,
2026090506,250,25%,100,candidate_b_exposure_oracle,True,1.0,0,0.0621509677419354,0.11045737850492858,0.19941348973607037,0.8040866521615742,0.5262300423590746,0.7279244053437601,0.9925946018562287,0.959954994796631,0.2960258263036309,
2026090507,250,25%,100,candidate_b_exposure_oracle,True,1.0,0,0.061828387096774184,0.11174521339154046,0.1946888237210818,0.785035579520491,0.5187357445421962,0.7352557836428805,0.9926185102084459,0.9600798429477772,0.33190478255874944,
2026090508,250,25%,100,candidate_b_exposure_oracle,True,1.0,0,0.06144387096774184,0.10921391624019482,0.19257086999022485,0.7764954435089712,0.5148256761159987,0.7341153470185727,0.9928887335455238,0.9615122533274791,0.3888880781939555,
2026090509,250,25%,100,candidate_b_exposure_oracle,True,1.0,0,0.060606451612903234,0.10927344958680209,0.19631801889866407,0.791604914913968,0.5136852394916911,0.7376995764092538,0.9928767718006246,0.9614492150564838,0.32125248900956765,
2026090510,250,25%,100,candidate_b_exposure_oracle,True,1.0,0,0.057660645161290214,0.10452807578077193,0.19208211143695014,0.774524642890928,0.5252525252525253,0.7360703812316716,0.9927172244528853,0.9606021610963071,0.3520510399997391,
2026090511,250,25%,100,candidate_b_exposure_oracle,True,1.0,0,0.06718580645161287,0.11912576098510748,0.19990224828934505,0.8060574527796173,0.5246008471814924,0.7334636689475399,0.9926364748004446,0.960174795158334,0.4295129659849063,
2026090512,250,25%,100,candidate_b_exposure_oracle,True,1.0,0,0.06270967741935474,0.11127863426232477,0.18898664059954384,0.7620429056433219,0.5125448028673835,0.736396220267188,0.9929129949517584,0.9616413034451248,0.45486508440534146,
2026090513,250,25%,100,candidate_b_exposure_oracle,True,1.0,0,0.05637290322580646,0.10162570323886042,0.18686868686868688,0.7535027696318018,0.5105897686542847,0.7339524275008146,0.9930868494318211,0.9625632880473042,0.4322085472249416,
2026090514,250,25%,100,candidate_b_exposure_oracle,True,1.0,0,0.06119483870967746,0.10927344958680209,0.18914956011730205,0.7626998391826696,0.5131964809384164,0.7308569566634083,0.992911501309904,0.9616328630028274,0.2862013154885014,
2026090515,250,25%,100,candidate_b_exposure_oracle,True,1.0,0,0.062030967741935505,0.11203583862459521,0.1942000651678071,0.783064778902448,0.512218963831867,0.7341153470185727,0.9928055912506144,0.961070724199794,0.34491964634872924,
2026090516,250,25%,100,candidate_b_exposure_oracle,True,1.0,0,0.05776645161290328,0.10390402198971875,0.1971326164874552,0.7948895826107065,0.5180840664711632,0.7376995764092538,0.9927919149062114,0.9609989164519085,0.34908504027265014,
2026090517,250,25%,100,candidate_b_exposure_oracle,True,1.0,0,0.05970580645161294,0.10668352060744317,0.19566634082763115,0.7889771807565772,0.5171065493646139,0.7334636689475399,0.9928425822734985,0.9612662476965919,0.3560813999889406,
2026090518,250,25%,100,candidate_b_exposure_oracle,True,1.0,0,0.06515354838709686,0.11608422074481665,0.20006516780710326,0.8067143863189649,0.5169436298468557,0.7321603128054741,0.9927236930203293,0.9606373466944749,0.3955194943958488,
2026090519,250,25%,100,candidate_b_exposure_oracle,True,1.0,0,0.06382193548387094,0.11319087780337257,0.1928967090257413,0.7778093105876666,0.5131964809384164,0.732811990876507,0.9927820295040415,0.9609451929737296,0.44064941134507707,
2026090520,250,25%,100,candidate_b_exposure_oracle,True,1.0,0,0.060922580645161206,0.10849696812156219,0.19257086999022485,0.7764954435089712,0.5195503421309873,0.7399804496578689,0.992659559209743,0.9602992547336002,0.3401888161883978,
2026090501,250,25%,100,candidate_c_opportunity,False,1.0,0,0.0785548387096775,0.13912166872805048,0.2243401759530792,0.904597483681771,0.5438253502769631,0.7349299446073639,0.9972366233518677,0.9848604045085949,0.22321302235503113,
2026090502,250,25%,100,candidate_c_opportunity,False,1.0,0,0.07392129032258055,0.1312808112588686,0.2150537634408602,0.8671522719389525,0.5325839035516455,0.7359074617139134,0.9973281585106206,0.9853580802062766,0.12991901896692196,
2026090503,250,25%,100,candidate_c_opportunity,False,1.0,0,0.07780516129032256,0.13855955867686792,0.21635711958292603,0.872407740253734,0.5462691430433365,0.7430759204952753,0.9972028231119183,0.984676831459643,0.2757045623379112,
2026090504,250,25%,100,candidate_c_opportunity,False,1.0,0,0.08402193548387094,0.14935692885042043,0.22580645161290322,0.9105098855359002,0.5540892798957314,0.744379276637341,0.9971512778119656,0.9843965301550531,0.25050120341374915,
2026090505,250,25%,100,candidate_c_opportunity,False,1.0,0,0.07464258064516138,0.13358889832805584,0.21293580971000328,0.8586121359274325,0.5377973281199088,0.747148908439231,0.9972768009508478,0.985078736461638,0.25575146101822477,
2026090506,250,25%,100,candidate_c_opportunity,False,1.0,0,0.07767612903225807,0.1375703395905805,0.22043010752688175,0.8888310787374263,0.5470837406321277,0.7354187031606387,0.9972273362079112,0.9848100743870971,0.22706934035957124,
2026090507,250,25%,100,candidate_c_opportunity,False,1.0,0,0.07795096774193544,0.14074833445709176,0.22059302704463996,0.889488012276774,0.5439882697947214,0.742098403388726,0.9972367106612972,0.9848612623741405,0.19937335735618716,
2026090508,250,25%,100,candidate_c_opportunity,False,1.0,0,0.07830580645161289,0.1394485198854079,0.21700879765395895,0.8750354744111247,0.5351906158357771,0.742098403388726,0.9972256143036536,0.9848005855742022,0.19512365925198608,
2026090509,250,25%,100,candidate_c_opportunity,False,1.0,0,0.07844129032258063,0.14084071932720146,0.21880091234929944,0.8822617433439495,0.5413815575105897,0.7438905180840665,0.9972382731538392,0.9848694763392071,0.19265089640239577,
2026090510,250,25%,100,candidate_c_opportunity,False,1.0,0,0.07430193548387098,0.13523402462099732,0.21635711958292603,0.872407740253734,0.5485500162919518,0.7403062886933856,0.997249755186141,0.9849317385861777,0.3026771728020247,
2026090511,250,25%,100,candidate_c_opportunity,False,1.0,0,0.0848116129032257,0.151131700324161,0.2262952101661779,0.9124806861539432,0.549364613880743,0.740632127728902,0.9971389172469423,0.9843293619029931,0.2809501033444325,
2026090512,250,25%,100,candidate_c_opportunity,False,1.0,0,0.07894838709677421,0.1400999346014772,0.20918866080156404,0.8435026645224356,0.5369827305311177,0.7424242424242424,0.9972718443161032,0.9850518203077491,0.37492691042116416,
2026090513,250,25%,100,candidate_c_opportunity,False,1.0,0,0.07505806451612895,0.13441397838710106,0.21049201694362984,0.8487581328372171,0.5348647768002607,0.7380254154447703,0.9972864040642797,0.9851309978258382,0.28895331178962425,
2026090514,250,25%,100,candidate_c_opportunity,False,1.0,0,0.07721290322580643,0.13775930992634935,0.2150537634408602,0.8671522719389525,0.5368198110133594,0.738514173998045,0.9972383924374619,0.984870096901222,0.2101852306741358,
2026090515,250,25%,100,candidate_c_opportunity,False,1.0,0,0.07837290322580648,0.13991412558788285,0.22043010752688175,0.8888310787374263,0.5395894428152493,0.7357445421961551,0.9972399801012819,0.9848787981660582,0.2376540600489354,
2026090516,250,25%,100,candidate_c_opportunity,False,1.0,0,0.07561161290322582,0.1356661600101671,0.2238514173998045,0.9026266830637278,0.5439882697947214,0.7414467253176931,0.9972524932027049,0.9849465793232903,0.22711951660619606,
2026090517,250,25%,100,candidate_c_opportunity,False,1.0,0,0.07731870967741927,0.13695438526034695,0.2186379928315412,0.8816048098046017,0.5457803844900619,0.7380254154447703,0.9972225167426759,0.9847835413467846,0.2887703304331505,
2026090518,250,25%,100,candidate_c_opportunity,False,1.0,0,0.08082322580645163,0.1438561398405473,0.2245030954708374,0.9052544172211185,0.5433365917236885,0.7412838057999349,0.9971688019251342,0.9844920182317887,0.32719809203394257,
2026090519,250,25%,100,candidate_c_opportunity,False,1.0,0,0.08053032258064508,0.14240209225742578,0.218475073313783,0.8809478762652541,0.5399152818507658,0.7414467253176931,0.9972415469480453,0.9848869715264422,0.3011325663372317,
2026090520,250,25%,100,candidate_c_opportunity,False,1.0,0,0.07895225806451611,0.1406096433400217,0.21603128054740958,0.8710938731750386,0.545128706419029,0.7469859889214728,0.9972148769891457,0.9847421105291678,0.2905903583572982,
2026090501,250,50%,100,true_random,False,1.0,0,0.055633279999999896,0.09879271228182775,0.5035959595959596,1.0071919191919192,0.8672323232323231,0.96,1.0,0.9999999999999996,,
2026090502,250,50%,100,true_random,False,1.0,0,0.05354047999999989,0.09460655368419252,0.5015757575757576,1.0031515151515151,0.8677171717171717,0.9616161616161616,1.0,0.9999999999999996,,
2026090503,250,50%,100,true_random,False,1.0,0,0.0529254400000001,0.09544841538757991,0.5021414141414142,1.0042828282828284,0.8682828282828282,0.9585454545454546,1.0,0.9999999999999996,,
2026090504,250,50%,100,true_random,False,1.0,0,0.05361215999999991,0.09452195512154836,0.5005252525252525,1.001050505050505,0.8653737373737374,0.9608888888888889,1.0,0.9999999999999996,,
2026090505,250,50%,100,true_random,False,1.0,0,0.057535359999999924,0.1021058274536767,0.5039191919191919,1.0078383838383838,0.8665050505050506,0.9605656565656566,1.0,0.9999999999999996,,
2026090506,250,50%,100,true_random,False,1.0,0,0.05940096000000006,0.10476640682967035,0.5011717171717172,1.0023434343434343,0.8696565656565657,0.9597575757575757,1.0,0.9999999999999996,,
2026090507,250,50%,100,true_random,False,1.0,0,0.05403647999999994,0.09533100230250388,0.4953535353535353,0.9907070707070706,0.8744242424242424,0.9601616161616161,1.0,0.9999999999999996,,
2026090508,250,50%,100,true_random,False,1.0,0,0.05914368000000003,0.10472058059426523,0.49923232323232325,0.9984646464646465,0.8719191919191919,0.961939393939394,1.0,0.9999999999999996,,
2026090509,250,50%,100,true_random,False,1.0,0,0.05988480000000007,0.10542106051449113,0.5021414141414142,1.0042828282828284,0.8698181818181817,0.959030303030303,1.0,0.9999999999999996,,
2026090510,250,50%,100,true_random,False,1.0,0,0.054359040000000025,0.09614988299524863,0.5009292929292929,1.0018585858585858,0.8694949494949494,0.9605656565656566,1.0,0.9999999999999996,,
2026090511,250,50%,100,true_random,False,1.0,0,0.05981375999999994,0.10514751542475934,0.5004444444444445,1.000888888888889,0.8696565656565657,0.9599191919191918,1.0,0.9999999999999996,,
2026090512,250,50%,100,true_random,False,1.0,0,0.0546624,0.09673055360122777,0.495919191919192,0.991838383838384,0.8697373737373737,0.9613737373737374,1.0,0.9999999999999996,,
2026090513,250,50%,100,true_random,False,1.0,0,0.05459967999999993,0.09649870465451854,0.5011717171717172,1.0023434343434343,0.8692525252525253,0.9608888888888889,1.0,0.9999999999999996,,
2026090514,250,50%,100,true_random,False,1.0,0,0.05887744000000006,0.10497999809487518,0.5031919191919192,1.0063838383838384,0.8682020202020202,0.9595959595959596,1.0,0.9999999999999996,,
2026090515,250,50%,100,true_random,False,1.0,0,0.053120000000000056,0.09539811318888859,0.5014949494949495,1.002989898989899,0.8702222222222222,0.9615353535353535,1.0,0.9999999999999996,,
2026090516,250,50%,100,true_random,False,1.0,0,0.0573376000000001,0.1020588065773846,0.4972929292929293,0.9945858585858586,0.8692525252525253,0.9612121212121212,1.0,0.9999999999999996,,
2026090517,250,50%,100,true_random,False,1.0,0,0.057846400000000076,0.10207448260951411,0.5047272727272728,1.0094545454545456,0.8677979797979799,0.9594343434343434,1.0,0.9999999999999996,,
2026090518,250,50%,100,true_random,False,1.0,0,0.05861248000000008,0.10421516204468523,0.5069090909090909,1.0138181818181817,0.8683636363636364,0.9575757575757575,1.0,0.9999999999999996,,
2026090519,250,50%,100,true_random,False,1.0,0,0.05802368000000002,0.10260604270704528,0.49543434343434345,0.9908686868686869,0.869010101010101,0.9617777777777777,1.0,0.9999999999999996,,
2026090520,250,50%,100,true_random,False,1.0,0,0.05472512000000007,0.09706080568385986,0.49204040404040406,0.9840808080808081,0.8753939393939394,0.9616161616161616,1.0,0.9999999999999996,,
2026090501,250,50%,100,candidate_a_recency_oracle,True,1.0,0,0.045071359999999894,0.08083563570604241,0.45002020202020204,0.9000404040404041,0.8787070707070708,0.9734141414141414,0.9970639080233863,0.9839280342785579,0.03819368037473341,
2026090502,250,50%,100,candidate_a_recency_oracle,True,1.0,0,0.04484288000000003,0.07977969666525438,0.4468686868686869,0.8937373737373738,0.8817777777777779,0.9746262626262626,0.9970917194408961,0.9840792104583462,0.01013328307098042,
2026090503,250,50%,100,candidate_a_recency_oracle,True,1.0,0,0.04293759999999991,0.07795383249077623,0.44307070707070706,0.8861414141414141,0.8820202020202021,0.9733333333333333,0.9970724754515369,0.9839748455224318,0.12421915264495709,
2026090504,250,50%,100,candidate_a_recency_oracle,True,1.0,0,0.04754048000000011,0.08396189611960893,0.4468686868686869,0.8937373737373738,0.8764444444444445,0.9746262626262626,0.9970626763875058,0.9839214380460446,0.09344463131048442,
2026090505,250,50%,100,candidate_a_recency_oracle,True,1.0,0,0.04823488000000009,0.08532291603080618,0.4446060606060606,0.8892121212121212,0.8777373737373737,0.9756767676767677,0.9971154519383916,0.9842081117475329,0.25298586455326894,
2026090506,250,50%,100,candidate_a_recency_oracle,True,1.0,0,0.0494489600000001,0.08779977220927171,0.44759595959595955,0.8951919191919191,0.8816969696969696,0.9735757575757575,0.9970830886128913,0.9840320589046572,0.14544704129845493,
2026090507,250,50%,100,candidate_a_recency_oracle,True,1.0,0,0.04597760000000006,0.08148619514985345,0.44088888888888883,0.8817777777777777,0.8863838383838384,0.9743030303030303,0.9970985303320726,0.9841163278368095,0.07257411245824379,
2026090508,250,50%,100,candidate_a_recency_oracle,True,1.0,0,0.052412799999999926,0.09350080213559668,0.4501010101010101,0.9002020202020202,0.8821010101010102,0.9732525252525253,0.9970501450605991,0.9838532702300476,0.1889436686073437,
2026090509,250,50%,100,candidate_a_recency_oracle,True,1.0,0,0.04975935999999992,0.08834477913266861,0.4486464646464646,0.8972929292929293,0.8808080808080808,0.9735757575757575,0.9970688168117845,0.9839545364702034,0.14863645425825625,
2026090510,250,50%,100,candidate_a_recency_oracle,True,1.0,0,0.046993279999999915,0.08350329334822669,0.44501010101010097,0.8900202020202019,0.8804040404040404,0.9738989898989898,0.9970750557111191,0.9839887878853655,0.24604106947622864,
2026090511,250,50%,100,candidate_a_recency_oracle,True,1.0,0,0.05145983999999992,0.08999555544581077,0.4480808080808081,0.8961616161616162,0.8820202020202021,0.9727676767676768,0.997050215845634,0.9838537724772292,0.2361890755744989,
2026090512,250,50%,100,candidate_a_recency_oracle,True,1.0,0,0.04500799999999994,0.0793775786982697,0.44226262626262625,0.8845252525252525,0.8821010101010102,0.9751919191919192,0.9970991602767002,0.9841198744036803,0.2420032509988443,
2026090513,250,50%,100,candidate_a_recency_oracle,True,1.0,0,0.04634559999999999,0.08162352602038213,0.44258585858585864,0.8851717171717173,0.8825858585858586,0.9743838383838384,0.9971048071725754,0.9841506943044639,0.16670269804852988,
2026090514,250,50%,100,candidate_a_recency_oracle,True,1.0,0,0.0491270399999999,0.08803635612631863,0.4444444444444444,0.8888888888888888,0.8797575757575758,0.9744646464646464,0.9971001464931397,0.9841248181239172,0.08219258059951977,
2026090515,250,50%,100,candidate_a_recency_oracle,True,1.0,0,0.04630719999999999,0.08248151308020482,0.44896969696969696,0.8979393939393939,0.8803232323232323,0.9747070707070706,0.9970861907287548,0.9840487492521622,0.10915944372167845,
2026090516,250,50%,100,candidate_a_recency_oracle,True,1.0,0,0.04841791999999989,0.08673638221646093,0.4442020202020202,0.8884040404040404,0.8808888888888888,0.9744646464646464,0.9971054270055678,0.9841533930454154,0.16673198455657076,
2026090517,250,50%,100,candidate_a_recency_oracle,True,1.0,0,0.050640639999999904,0.08868821793225974,0.4488888888888889,0.8977777777777778,0.878949494949495,0.9743838383838384,0.9970522947942512,0.9838652112791344,0.12874594126208352,
2026090518,250,50%,100,candidate_a_recency_oracle,True,1.0,0,0.04986431999999996,0.08953211714239756,0.4517979797979798,0.9035959595959596,0.8773333333333333,0.9734141414141414,0.9970454121287926,0.9838272731648867,0.08829233199833486,
2026090519,250,50%,100,candidate_a_recency_oracle,True,1.0,0,0.05187711999999989,0.09269304181005174,0.4427474747474748,0.8854949494949496,0.8806464646464646,0.9743030303030303,0.9970842729563861,0.9840390467354136,0.19356322359713168,
2026090520,250,50%,100,candidate_a_recency_oracle,True,1.0,0,0.046979840000000106,0.08311919152638576,0.4377373737373737,0.8754747474747474,0.8867878787878788,0.9752727272727272,0.9971303530704759,0.9842891919058708,0.1938646215243933,
2026090501,250,50%,100,candidate_b_exposure_oracle,True,1.0,0,0.02707967999999994,0.04853040284192993,0.4437979797979798,0.8875959595959596,0.8799191919191919,0.9773737373737375,0.9917720148079258,0.9556053395108057,0.21813352049595006,
2026090502,250,50%,100,candidate_b_exposure_oracle,True,1.0,0,0.026655359999999906,0.047699056594444296,0.44759595959595955,0.8951919191919191,0.8793535353535353,0.9773737373737375,0.9918762990302477,0.9561541904630738,0.22372316667566272,
2026090503,250,50%,100,candidate_b_exposure_oracle,True,1.0,0,0.026440320000000073,0.04773258844856415,0.4403232323232323,0.8806464646464646,0.88,0.9764040404040404,0.991794170016947,0.9557216393685676,0.287630041162928,
2026090504,250,50%,100,candidate_b_exposure_oracle,True,1.0,0,0.02901376,0.05159844958911072,0.44476767676767676,0.8895353535353535,0.8765252525252525,0.977939393939394,0.9916014547051983,0.9547041194357074,0.33685656459035906,
2026090505,250,50%,100,candidate_b_exposure_oracle,True,1.0,0,0.028868480000000085,0.05181505572707608,0.4404848484848485,0.880969696969697,0.8778181818181818,0.9792323232323232,0.9919901032134739,0.9567563192054886,0.4407413147656681,
2026090506,250,50%,100,candidate_b_exposure_oracle,True,1.0,0,0.0302496000000001,0.053784756204709155,0.44307070707070706,0.8861414141414141,0.8795959595959596,0.9769696969696969,0.991861920725382,0.9560799684905767,0.3241796665214058,
2026090507,250,50%,100,candidate_b_exposure_oracle,True,1.0,0,0.026356480000000015,0.04729482001234385,0.4406464646464647,0.8812929292929294,0.8848484848484848,0.9772121212121212,0.9919836744839844,0.9567233316142246,0.339469495701708,
2026090508,250,50%,100,candidate_b_exposure_oracle,True,1.0,0,0.029525760000000068,0.052854517309308575,0.44581818181818184,0.8916363636363637,0.8804040404040404,0.9761616161616161,0.9916513478535363,0.9549700517298626,0.3323650312673103,
2026090509,250,50%,100,candidate_b_exposure_oracle,True,1.0,0,0.029366400000000015,0.05227618960865454,0.44315151515151513,0.8863030303030303,0.8806464646464646,0.976,0.9918590118531452,0.9560663426060426,0.39777321010644323,
2026090510,250,50%,100,candidate_b_exposure_oracle,True,1.0,0,0.02811648,0.05072277594927154,0.4393535353535354,0.8787070707070708,0.8812929292929294,0.9775353535353535,0.9919377692640944,0.9564779281990938,0.47976730612493423,
2026090511,250,50%,100,candidate_b_exposure_oracle,True,1.0,0,0.02888767999999997,0.050974503430636774,0.44088888888888894,0.8817777777777779,0.8804040404040404,0.9772929292929292,0.9918349040329885,0.9559365285076714,0.4401771136199144,
2026090512,250,50%,100,candidate_b_exposure_oracle,True,1.0,0,0.028995840000000106,0.052000000000000005,0.4408080808080808,0.8816161616161616,0.8811313131313131,0.9786666666666667,0.9918690411505365,0.9561159125058422,0.4223980123724608,
2026090513,250,50%,100,candidate_b_exposure_oracle,True,1.0,0,0.02618560000000003,0.04657896520963084,0.4416969696969697,0.8833939393939394,0.880969696969697,0.978989898989899,0.9919848100136741,0.9567280836457391,0.3837481274134408,
2026090514,250,50%,100,candidate_b_exposure_oracle,True,1.0,0,0.028713599999999895,0.051567431582346626,0.4395151515151515,0.879030303030303,0.8797575757575758,0.9782626262626263,0.9918935701861612,0.9562453364069124,0.3001001823304038,
2026090515,250,50%,100,candidate_b_exposure_oracle,True,1.0,0,0.02678911999999989,0.047699056594444296,0.44492929292929295,0.8898585858585859,0.8800808080808081,0.9772929292929292,0.991761569670775,0.9555491939449355,0.30622151620296,
2026090516,250,50%,100,candidate_b_exposure_oracle,True,1.0,0,0.028254720000000066,0.05043808085167397,0.43919191919191913,0.8783838383838383,0.8816161616161616,0.9790707070707071,0.9919179128687613,0.956373516917871,0.3219731967472757,
2026090517,250,50%,100,candidate_b_exposure_oracle,True,1.0,0,0.03018304000000005,0.05348644688142969,0.4450909090909091,0.8901818181818182,0.8792727272727273,0.97810101010101,0.9917160390632546,0.9553086289639598,0.3733343981364579,
2026090518,250,50%,100,candidate_b_exposure_oracle,True,1.0,0,0.028764800000000035,0.05181505572707608,0.44759595959595955,0.8951919191919191,0.8773333333333333,0.9774545454545455,0.9917059987583479,0.9552570240955945,0.37487868179896744,
2026090519,250,50%,100,candidate_b_exposure_oracle,True,1.0,0,0.030065280000000083,0.05339662910708877,0.4368484848484848,0.8736969696969696,0.8821818181818182,0.9785050505050505,0.9918351100194394,0.9559365879259909,0.43973156147398695,
2026090520,250,50%,100,candidate_b_exposure_oracle,True,1.0,0,0.02716800000000008,0.048793442182326105,0.4330505050505051,0.8661010101010101,0.88589898989899,0.9792323232323232,0.9921178305882283,0.9574285602364059,0.43956252265788426,
2026090501,250,50%,100,candidate_c_opportunity,False,1.0,0,0.04059711999999993,0.07246516404452556,0.4766060606060606,0.9532121212121212,0.8703030303030302,0.9674343434343434,0.9972366233518677,0.9848604045085949,0.12982204891899052,
2026090502,250,50%,100,candidate_c_opportunity,False,1.0,0,0.04027840000000005,0.07153181110526981,0.4789494949494949,0.9578989898989898,0.8705454545454545,0.9694545454545455,0.9973281585106206,0.9853580802062766,0.08822731486394648,
2026090503,250,50%,100,candidate_c_opportunity,False,1.0,0,0.041816960000000014,0.07489726296734749,0.4732929292929293,0.9465858585858586,0.8737777777777779,0.9667878787878789,0.9972028231119183,0.984676831459643,0.16373823019458766,
2026090504,250,50%,100,candidate_c_opportunity,False,1.0,0,0.041544959999999964,0.07349557809827745,0.47442424242424247,0.9488484848484849,0.8684444444444445,0.9686464646464646,0.9971512778119656,0.9843965301550531,0.128638372353561,
2026090505,250,50%,100,candidate_c_opportunity,False,1.0,0,0.045072,0.07929691040639604,0.47749494949494947,0.9549898989898989,0.8672323232323231,0.9682424242424242,0.9972768009508478,0.985078736461638,0.2617852709161132,
2026090506,250,50%,100,candidate_c_opportunity,False,1.0,0,0.04620607999999993,0.0822484042398392,0.4765252525252525,0.953050505050505,0.8742626262626263,0.9655757575757575,0.9972273362079112,0.9848100743870971,0.19930477709435118,
2026090507,250,50%,100,candidate_c_opportunity,False,1.0,0,0.04022719999999991,0.07106053757184785,0.47434343434343434,0.9486868686868687,0.8752323232323231,0.9672727272727273,0.9972367106612972,0.9848612623741405,0.1648010289624508,
2026090508,250,50%,100,candidate_c_opportunity,False,1.0,0,0.045100160000000056,0.08029943959953892,0.48210101010101014,0.9642020202020203,0.8716767676767677,0.9672727272727273,0.9972256143036536,0.9848005855742022,0.24041509767770225,
2026090509,250,50%,100,candidate_c_opportunity,False,1.0,0,0.04690431999999989,0.08356075633932473,0.4799191919191919,0.9598383838383838,0.872,0.9669494949494949,0.9972382731538392,0.9848694763392071,0.23643407147315387,
2026090510,250,50%,100,candidate_c_opportunity,False,1.0,0,0.04355328000000003,0.07832241058598746,0.47264646464646465,0.9452929292929293,0.8727272727272728,0.9684848484848484,0.997249755186141,0.9849317385861777,0.27998246004029365,
2026090511,250,50%,100,candidate_c_opportunity,False,1.0,0,0.04612224000000009,0.08174105455644673,0.4741818181818182,0.9483636363636364,0.8726464646464646,0.9678383838383838,0.9971389172469423,0.9843293619029931,0.3121867416425233,
2026090512,250,50%,100,candidate_c_opportunity,False,1.0,0,0.042234880000000086,0.07578918128598566,0.4728888888888889,0.9457777777777778,0.8715959595959596,0.9697777777777777,0.9972718443161032,0.9850518203077491,0.23564273268301325,
2026090513,250,50%,100,candidate_c_opportunity,False,1.0,0,0.03983424000000002,0.06987989696615186,0.4745858585858586,0.9491717171717172,0.8727272727272728,0.9684040404040404,0.9972864040642797,0.9851309978258382,0.2895711002615085,
2026090514,250,50%,100,candidate_c_opportunity,False,1.0,0,0.04440255999999998,0.07899367063252599,0.474020202020202,0.948040404040404,0.8707878787878788,0.9681616161616161,0.9972383924374619,0.984870096901222,0.1997189756158471,
2026090515,250,50%,100,candidate_c_opportunity,False,1.0,0,0.04096447999999997,0.07386474125047755,0.4792727272727273,0.9585454545454546,0.8708686868686868,0.9669494949494949,0.9972399801012819,0.9848787981660582,0.182760875627053,
2026090516,250,50%,100,candidate_c_opportunity,False,1.0,0,0.04484095999999993,0.07907464827617003,0.4741010101010101,0.9482020202020202,0.8727272727272728,0.9684848484848484,0.9972524932027049,0.9849465793232903,0.2365214865918523,
2026090517,250,50%,100,candidate_c_opportunity,False,1.0,0,0.045572479999999915,0.08105306903504643,0.47943434343434344,0.9588686868686869,0.8698181818181817,0.9666262626262626,0.9972225167426759,0.9847835413467846,0.24212346808049362,
2026090518,250,50%,100,candidate_c_opportunity,False,1.0,0,0.04147583999999993,0.07423206854183709,0.4816161616161616,0.9632323232323232,0.8687676767676767,0.9669494949494949,0.9971688019251342,0.9844920182317887,0.2526802677977733,
2026090519,250,50%,100,candidate_c_opportunity,False,1.0,0,0.04392192000000006,0.0785060507222214,0.4695757575757576,0.9391515151515152,0.8718383838383839,0.9704242424242424,0.9972415469480453,0.9848869715264422,0.2562098924484908,
2026090520,250,50%,100,candidate_c_opportunity,False,1.0,0,0.0399699200000001,0.07175513918877169,0.4678787878787879,0.9357575757575758,0.8775757575757576,0.9689696969696969,0.9972148769891457,0.9847421105291678,0.2602609542152123,
2026090501,500,10,100,true_random,False,0.858,71,0.3975599999999999,0.732120208708925,0.023232323232323236,1.1616161616161615,0.05656565656565657,0.09595959595959595,1.0,0.9999999999999997,,
2026090502,500,10,100,true_random,False,0.876,62,0.37659599999999993,0.6841052550594828,0.01616161616161616,0.8080808080808081,0.05454545454545455,0.08989898989898991,1.0,0.9999999999999997,,
2026090503,500,10,100,true_random,False,0.866,67,0.380568,0.6920982589199312,0.019191919191919194,0.9595959595959596,0.0595959595959596,0.08888888888888889,1.0,0.9999999999999997,,
2026090504,500,10,100,true_random,False,0.858,71,0.38280800000000004,0.697137002317335,0.030303030303030304,1.5151515151515151,0.05454545454545455,0.08484848484848485,1.0,0.9999999999999997,,
2026090505,500,10,100,true_random,False,0.884,58,0.3754360000000001,0.7007139216541941,0.020202020202020204,1.0101010101010102,0.0494949494949495,0.09090909090909091,1.0,0.9999999999999997,,
2026090506,500,10,100,true_random,False,0.884,58,0.3642319999999999,0.6648308055437865,0.023232323232323236,1.1616161616161615,0.06565656565656566,0.10101010101010101,1.0,0.9999999999999997,,
2026090507,500,10,100,true_random,False,0.848,76,0.390536,0.7127411872482184,0.022222222222222223,1.1111111111111112,0.06060606060606061,0.08989898989898991,1.0,0.9999999999999997,,
2026090508,500,10,100,true_random,False,0.842,79,0.3935360000000001,0.714142842854285,0.017171717171717175,0.8585858585858586,0.061616161616161624,0.09393939393939395,1.0,0.9999999999999997,,
2026090509,500,10,100,true_random,False,0.858,71,0.39515199999999995,0.7286974680894671,0.019191919191919194,0.9595959595959596,0.06767676767676768,0.09393939393939395,1.0,0.9999999999999997,,
2026090510,500,10,100,true_random,False,0.844,78,0.38837999999999995,0.6992853494818836,0.020202020202020204,1.0101010101010102,0.048484848484848485,0.08080808080808081,1.0,0.9999999999999997,,
2026090511,500,10,100,true_random,False,0.87,65,0.37594400000000006,0.6841052550594828,0.01818181818181818,0.9090909090909091,0.05353535353535354,0.09090909090909091,1.0,0.9999999999999997,,
2026090512,500,10,100,true_random,False,0.848,76,0.3929480000000001,0.7169379331573968,0.01818181818181818,0.9090909090909091,0.050505050505050504,0.08585858585858586,1.0,0.9999999999999997,,
2026090513,500,10,100,true_random,False,0.874,63,0.38683599999999996,0.7155417527999327,0.024242424242424246,1.2121212121212122,0.058585858585858595,0.08888888888888889,1.0,0.9999999999999997,,
2026090514,500,10,100,true_random,False,0.866,67,0.39016800000000007,0.7162401831787993,0.021212121212121213,1.0606060606060606,0.0595959595959596,0.1090909090909091,1.0,0.9999999999999997,,
2026090515,500,10,100,true_random,False,0.858,71,0.38814799999999994,0.7224956747275377,0.013131313131313133,0.6565656565656566,0.06464646464646465,0.10707070707070707,1.0,0.9999999999999997,,
2026090516,500,10,100,true_random,False,0.882,59,0.36874399999999996,0.687749954561976,0.01616161616161616,0.8080808080808081,0.044444444444444446,0.08181818181818182,1.0,0.9999999999999997,,
2026090517,500,10,100,true_random,False,0.888,56,0.3686400000000001,0.6693280212272604,0.01818181818181818,0.9090909090909091,0.05454545454545455,0.08686868686868686,1.0,0.9999999999999997,,
2026090518,500,10,100,true_random,False,0.876,62,0.3723399999999999,0.6767569726275452,0.011111111111111112,0.5555555555555556,0.05151515151515152,0.08686868686868686,1.0,0.9999999999999997,,
2026090519,500,10,100,true_random,False,0.886,57,0.37326799999999993,0.687749954561976,0.026262626262626265,1.3131313131313131,0.06060606060606061,0.09494949494949495,1.0,0.9999999999999997,,
2026090520,500,10,100,true_random,False,0.864,68,0.381788,0.6985699678629192,0.025252525252525252,1.2626262626262625,0.05757575757575758,0.1,1.0,0.9999999999999997,,
2026090501,500,10,100,candidate_a_recency_oracle,True,0.868,66,0.38238799999999995,0.6985699678629192,0.011111111111111112,0.5555555555555556,0.03737373737373738,0.07272727272727272,0.9992110573804274,0.9951091822820295,0.6460042975369212,
2026090502,500,10,100,candidate_a_recency_oracle,True,0.886,57,0.36495600000000006,0.6663332499583072,0.010101010101010102,0.5050505050505051,0.03838383838383839,0.0707070707070707,0.9992104336573895,0.9951053254762777,0.615220573213952,
2026090503,500,10,100,candidate_a_recency_oracle,True,0.876,62,0.36793600000000004,0.6693280212272604,0.00909090909090909,0.45454545454545453,0.03838383838383839,0.0686868686868687,0.9992109021434813,0.9951082223312051,0.638494277317528,
2026090504,500,10,100,candidate_a_recency_oracle,True,0.866,67,0.373,0.6789698078707183,0.017171717171717175,0.8585858585858586,0.04040404040404041,0.06565656565656566,0.9992125286125529,0.9951182806945422,0.6507705509077881,
2026090505,500,10,100,candidate_a_recency_oracle,True,0.894,53,0.365556,0.6789698078707183,0.012121212121212123,0.6060606060606061,0.03535353535353535,0.0686868686868687,0.999211313815901,0.9951107684603024,0.6154512014423934,
2026090506,500,10,100,candidate_a_recency_oracle,True,0.888,56,0.35628799999999994,0.6519202405202649,0.012121212121212123,0.6060606060606061,0.044444444444444446,0.08181818181818182,0.9992117424963431,0.995113419257762,0.6172133135656754,
2026090507,500,10,100,candidate_a_recency_oracle,True,0.854,73,0.3840760000000001,0.6985699678629192,0.013131313131313133,0.6565656565656566,0.04242424242424243,0.06262626262626263,0.999212101575048,0.9951156397877601,0.6492537782975134,
2026090508,500,10,100,candidate_a_recency_oracle,True,0.856,72,0.3818440000000001,0.6942621983083913,0.012121212121212123,0.6060606060606061,0.04141414141414142,0.0696969696969697,0.999211721443927,0.9951132890775679,0.6772657595445538,
2026090509,500,10,100,candidate_a_recency_oracle,True,0.86,70,0.38247999999999993,0.7014271166700072,0.011111111111111112,0.5555555555555556,0.04848484848484849,0.07373737373737374,0.9992121551274675,0.995115970698635,0.64216137201418,
2026090510,500,10,100,candidate_a_recency_oracle,True,0.858,71,0.3773120000000001,0.68044103344816,0.012121212121212123,0.6060606060606061,0.03434343434343435,0.06262626262626263,0.9992104738233055,0.9951055738830143,0.6801253164736543,
2026090511,500,10,100,candidate_a_recency_oracle,True,0.872,64,0.3721080000000001,0.6767569726275452,0.007070707070707071,0.35353535353535354,0.03434343434343435,0.0686868686868687,0.9992101074847445,0.9951033082444002,0.6529504698399743,
2026090512,500,10,100,candidate_a_recency_oracle,True,0.854,73,0.3834679999999999,0.697853852894716,0.011111111111111112,0.5555555555555556,0.03838383838383839,0.07171717171717172,0.9992112863835042,0.99511059945905,0.6684880686243615,
2026090513,500,10,100,candidate_a_recency_oracle,True,0.888,56,0.37328399999999995,0.6906518659932803,0.014141414141414142,0.7070707070707071,0.04343434343434343,0.0707070707070707,0.999212317482305,0.9951169749698227,0.6204536870214454,
2026090514,500,10,100,candidate_a_recency_oracle,True,0.876,62,0.3720239999999999,0.6797058187186571,0.013131313131313133,0.6565656565656566,0.0393939393939394,0.08484848484848485,0.9992119094808829,0.9951144539302029,0.6433243217379171,
2026090515,500,10,100,candidate_a_recency_oracle,True,0.868,66,0.373348,0.6949820141557622,0.0060606060606060615,0.30303030303030304,0.045454545454545456,0.08686868686868686,0.999210417489837,0.9951052250805458,0.6181789382347013,
2026090516,500,10,100,candidate_a_recency_oracle,True,0.888,56,0.35784400000000005,0.6655824516917495,0.00808080808080808,0.40404040404040403,0.030303030303030304,0.06363636363636364,0.9992101223587064,0.9951034004334667,0.6115506490174948,
2026090517,500,10,100,candidate_a_recency_oracle,True,0.9,50,0.35639599999999994,0.6465291950097846,0.00909090909090909,0.45454545454545453,0.03636363636363636,0.06666666666666667,0.9992102219416303,0.9951040163080647,0.6289863700499737,
2026090518,500,10,100,candidate_a_recency_oracle,True,0.882,59,0.36451999999999996,0.6640783086353597,0.007070707070707071,0.35353535353535354,0.03636363636363636,0.0707070707070707,0.9992099461548233,0.9951023107812162,0.6355037972957008,
2026090519,500,10,100,candidate_a_recency_oracle,True,0.9,50,0.3560399999999999,0.6534523701081817,0.015151515151515152,0.7575757575757576,0.04141414141414142,0.07272727272727272,0.9992122734047706,0.9951167036372499,0.6099069041025842,
2026090520,500,10,100,candidate_a_recency_oracle,True,0.87,65,0.3732040000000001,0.6855654600401044,0.011111111111111112,0.5555555555555556,0.03838383838383839,0.0787878787878788,0.9992115912554127,0.9951124854978193,0.6442955806833875,
2026090501,500,10,100,candidate_b_exposure_oracle,True,0.87,65,0.37484000000000006,0.6826419266350405,0.012121212121212123,0.6060606060606061,0.0393939393939394,0.07171717171717172,0.9991178609201206,0.9945332034200036,0.3095217263712564,
2026090502,500,10,100,candidate_b_exposure_oracle,True,0.89,55,0.357016,0.6511528238439882,0.011111111111111112,0.5555555555555556,0.04040404040404041,0.0707070707070707,0.999122235347522,0.9945602437638281,0.28008895711922294,
2026090503,500,10,100,candidate_b_exposure_oracle,True,0.88,60,0.36396399999999995,0.6655824516917495,0.015151515151515152,0.7575757575757576,0.04646464646464647,0.07575757575757576,0.9991234015292357,0.9945674434241185,0.38364615779876216,
2026090504,500,10,100,candidate_b_exposure_oracle,True,0.872,64,0.3636839999999999,0.6595452979136459,0.019191919191919194,0.9595959595959596,0.04242424242424243,0.06464646464646465,0.9991275541473318,0.9945931001619465,0.3992614048151569,
2026090505,500,10,100,candidate_b_exposure_oracle,True,0.894,53,0.359688,0.6648308055437865,0.013131313131313133,0.6565656565656566,0.03535353535353535,0.06666666666666667,0.9991299210117444,0.994607731722925,0.34089819725669007,
2026090506,500,10,100,candidate_b_exposure_oracle,True,0.896,52,0.34773999999999994,0.6371812928829597,0.013131313131313133,0.6565656565656566,0.045454545454545456,0.0797979797979798,0.999116541075754,0.9945250458211338,0.34248175792189905,
2026090507,500,10,100,candidate_b_exposure_oracle,True,0.856,72,0.372096,0.6760177512462229,0.015151515151515152,0.7575757575757576,0.044444444444444446,0.061616161616161624,0.9991293971377903,0.9946044786199326,0.3499435603880021,
2026090508,500,10,100,candidate_b_exposure_oracle,True,0.864,68,0.3747400000000001,0.68044103344816,0.014141414141414142,0.7070707070707071,0.04141414141414142,0.0696969696969697,0.9991234920713059,0.9945679913919353,0.40674609392503835,
2026090509,500,10,100,candidate_b_exposure_oracle,True,0.862,69,0.37804799999999994,0.6870225614927067,0.012121212121212123,0.6060606060606061,0.05151515151515152,0.07474747474747476,0.9991272678665544,0.9945913190934771,0.3583224768753622,
2026090510,500,10,100,candidate_b_exposure_oracle,True,0.864,68,0.36716799999999994,0.6618156843109719,0.013131313131313133,0.6565656565656566,0.03535353535353535,0.061616161616161624,0.9991371580249755,0.9946524512340355,0.36248010001654873,
2026090511,500,10,100,candidate_b_exposure_oracle,True,0.87,65,0.37227999999999994,0.6782329983125268,0.012121212121212123,0.6060606060606061,0.0393939393939394,0.07171717171717172,0.9991159136593675,0.99452117475062,0.3594963756276434,
2026090512,500,10,100,candidate_b_exposure_oracle,True,0.858,71,0.3787400000000001,0.689202437604511,0.011111111111111112,0.5555555555555556,0.03838383838383839,0.0696969696969697,0.999124372868495,0.9945734256048862,0.36197905248874673,
2026090513,500,10,100,candidate_b_exposure_oracle,True,0.89,55,0.3649880000000001,0.6715653356152326,0.014141414141414142,0.7070707070707071,0.04141414141414142,0.06464646464646465,0.9991287203280845,0.9946003016353329,0.3466664074488346,
2026090514,500,10,100,candidate_b_exposure_oracle,True,0.88,60,0.36473599999999995,0.6663332499583072,0.013131313131313133,0.6565656565656566,0.03838383838383839,0.0787878787878788,0.9991157724538288,0.9945202804574985,0.37708193506785553,
2026090515,500,10,100,candidate_b_exposure_oracle,True,0.872,64,0.3640840000000001,0.66783231428256,0.00909090909090909,0.45454545454545453,0.045454545454545456,0.08383838383838385,0.999114305141458,0.9945112296627413,0.27807564015971864,
2026090516,500,10,100,candidate_b_exposure_oracle,True,0.888,56,0.3554520000000001,0.6572670690061994,0.010101010101010102,0.5050505050505051,0.03232323232323232,0.06363636363636364,0.9991395806608843,0.9946674176942437,0.39925235151149824,
2026090517,500,10,100,candidate_b_exposure_oracle,True,0.904,48,0.347016,0.6300793600809346,0.012121212121212123,0.6060606060606061,0.04040404040404041,0.0696969696969697,0.9991336686307816,0.9946308944708082,0.38291421007558935,
2026090518,500,10,100,candidate_b_exposure_oracle,True,0.884,58,0.35738000000000003,0.6534523701081817,0.007070707070707071,0.35353535353535354,0.03535353535353535,0.06363636363636364,0.99913802645758,0.9946578306517906,0.3257926958777506,
2026090519,500,10,100,candidate_b_exposure_oracle,True,0.902,49,0.3522559999999999,0.6465291950097846,0.017171717171717175,0.8585858585858586,0.04040404040404041,0.0707070707070707,0.9991227135736322,0.994563172658777,0.3481162752405351,
2026090520,500,10,100,candidate_b_exposure_oracle,True,0.878,61,0.36216000000000004,0.66783231428256,0.014141414141414142,0.7070707070707071,0.04040404040404041,0.0797979797979798,0.9991195780992632,0.9945438079981725,0.35613055176345954,
2026090501,500,10,100,candidate_c_opportunity,False,0.874,63,0.38066,0.6992853494818836,0.01616161616161616,0.8080808080808081,0.044444444444444446,0.08181818181818182,0.9976000600854246,0.9851979585251914,0.09937107754771006,
2026090502,500,10,100,candidate_c_opportunity,False,0.88,60,0.365356,0.6618156843109719,0.013131313131313133,0.6565656565656566,0.04646464646464647,0.08181818181818182,0.9975999936776916,0.9851976629981128,0.09869810570558527,
2026090503,500,10,100,candidate_c_opportunity,False,0.868,66,0.3772279999999999,0.6855654600401044,0.015151515151515152,0.7575757575757576,0.047474747474747475,0.07777777777777778,0.9975406165189661,0.9848342857220532,0.06270355636481507,
2026090504,500,10,100,candidate_c_opportunity,False,0.882,59,0.3594599999999999,0.6595452979136459,0.021212121212121213,1.0606060606060606,0.044444444444444446,0.07373737373737374,0.9975554063560125,0.9849246861804923,0.1368494577427199,
2026090505,500,10,100,candidate_c_opportunity,False,0.88,60,0.37596399999999996,0.697853852894716,0.014141414141414142,0.7070707070707071,0.04343434343434343,0.07676767676767678,0.997576245159715,0.9850522363558909,0.05511726052709873,
2026090506,500,10,100,candidate_c_opportunity,False,0.894,53,0.359896,0.6603029607687672,0.014141414141414142,0.7070707070707071,0.0494949494949495,0.08585858585858586,0.9975662702073173,0.9849912089793577,0.08960597959389681,
2026090507,500,10,100,candidate_c_opportunity,False,0.852,74,0.381656,0.6935416353759881,0.01616161616161616,0.8080808080808081,0.05353535353535353,0.07777777777777778,0.9975541778419328,0.984917319659073,0.10188791659736426,
2026090508,500,10,100,candidate_c_opportunity,False,0.868,66,0.38050800000000007,0.6913754406977441,0.014141414141414142,0.7070707070707071,0.0494949494949495,0.07777777777777778,0.9975499896570659,0.9848914835949852,0.17265287348488664,
2026090509,500,10,100,candidate_c_opportunity,False,0.86,70,0.3920159999999999,0.7224956747275377,0.011111111111111112,0.5555555555555556,0.05353535353535354,0.07777777777777778,0.9975579792650394,0.9849403564553753,0.0916593752728715,
2026090510,500,10,100,candidate_c_opportunity,False,0.87,65,0.37459599999999993,0.6797058187186571,0.013131313131313133,0.6565656565656566,0.03636363636363636,0.0686868686868687,0.9975985159632382,0.9851886337486587,0.1245152356636793,
2026090511,500,10,100,candidate_c_opportunity,False,0.868,66,0.37751599999999996,0.6855654600401044,0.015151515151515152,0.7575757575757576,0.047474747474747475,0.08383838383838385,0.9975624720500672,0.9849678836857191,0.06007335297021599,
2026090512,500,10,100,candidate_c_opportunity,False,0.86,70,0.39091999999999993,0.7183313998427189,0.012121212121212123,0.6060606060606061,0.048484848484848485,0.08080808080808081,0.9975741287249237,0.9850394005527185,0.02324464802532367,
2026090513,500,10,100,candidate_c_opportunity,False,0.876,62,0.37749600000000005,0.689202437604511,0.021212121212121213,1.0606060606060606,0.050505050505050504,0.07474747474747476,0.9975705305442213,0.9850172582748664,0.03932016453734703,
2026090514,500,10,100,candidate_c_opportunity,False,0.872,64,0.384544,0.7071067811865476,0.013131313131313133,0.6565656565656566,0.047474747474747475,0.09797979797979799,0.9975288657217024,0.9847624192245152,0.11310545360494105,
2026090515,500,10,100,candidate_c_opportunity,False,0.87,65,0.37260800000000005,0.689202437604511,0.014141414141414142,0.7070707070707071,0.05757575757575758,0.09696969696969697,0.9975722438105481,0.9850277227532784,-0.025626836500128113,
2026090516,500,10,100,candidate_c_opportunity,False,0.886,57,0.362652,0.6648308055437865,0.011111111111111112,0.5555555555555556,0.03434343434343435,0.06565656565656566,0.9975643681249131,0.9849795741383265,0.07687753550095044,
2026090517,500,10,100,candidate_c_opportunity,False,0.904,48,0.35572399999999993,0.650384501660364,0.012121212121212123,0.6060606060606061,0.047474747474747475,0.0787878787878788,0.9975759836141167,0.985050654468079,0.20005273714467803,
2026090518,500,10,100,candidate_c_opportunity,False,0.876,62,0.37094399999999994,0.6767569726275452,0.007070707070707071,0.35353535353535354,0.04343434343434343,0.07777777777777778,0.9975478220531571,0.984878246829952,0.14516413935123176,
2026090519,500,10,100,candidate_c_opportunity,False,0.894,53,0.3529,0.6488451279003334,0.017171717171717175,0.8585858585858586,0.045454545454545456,0.07777777777777778,0.9975479215204622,0.9848789517769933,0.10669704103510495,
2026090520,500,10,100,candidate_c_opportunity,False,0.882,59,0.3710359999999999,0.6797058187186571,0.010101010101010102,0.5050505050505051,0.03838383838383839,0.07777777777777778,0.9975436322338986,0.9848526263269111,0.07994946208972123,
2026090501,500,30,100,true_random,False,1.0,0,0.22509466666666667,0.40290610982378183,0.060942760942760944,1.015712682379349,0.15858585858585858,0.23905723905723908,1.0,0.9999999999999997,,
2026090502,500,30,100,true_random,False,1.0,0,0.2092493333333334,0.3731249418388192,0.05555555555555555,0.9259259259259259,0.16498316498316498,0.26195286195286194,1.0,0.9999999999999997,,
2026090503,500,30,100,true_random,False,0.996,2,0.22333466666666668,0.39846929339382947,0.06565656565656566,1.0942760942760943,0.1717171717171717,0.25353535353535356,1.0,0.9999999999999997,,
2026090504,500,30,100,true_random,False,0.998,1,0.21744399999999997,0.39327683210007,0.057912457912457915,0.9652076318742986,0.15925925925925927,0.2548821548821549,1.0,0.9999999999999997,,
2026090505,500,30,100,true_random,False,1.0,0,0.22084266666666674,0.3911521443121589,0.06599326599326599,1.0998877665544333,0.15622895622895622,0.25117845117845117,1.0,0.9999999999999997,,
2026090506,500,30,100,true_random,False,1.0,0,0.21840133333333323,0.3912941490887784,0.05858585858585858,0.9764309764309764,0.17037037037037037,0.2632996632996633,1.0,0.9999999999999997,,
2026090507,500,30,100,true_random,False,1.0,0,0.21974266666666664,0.3900142447541001,0.06262626262626263,1.043771043771044,0.168013468013468,0.2686868686868687,1.0,0.9999999999999997,,
2026090508,500,30,100,true_random,False,1.0,0,0.22272133333333333,0.3998610869900807,0.059932659932659935,0.9988776655443322,0.1707070707070707,0.2609427609427609,1.0,0.9999999999999997,,
2026090509,500,30,100,true_random,False,0.998,1,0.22650799999999993,0.405791407827552,0.05286195286195286,0.8810325476992145,0.163973063973064,0.25521885521885523,1.0,0.9999999999999997,,
2026090510,500,30,100,true_random,False,1.0,0,0.21984800000000004,0.39679269706541276,0.06026936026936027,1.0044893378226711,0.163973063973064,0.24983164983164985,1.0,0.9999999999999997,,
2026090511,500,30,100,true_random,False,0.998,1,0.23263866666666666,0.4147288270665544,0.06363636363636363,1.0606060606060606,0.16565656565656564,0.2585858585858586,1.0,0.9999999999999997,,
2026090512,500,30,100,true_random,False,1.0,0,0.21755733333333338,0.38858718455450897,0.05656565656565656,0.9427609427609429,0.16127946127946127,0.25387205387205386,1.0,0.9999999999999997,,
2026090513,500,30,100,true_random,False,0.998,1,0.21789866666666668,0.3865804501581067,0.061952861952861954,1.0325476992143658,0.1723905723905724,0.25993265993265996,1.0,0.9999999999999997,,
2026090514,500,30,100,true_random,False,0.994,3,0.22894400000000004,0.4106904755003051,0.05925925925925926,0.9876543209876544,0.17373737373737372,0.2734006734006734,1.0,0.9999999999999997,,
2026090515,500,30,100,true_random,False,1.0,0,0.21463199999999993,0.38614907886865546,0.0569023569023569,0.9483726150392817,0.16936026936026935,0.2535353535353535,1.0,0.9999999999999997,,
2026090516,500,30,100,true_random,False,0.998,1,0.2302573333333333,0.41579909678700466,0.05757575757575758,0.9595959595959596,0.1589225589225589,0.25555555555555554,1.0,0.9999999999999997,,
2026090517,500,30,100,true_random,False,1.0,0,0.23342666666666667,0.413924308700677,0.06060606060606061,1.0101010101010102,0.17340067340067342,0.26363636363636367,1.0,0.9999999999999997,,
2026090518,500,30,100,true_random,False,1.0,0,0.22364666666666677,0.40180149880811106,0.05387205387205387,0.8978675645342312,0.16262626262626265,0.26565656565656565,1.0,0.9999999999999997,,
2026090519,500,30,100,true_random,False,0.998,1,0.22573466666666664,0.40083246708153103,0.06296296296296296,1.049382716049383,0.168013468013468,0.26195286195286194,1.0,0.9999999999999997,,
2026090520,500,30,100,true_random,False,0.998,1,0.2163466666666667,0.3897292507483739,0.056902356902356906,0.9483726150392817,0.16666666666666666,0.25521885521885523,1.0,0.9999999999999997,,
2026090501,500,30,100,candidate_a_recency_oracle,True,1.0,0,0.21279599999999999,0.3781534080237807,0.039057239057239054,0.6509539842873177,0.11851851851851851,0.19595959595959594,0.9980042534253597,0.9876747014535918,0.3951619397434417,
2026090502,500,30,100,candidate_a_recency_oracle,True,1.0,0,0.19455466666666665,0.3486481830664769,0.03198653198653199,0.5331088664421998,0.12255892255892255,0.2181818181818182,0.9980011514556593,0.9876556628598592,0.3863524430715644,
2026090503,500,30,100,candidate_a_recency_oracle,True,1.0,0,0.19873866666666662,0.3559026084010437,0.035016835016835016,0.5836139169472503,0.1202020202020202,0.20404040404040402,0.9980048555413762,0.9876783937865035,0.3944484779266828,
2026090504,500,30,100,candidate_a_recency_oracle,True,1.0,0,0.1997253333333333,0.3630120904016529,0.036026936026936025,0.6004489337822672,0.1164983164983165,0.21010101010101012,0.9980022340929874,0.9876623081749853,0.3117987951511646,
2026090505,500,30,100,candidate_a_recency_oracle,True,1.0,0,0.20340933333333333,0.36239941133138354,0.03771043771043771,0.6285072951739619,0.1127946127946128,0.2080808080808081,0.9980050662657384,0.9876796881608974,0.3745172782308608,
2026090506,500,30,100,candidate_a_recency_oracle,True,1.0,0,0.20100800000000008,0.3583914681524163,0.035016835016835016,0.5836139169472503,0.11952861952861954,0.21178451178451177,0.9980026735551702,0.987665003276404,0.39229357762169115,
2026090507,500,30,100,candidate_a_recency_oracle,True,1.0,0,0.20907733333333334,0.37193189340702326,0.03771043771043771,0.6285072951739619,0.12053872053872054,0.21683501683501682,0.9980033515509477,0.987669164430548,0.451570602706609,
2026090508,500,30,100,candidate_a_recency_oracle,True,1.0,0,0.2052693333333333,0.3687817782917155,0.03434343434343434,0.5723905723905724,0.12289562289562289,0.21144781144781144,0.9980031972586026,0.9876682167586855,0.39815022058096206,
2026090509,500,30,100,candidate_a_recency_oracle,True,0.998,1,0.2095946666666666,0.37579545263643394,0.029966329966329967,0.49943883277216616,0.12255892255892255,0.2111111111111111,0.9980011804501249,0.9876558404143677,0.38271072129257167,
2026090510,500,30,100,candidate_a_recency_oracle,True,1.0,0,0.20401200000000008,0.3669695718539436,0.03636363636363636,0.6060606060606061,0.11548821548821549,0.2026936026936027,0.9980037825941855,0.9876718083405005,0.4262202218971924,
2026090511,500,30,100,candidate_a_recency_oracle,True,0.998,1,0.21109599999999995,0.37682887362833545,0.03636363636363636,0.6060606060606061,0.1191919191919192,0.2148148148148148,0.9980030458997341,0.9876672883034304,0.4256387922192062,
2026090512,500,30,100,candidate_a_recency_oracle,True,1.0,0,0.2026840000000001,0.3627058802329452,0.034006734006734006,0.5667789001122335,0.11616161616161616,0.20505050505050507,0.9980029482424679,0.9876666883024661,0.37746824642360066,
2026090513,500,30,100,candidate_a_recency_oracle,True,1.0,0,0.20184933333333333,0.3585464482539962,0.03939393939393939,0.6565656565656566,0.12794612794612795,0.21616161616161614,0.9980045153283396,0.9876763086615219,0.4259988931041641,
2026090514,500,30,100,candidate_a_recency_oracle,True,0.996,2,0.20818266666666663,0.37327380477785116,0.03232323232323232,0.5387205387205387,0.12053872053872054,0.2222222222222222,0.9979999766972388,0.9876484522875755,0.4272922240819665,
2026090515,500,30,100,candidate_a_recency_oracle,True,1.0,0,0.19509200000000004,0.3519785346990479,0.032996632996632996,0.5499438832772167,0.12188552188552189,0.21010101010101012,0.9980020733787915,0.9876613193606399,0.3611330962184386,
2026090516,500,30,100,candidate_a_recency_oracle,True,0.998,1,0.2150479999999999,0.38586123009300755,0.02929292929292929,0.4882154882154882,0.1111111111111111,0.20505050505050507,0.9979991756505927,0.9876435373854843,0.43857624704690557,
2026090517,500,30,100,candidate_a_recency_oracle,True,1.0,0,0.2128226666666666,0.37668141564044394,0.03636363636363636,0.6060606060606061,0.12693602693602693,0.2185185185185185,0.9980028821082056,0.9876662834980036,0.45120837992716745,
2026090518,500,30,100,candidate_a_recency_oracle,True,1.0,0,0.20740000000000003,0.3725288952252936,0.02760942760942761,0.4601571268237935,0.1202020202020202,0.22154882154882155,0.9979974918594601,0.987633203342358,0.4023537575999253,
2026090519,500,30,100,candidate_a_recency_oracle,True,1.0,0,0.20628266666666661,0.36681815052632766,0.03602693602693603,0.6004489337822672,0.12053872053872054,0.2111111111111111,0.998001682981445,0.9876589273237206,0.4653281973331216,
2026090520,500,30,100,candidate_a_recency_oracle,True,1.0,0,0.1984866666666667,0.3552776691859794,0.03232323232323232,0.5387205387205387,0.11952861952861954,0.20909090909090908,0.9980019139916472,0.9876603423379354,0.38384845347453367,
2026090501,500,30,100,candidate_b_exposure_oracle,True,1.0,0,0.1960426666666666,0.3488074922742725,0.03973063973063973,0.6621773288439955,0.11952861952861954,0.1882154882154882,0.9976141473046599,0.985284600084089,0.2794716381760554,
2026090502,500,30,100,candidate_b_exposure_oracle,True,1.0,0,0.18190266666666677,0.32608792270388265,0.038047138047138045,0.6341189674523008,0.13063973063973064,0.21717171717171718,0.9976042727586125,0.9852242673561213,0.29186934374653034,
2026090503,500,30,100,candidate_b_exposure_oracle,True,1.0,0,0.1915026666666666,0.34334951418181575,0.043771043771043766,0.7295173961840629,0.1265993265993266,0.20404040404040402,0.9976296459103946,0.9853793389430963,0.38423353915245606,
2026090504,500,30,100,candidate_b_exposure_oracle,True,1.0,0,0.18734933333333337,0.3407508050043479,0.04006734006734007,0.6677890011223345,0.11582491582491583,0.20067340067340067,0.9976149105344427,0.9852892439968691,0.33598256696628004,
2026090505,500,30,100,candidate_b_exposure_oracle,True,1.0,0,0.18887600000000004,0.33516165253998453,0.04579124579124579,0.7631874298540965,0.11818181818181818,0.20336700336700336,0.9976419694699326,0.9854548871470519,0.2884162658514615,
2026090506,500,30,100,candidate_b_exposure_oracle,True,1.0,0,0.18858133333333327,0.33565855667130945,0.039057239057239054,0.6509539842873177,0.12188552188552189,0.20909090909090908,0.9976186465944697,0.9853122095822197,0.3066871055327067,
2026090507,500,30,100,candidate_b_exposure_oracle,True,1.0,0,0.19711733333333337,0.3511884584284246,0.043771043771043766,0.7295173961840629,0.12390572390572391,0.21515151515151515,0.9975908247649814,0.9851419207681787,0.3981927001638586,
2026090508,500,30,100,candidate_b_exposure_oracle,True,1.0,0,0.19024933333333327,0.33993463423951903,0.04343434343434343,0.7239057239057239,0.12525252525252525,0.20336700336700336,0.9976277611556407,0.9853677976424516,0.38503912163225823,
2026090509,500,30,100,candidate_b_exposure_oracle,True,0.998,1,0.19708266666666674,0.3521363372331802,0.0367003367003367,0.611672278338945,0.12828282828282828,0.20841750841750842,0.9976135977129512,0.9852811616915581,0.3110232219903518,
2026090510,500,30,100,candidate_b_exposure_oracle,True,1.0,0,0.19280266666666668,0.3488074922742725,0.0430976430976431,0.718294051627385,0.12053872053872054,0.20202020202020202,0.9976353165237214,0.9854142521676817,0.4247643396175405,
2026090511,500,30,100,candidate_b_exposure_oracle,True,1.0,0,0.19932799999999995,0.3551212625443753,0.04208754208754209,0.7014590347923682,0.12053872053872054,0.2047138047138047,0.9976056178276634,0.985232615770948,0.38088598588896483,
2026090512,500,30,100,candidate_b_exposure_oracle,True,1.0,0,0.1887373333333333,0.33780336160421953,0.03838383838383838,0.6397306397306397,0.11346801346801345,0.19562289562289562,0.9976268257328923,0.9853621108937789,0.3246252275158285,
2026090513,500,30,100,candidate_b_exposure_oracle,True,1.0,0,0.1904986666666666,0.3389526351702976,0.04478114478114478,0.7463524130190796,0.1303030303030303,0.20976430976430976,0.9975814700278461,0.9850846145687026,0.26997789848947074,
2026090514,500,30,100,candidate_b_exposure_oracle,True,0.996,2,0.19851333333333332,0.3582364210034113,0.03939393939393939,0.6565656565656566,0.12491582491582492,0.2181818181818182,0.9975938509590517,0.985160315331907,0.3978856598213291,
2026090515,500,30,100,candidate_b_exposure_oracle,True,1.0,0,0.18143599999999993,0.3277871938383872,0.03737373737373738,0.622895622895623,0.12255892255892255,0.198989898989899,0.99764427573714,0.9854689735821881,0.34605688204995,
2026090516,500,30,100,candidate_b_exposure_oracle,True,1.0,0,0.19723866666666656,0.3533962208186286,0.035016835016835016,0.5836139169472503,0.11313131313131312,0.2,0.9976485889536499,0.9854954238513218,0.3955314187022955,
2026090517,500,30,100,candidate_b_exposure_oracle,True,1.0,0,0.1998426666666666,0.35245173034363475,0.043771043771043766,0.7295173961840629,0.1286195286195286,0.21043771043771042,0.9976135286757686,0.9852809207271811,0.41765028067363097,
2026090518,500,30,100,candidate_b_exposure_oracle,True,1.0,0,0.1968293333333333,0.3530816713830763,0.035016835016835016,0.5836139169472503,0.12188552188552189,0.2138047138047138,0.9976057775253018,0.9852334150505082,0.39599182443371245,
2026090519,500,30,100,candidate_b_exposure_oracle,True,1.0,0,0.19568133333333337,0.34832934606968347,0.04141414141414141,0.6902356902356903,0.12121212121212122,0.2063973063973064,0.9975994806742945,0.9851947927849766,0.4269494240608393,
2026090520,500,30,100,candidate_b_exposure_oracle,True,1.0,0,0.18866000000000005,0.3376388603226827,0.0367003367003367,0.611672278338945,0.12121212121212122,0.20336700336700336,0.9976313629771305,0.9853899088495536,0.32457930266531915,
2026090501,500,30,100,candidate_c_opportunity,False,1.0,0,0.2159133333333334,0.38614907886865546,0.047474747474747475,0.7912457912457913,0.13468013468013468,0.21144781144781144,0.9976000600854246,0.9851979585251914,0.20295819931921008,
2026090502,500,30,100,candidate_c_opportunity,False,1.0,0,0.19965466666666676,0.35621466686380127,0.04074074074074074,0.6790123456790124,0.14107744107744108,0.23737373737373738,0.9975999936776916,0.9851976629981128,0.14094290886674093,
2026090503,500,30,100,candidate_c_opportunity,False,1.0,0,0.20626933333333342,0.3681787005729087,0.051515151515151514,0.8585858585858586,0.14646464646464646,0.22727272727272727,0.9975406165189661,0.9848342857220532,0.1837823771373671,
2026090504,500,30,100,candidate_c_opportunity,False,1.0,0,0.21155333333333326,0.3797660098300297,0.047474747474747475,0.7912457912457913,0.1367003367003367,0.23164983164983166,0.9975554063560125,0.9849246861804923,0.14491536288974555,
2026090505,500,30,100,candidate_c_opportunity,False,1.0,0,0.20565333333333324,0.3654525352977532,0.05521885521885522,0.920314253647587,0.13501683501683504,0.2245791245791246,0.997576245159715,0.9850522363558909,0.1267767117120163,
2026090506,500,30,100,candidate_c_opportunity,False,1.0,0,0.2045893333333333,0.3675746333890726,0.045454545454545456,0.7575757575757576,0.14343434343434341,0.23636363636363636,0.9975662702073173,0.9849912089793577,0.12076256418358888,
2026090507,500,30,100,candidate_c_opportunity,False,1.0,0,0.21371333333333342,0.3815174380753199,0.04983164983164983,0.830527497194164,0.1383838383838384,0.23367003367003367,0.9975541778419328,0.984917319659073,0.264118381128309,
2026090508,500,30,100,candidate_c_opportunity,False,1.0,0,0.20588266666666666,0.3680277767294806,0.04814814814814815,0.8024691358024691,0.1457912457912458,0.232996632996633,0.9975499896570659,0.9848914835949852,0.16858582828906604,
2026090509,500,30,100,candidate_c_opportunity,False,0.998,1,0.21287199999999995,0.37961969273354496,0.04276094276094276,0.712682379349046,0.13804713804713803,0.2212121212121212,0.9975579792650394,0.9849403564553753,0.1455934824305409,
2026090510,500,30,100,candidate_c_opportunity,False,1.0,0,0.2116893333333334,0.38195404028349916,0.04579124579124579,0.7631874298540965,0.132996632996633,0.21717171717171718,0.9975985159632382,0.9851886337486587,0.2656792676573569,
2026090511,500,30,100,candidate_c_opportunity,False,0.998,1,0.21834933333333328,0.38801489089409386,0.05252525252525253,0.8754208754208754,0.14444444444444446,0.23703703703703702,0.9975624720500672,0.9849678836857191,0.18740106617902072,
2026090512,500,30,100,candidate_c_opportunity,False,1.0,0,0.20260933333333342,0.3634709219609061,0.04680134680134681,0.7800224466891135,0.13265993265993264,0.2222222222222222,0.9975741287249237,0.9850394005527185,0.11661549055805512,
2026090513,500,30,100,candidate_c_opportunity,False,1.0,0,0.20664799999999994,0.36530048514126623,0.05521885521885522,0.920314253647587,0.15218855218855218,0.23670033670033672,0.9975705305442213,0.9850172582748664,0.13232550741005936,
2026090514,500,30,100,candidate_c_opportunity,False,0.998,1,0.21538133333333342,0.38239014399199966,0.04781144781144781,0.7968574635241301,0.13973063973063973,0.24074074074074073,0.9975288657217024,0.9847624192245152,0.1710205091264979,
2026090515,500,30,100,candidate_c_opportunity,False,1.0,0,0.20019333333333322,0.36224607965059086,0.04478114478114478,0.7463524130190796,0.14343434343434341,0.2255892255892256,0.9975722438105481,0.9850277227532784,0.1256011131097151,
2026090516,500,30,100,candidate_c_opportunity,False,0.998,1,0.21504266666666672,0.38398495340891214,0.04343434343434343,0.7239057239057239,0.12727272727272726,0.22323232323232325,0.9975643681249131,0.9849795741383265,0.1212274364945704,
2026090517,500,30,100,candidate_c_opportunity,False,1.0,0,0.21712933333333329,0.3847076812334269,0.050505050505050504,0.8417508417508418,0.14545454545454545,0.23063973063973062,0.9975759836141167,0.985050654468079,0.2368166027387279,
2026090518,500,30,100,candidate_c_opportunity,False,1.0,0,0.21384933333333334,0.38557316642456674,0.039057239057239054,0.6509539842873177,0.1367003367003367,0.23569023569023567,0.9975478220531571,0.984878246829952,0.1608858901548381,
2026090519,500,30,100,candidate_c_opportunity,False,1.0,0,0.20632666666666677,0.36727222722238184,0.04814814814814815,0.8024691358024691,0.14242424242424243,0.232996632996633,0.9975479215204622,0.9848789517769933,0.17423164408465994,
2026090520,500,30,100,candidate_c_opportunity,False,0.998,1,0.20269866666666658,0.3648439544669901,0.04713804713804714,0.7856341189674524,0.14040404040404042,0.23198653198653196,0.9975436322338986,0.9848526263269111,0.18987681575871307,
2026090501,500,50,100,true_random,False,1.0,0,0.16604240000000003,0.2973886346180701,0.09959595959595959,0.9959595959595959,0.26161616161616164,0.3907070707070707,1.0,0.9999999999999997,,
2026090502,500,50,100,true_random,False,1.0,0,0.16099839999999999,0.2841830396065184,0.09313131313131313,0.9313131313131313,0.2591919191919192,0.39676767676767677,1.0,0.9999999999999997,,
2026090503,500,50,100,true_random,False,1.0,0,0.16176079999999993,0.28879058156387305,0.10343434343434343,1.0343434343434343,0.2696969696969697,0.403030303030303,1.0,0.9999999999999997,,
2026090504,500,50,100,true_random,False,1.0,0,0.1645007999999999,0.2965805118344764,0.0997979797979798,0.997979797979798,0.2644444444444444,0.40505050505050505,1.0,0.9999999999999997,,
2026090505,500,50,100,true_random,False,1.0,0,0.16344960000000008,0.29058561561095897,0.10303030303030304,1.0303030303030303,0.2604040404040404,0.3991919191919192,1.0,0.9999999999999997,,
2026090506,500,50,100,true_random,False,1.0,0,0.16107760000000004,0.28691462144686875,0.09696969696969697,0.9696969696969697,0.26666666666666666,0.39656565656565657,1.0,0.9999999999999997,,
2026090507,500,50,100,true_random,False,1.0,0,0.1803688000000001,0.3197499022673814,0.10262626262626262,1.0262626262626262,0.27212121212121215,0.41010101010101013,1.0,0.9999999999999997,,
2026090508,500,50,100,true_random,False,1.0,0,0.16561920000000008,0.2964456105257759,0.10202020202020201,1.02020202020202,0.2676767676767677,0.40383838383838383,1.0,0.9999999999999997,,
2026090509,500,50,100,true_random,False,1.0,0,0.16624480000000008,0.29488980992906483,0.10060606060606062,1.006060606060606,0.26363636363636367,0.403030303030303,1.0,0.9999999999999997,,
2026090510,500,50,100,true_random,False,1.0,0,0.1665512,0.2958377933936095,0.10121212121212121,1.0121212121212122,0.2682828282828283,0.3945454545454546,1.0,0.9999999999999997,,
2026090511,500,50,100,true_random,False,1.0,0,0.16994240000000005,0.3048934240025521,0.10060606060606062,1.006060606060606,0.2676767676767677,0.4008080808080808,1.0,0.9999999999999997,,
2026090512,500,50,100,true_random,False,1.0,0,0.16419279999999992,0.2931893586063451,0.09777777777777777,0.9777777777777777,0.2672727272727273,0.398989898989899,1.0,0.9999999999999997,,
2026090513,500,50,100,true_random,False,1.0,0,0.16058799999999995,0.28691462144686875,0.10464646464646464,1.0464646464646463,0.27171717171717175,0.40060606060606063,1.0,0.9999999999999997,,
2026090514,500,50,100,true_random,False,1.0,0,0.16951439999999995,0.3035127674415032,0.10262626262626262,1.0262626262626262,0.2694949494949495,0.4092929292929293,1.0,0.9999999999999997,,
2026090515,500,50,100,true_random,False,1.0,0,0.1703224000000001,0.3059411708155671,0.09838383838383839,0.9838383838383837,0.2701010101010101,0.3977777777777778,1.0,0.9999999999999997,,
2026090516,500,50,100,true_random,False,1.0,0,0.1729791999999999,0.3074410512602375,0.098989898989899,0.98989898989899,0.2644444444444444,0.3985858585858586,1.0,0.9999999999999997,,
2026090517,500,50,100,true_random,False,1.0,0,0.18111199999999994,0.32249030993194194,0.0993939393939394,0.9939393939393939,0.277979797979798,0.40484848484848485,1.0,0.9999999999999997,,
2026090518,500,50,100,true_random,False,1.0,0,0.165408,0.2946183972531247,0.09212121212121213,0.9212121212121213,0.26545454545454544,0.4078787878787879,1.0,0.9999999999999997,,
2026090519,500,50,100,true_random,False,1.0,0,0.1625128,0.28865203966021097,0.10383838383838385,1.0383838383838384,0.2678787878787879,0.40282828282828287,1.0,0.9999999999999997,,
2026090520,500,50,100,true_random,False,1.0,0,0.15815120000000005,0.28128277586798667,0.09959595959595959,0.9959595959595959,0.26585858585858585,0.3991919191919192,1.0,0.9999999999999997,,
2026090501,500,50,100,candidate_a_recency_oracle,True,1.0,0,0.14778960000000008,0.26442390209661454,0.06161616161616161,0.6161616161616161,0.20262626262626263,0.336969696969697,0.9972050867329901,0.9827823625176281,0.2223758171626013,
2026090502,500,50,100,candidate_a_recency_oracle,True,1.0,0,0.14733280000000004,0.26161039734689445,0.05737373737373737,0.5737373737373737,0.20383838383838385,0.3482828282828283,0.9972013284684514,0.9827594133421167,0.2982824702885373,
2026090503,500,50,100,candidate_a_recency_oracle,True,1.0,0,0.1476552,0.2627546383986399,0.06464646464646465,0.6464646464646465,0.21191919191919192,0.35393939393939394,0.9972032088512252,0.9827708923580188,0.3771818424742274,
2026090504,500,50,100,candidate_a_recency_oracle,True,1.0,0,0.1526095999999999,0.2741532418192424,0.06484848484848485,0.6484848484848486,0.20161616161616164,0.3537373737373738,0.9972024208283934,0.9827660892894369,0.3022498874592284,
2026090505,500,50,100,candidate_a_recency_oracle,True,1.0,0,0.15007119999999996,0.2673574386472163,0.06747474747474747,0.6747474747474748,0.20363636363636364,0.3527272727272727,0.9972052601709485,0.9827834168457217,0.32214048638377923,
2026090506,500,50,100,candidate_a_recency_oracle,True,1.0,0,0.1430456,0.2555777768116782,0.06080808080808081,0.608080808080808,0.20989898989898992,0.3507070707070707,0.9972010500198359,0.9827577055333012,0.2962588239166095,
2026090507,500,50,100,candidate_a_recency_oracle,True,1.0,0,0.15723599999999993,0.2792131802046601,0.06525252525252526,0.6525252525252525,0.21777777777777776,0.361010101010101,0.9971969926798667,0.9827329382782001,0.3222295695553171,
2026090508,500,50,100,candidate_a_recency_oracle,True,1.0,0,0.1443512,0.25837956575549853,0.06181818181818182,0.6181818181818182,0.20565656565656565,0.3529292929292929,0.9972050469649608,0.9827821154115703,0.31652693076233773,
2026090509,500,50,100,candidate_a_recency_oracle,True,1.0,0,0.1482471999999999,0.26199236630100503,0.06121212121212122,0.6121212121212121,0.20747474747474748,0.3537373737373738,0.9972051587476551,0.9827827956037383,0.24625997338483915,
2026090510,500,50,100,candidate_a_recency_oracle,True,1.0,0,0.14825200000000005,0.2634387974463898,0.06181818181818182,0.6181818181818182,0.2086868686868687,0.3432323232323233,0.9972084156856321,0.9828026911099014,0.3576230276640832,
2026090511,500,50,100,candidate_a_recency_oracle,True,1.0,0,0.15004400000000007,0.26988886601710715,0.06464646464646465,0.6464646464646465,0.20888888888888887,0.35050505050505054,0.9972063537325647,0.9827900933459294,0.34053802238923614,
2026090512,500,50,100,candidate_a_recency_oracle,True,1.0,0,0.14094479999999998,0.25083859352181037,0.06181818181818182,0.6181818181818182,0.20585858585858585,0.35010101010101013,0.9972045727465354,0.9827792172914462,0.29930938268787,
2026090513,500,50,100,candidate_a_recency_oracle,True,1.0,0,0.14450800000000008,0.2595380511601334,0.06323232323232324,0.6323232323232323,0.20888888888888887,0.3494949494949495,0.9972031824771102,0.9827707345197448,0.25837516741787414,
2026090514,500,50,100,candidate_a_recency_oracle,True,1.0,0,0.14934800000000004,0.2664582518894846,0.06444444444444444,0.6444444444444444,0.20545454545454545,0.3565656565656566,0.9972031619272756,0.9827706024033607,0.3251963409604524,
2026090515,500,50,100,candidate_a_recency_oracle,True,1.0,0,0.1561528000000001,0.27957110008010483,0.06101010101010101,0.61010101010101,0.21717171717171718,0.3517171717171717,0.997199688952105,0.9827493915103938,0.3294353687927567,
2026090516,500,50,100,candidate_a_recency_oracle,True,1.0,0,0.1537759999999999,0.27386127875258304,0.0591919191919192,0.5919191919191918,0.20444444444444446,0.34525252525252526,0.9972053325021399,0.9827838638282073,0.27501368149584393,
2026090517,500,50,100,candidate_a_recency_oracle,True,1.0,0,0.15862320000000008,0.2820638225650358,0.06222222222222222,0.6222222222222221,0.2191919191919192,0.3517171717171717,0.9972008024960693,0.9827561982922935,0.35576164020719725,
2026090518,500,50,100,candidate_a_recency_oracle,True,1.0,0,0.15153119999999998,0.2694438717061496,0.05717171717171717,0.5717171717171716,0.2064646464646465,0.3557575757575758,0.9971984724370155,0.9827419669921104,0.35253390178414995,
2026090519,500,50,100,candidate_a_recency_oracle,True,1.0,0,0.14730880000000002,0.26252618916976644,0.062424242424242424,0.6242424242424243,0.2080808080808081,0.3537373737373738,0.9972003855886397,0.982753642685863,0.31458244244324557,
2026090520,500,50,100,candidate_a_recency_oracle,True,1.0,0,0.14273599999999997,0.2549509756796392,0.0591919191919192,0.5919191919191918,0.20767676767676765,0.3494949494949495,0.9972022151667399,0.9827648223579243,0.23840296697580604,
2026090501,500,50,100,candidate_b_exposure_oracle,True,1.0,0,0.1302696000000001,0.23255106965997813,0.06848484848484848,0.6848484848484848,0.20404040404040402,0.32646464646464646,0.9964119244424963,0.9779535092768594,0.26886998411086416,
2026090502,500,50,100,candidate_b_exposure_oracle,True,1.0,0,0.1335632,0.23681216184985096,0.06565656565656566,0.6565656565656566,0.20767676767676765,0.34444444444444444,0.9963773344682533,0.9777433210013371,0.29041897236728087,
2026090503,500,50,100,candidate_b_exposure_oracle,True,1.0,0,0.13231919999999997,0.23562682360037024,0.07313131313131313,0.7313131313131312,0.21292929292929294,0.34464646464646465,0.9963668082966401,0.9776792232892254,0.4244039936876815,
2026090504,500,50,100,candidate_b_exposure_oracle,True,1.0,0,0.13026720000000003,0.23469128658729535,0.0694949494949495,0.6949494949494949,0.1993939393939394,0.338989898989899,0.9963961039910408,0.977857353030017,0.3763364782912088,
2026090505,500,50,100,candidate_b_exposure_oracle,True,1.0,0,0.1354168,0.2401666088364492,0.07151515151515152,0.7151515151515151,0.20202020202020202,0.343030303030303,0.9963831713445012,0.9777786499251502,0.31691624333950424,
2026090506,500,50,100,candidate_b_exposure_oracle,True,1.0,0,0.1288647999999999,0.2309112383579457,0.06787878787878787,0.6787878787878788,0.21171717171717172,0.3397979797979798,0.9963760977049403,0.9777356531271174,0.357842767853567,
2026090507,500,50,100,candidate_b_exposure_oracle,True,1.0,0,0.13875039999999994,0.24617067250182342,0.07212121212121211,0.7212121212121211,0.21515151515151515,0.3513131313131313,0.9963207191050115,0.9773996821492276,0.3721358279120578,
2026090508,500,50,100,candidate_b_exposure_oracle,True,1.0,0,0.13156480000000004,0.23486166140943482,0.06868686868686869,0.6868686868686869,0.2094949494949495,0.34464646464646465,0.9964018558803986,0.9778920185866825,0.3787092988894711,
2026090509,500,50,100,candidate_b_exposure_oracle,True,1.0,0,0.1331032000000001,0.2355419283269966,0.06646464646464646,0.6646464646464646,0.20606060606060606,0.3424242424242424,0.9964178483260464,0.9779890429197784,0.2686851502572263,
2026090510,500,50,100,candidate_b_exposure_oracle,True,1.0,0,0.13622080000000003,0.24265201420964963,0.0698989898989899,0.698989898989899,0.2084848484848485,0.33454545454545453,0.9964350153194759,0.9780939607299359,0.41035176067027024,
2026090511,500,50,100,candidate_b_exposure_oracle,True,1.0,0,0.1335519999999999,0.240083318870762,0.07232323232323233,0.7232323232323232,0.2105050505050505,0.34040404040404043,0.9964046025706813,0.9779090970624842,0.3389709662887637,
2026090512,500,50,100,candidate_b_exposure_oracle,True,1.0,0,0.12769359999999996,0.2280350850198276,0.0692929292929293,0.6929292929292928,0.21010101010101012,0.34040404040404043,0.9963716961521252,0.977709044140926,0.3024721961262663,
2026090513,500,50,100,candidate_b_exposure_oracle,True,1.0,0,0.1289655999999999,0.23298068589477539,0.0703030303030303,0.703030303030303,0.2062626262626263,0.3333333333333333,0.9963901323650218,0.9778210007386687,0.2762338341784554,
2026090514,500,50,100,candidate_b_exposure_oracle,True,1.0,0,0.1343664,0.24166091947189144,0.07515151515151515,0.7515151515151515,0.21171717171717172,0.3521212121212121,0.9963304763618622,0.9774586425736365,0.37906047918083996,
2026090515,500,50,100,candidate_b_exposure_oracle,True,1.0,0,0.14095919999999995,0.25099800796022265,0.07191919191919192,0.7191919191919193,0.21656565656565657,0.342020202020202,0.9963266682875603,0.9774356214756432,0.42531276971476095,
2026090516,500,50,100,candidate_b_exposure_oracle,True,1.0,0,0.1373200000000001,0.24462215762273049,0.07232323232323233,0.7232323232323232,0.20929292929292928,0.3367676767676768,0.9964232127824145,0.9780218364329683,0.37472005589381713,
2026090517,500,50,100,candidate_b_exposure_oracle,True,1.0,0,0.14161599999999996,0.25171412356083633,0.0707070707070707,0.7070707070707071,0.21636363636363637,0.33575757575757575,0.9964107881537586,0.9779465512483168,0.43151545453019585,
2026090518,500,50,100,candidate_b_exposure_oracle,True,1.0,0,0.13837600000000005,0.24714368290530916,0.06545454545454546,0.6545454545454545,0.20767676767676765,0.34747474747474744,0.9963555616347343,0.9776111161833683,0.46139382957465785,
2026090519,500,50,100,candidate_b_exposure_oracle,True,1.0,0,0.13215679999999996,0.23477648945326704,0.07373737373737374,0.7373737373737373,0.21151515151515152,0.34080808080808084,0.996343278752745,0.977536526905811,0.3990803661312488,
2026090520,500,50,100,candidate_b_exposure_oracle,True,1.0,0,0.12692079999999994,0.22583179581272428,0.0707070707070707,0.7070707070707071,0.2111111111111111,0.342020202020202,0.9963678401146301,0.9776854105450467,0.26102949263753217,
2026090501,500,50,100,candidate_c_opportunity,False,1.0,0,0.15312480000000006,0.27305677065401623,0.081010101010101,0.8101010101010101,0.22787878787878788,0.3557575757575758,0.9976000600854246,0.9851979585251914,0.18644915632010653,
2026090502,500,50,100,candidate_c_opportunity,False,1.0,0,0.1470336000000001,0.2608447814314099,0.07373737373737374,0.7373737373737373,0.2286868686868687,0.36686868686868684,0.9975999936776916,0.9851976629981128,0.19315730896545363,
2026090503,500,50,100,candidate_c_opportunity,False,1.0,0,0.1464744,0.26053790511171304,0.08424242424242424,0.8424242424242423,0.23555555555555555,0.36888888888888893,0.9975406165189661,0.9848342857220532,0.27032714081771436,
2026090504,500,50,100,candidate_c_opportunity,False,1.0,0,0.14811759999999996,0.26630809225406576,0.081010101010101,0.8101010101010101,0.22383838383838384,0.3686868686868687,0.9975554063560125,0.9849246861804923,0.1884464698561455,
2026090505,500,50,100,candidate_c_opportunity,False,1.0,0,0.15233760000000007,0.2715879231482873,0.08444444444444443,0.8444444444444444,0.2268686868686869,0.3678787878787879,0.997576245159715,0.9850522363558909,0.15476105378572336,
2026090506,500,50,100,candidate_c_opportunity,False,1.0,0,0.14368000000000003,0.2565151067676132,0.07575757575757576,0.7575757575757576,0.2313131313131313,0.36262626262626263,0.9975662702073173,0.9849912089793577,0.1801436769614995,
2026090507,500,50,100,candidate_c_opportunity,False,1.0,0,0.1608904,0.28586710198971826,0.08525252525252525,0.8525252525252525,0.243030303030303,0.37737373737373736,0.9975541778419328,0.984917319659073,0.26211237714554947,
2026090508,500,50,100,candidate_c_opportunity,False,1.0,0,0.14601759999999997,0.26199236630100503,0.08040404040404041,0.804040404040404,0.2311111111111111,0.36808080808080806,0.9975499896570659,0.9848914835949852,0.20958504144263373,
2026090509,500,50,100,candidate_c_opportunity,False,1.0,0,0.14800480000000005,0.26199236630100503,0.08,0.8,0.2309090909090909,0.36727272727272725,0.9975579792650394,0.9849403564553753,0.16995258194777335,
2026090510,500,50,100,candidate_c_opportunity,False,1.0,0,0.14881680000000008,0.26517918470347557,0.08121212121212122,0.812121212121212,0.2307070707070707,0.35797979797979795,0.9975985159632382,0.9851886337486587,0.22008687625439372,
2026090511,500,50,100,candidate_c_opportunity,False,1.0,0,0.15272320000000006,0.276477847213841,0.08323232323232324,0.8323232323232322,0.23797979797979796,0.37030303030303036,0.9975624720500672,0.9849678836857191,0.16335260549576583,
2026090512,500,50,100,candidate_c_opportunity,False,1.0,0,0.14386159999999992,0.25706030420895404,0.08343434343434343,0.8343434343434343,0.23434343434343433,0.36828282828282827,0.9975741287249237,0.9850394005527185,0.11450257352264288,
2026090513,500,50,100,candidate_c_opportunity,False,1.0,0,0.14772239999999992,0.2638939180807318,0.08323232323232324,0.8323232323232322,0.23515151515151517,0.36404040404040405,0.9975705305442213,0.9850172582748664,0.15282696558744868,
2026090514,500,50,100,candidate_c_opportunity,False,1.0,0,0.1514936,0.27077666073722084,0.08727272727272728,0.8727272727272727,0.23737373737373738,0.3781818181818182,0.9975288657217024,0.9847624192245152,0.2104555702273926,
2026090515,500,50,100,candidate_c_opportunity,False,1.0,0,0.15829120000000008,0.28255972819918973,0.081010101010101,0.8101010101010101,0.2385858585858586,0.36727272727272725,0.9975722438105481,0.9850277227532784,0.194710289114415,
2026090516,500,50,100,candidate_c_opportunity,False,1.0,0,0.1519991999999999,0.2709243436828813,0.08040404040404041,0.804040404040404,0.2307070707070707,0.36505050505050507,0.9975643681249131,0.9849795741383265,0.1706824176740286,
2026090517,500,50,100,candidate_c_opportunity,False,1.0,0,0.16130160000000004,0.288859827598093,0.08262626262626262,0.8262626262626263,0.24020202020202022,0.36767676767676766,0.9975759836141167,0.985050654468079,0.26465594020652256,
2026090518,500,50,100,candidate_c_opportunity,False,1.0,0,0.14775840000000007,0.2634387974463898,0.07393939393939394,0.7393939393939394,0.2311111111111111,0.3674747474747475,0.9975478220531571,0.984878246829952,0.2386128598335893,
2026090519,500,50,100,candidate_c_opportunity,False,1.0,0,0.1476983999999999,0.26336286754210436,0.08383838383838385,0.8383838383838383,0.23313131313131316,0.3686868686868687,0.9975479215204622,0.9848789517769933,0.16662248804730231,
2026090520,500,50,100,candidate_c_opportunity,False,1.0,0,0.14310639999999997,0.2555777768116782,0.07858585858585859,0.7858585858585858,0.23393939393939395,0.3656565656565657,0.9975436322338986,0.9848526263269111,0.1499251779910183,
2026090501,500,100,100,true_random,False,1.0,0,0.11087479999999994,0.1985698869416005,0.19919191919191917,0.9959595959595959,0.4782828282828283,0.654949494949495,1.0,0.9999999999999997,,
2026090502,500,100,100,true_random,False,1.0,0,0.11558679999999999,0.20486580973896057,0.20232323232323232,1.0116161616161616,0.4827272727272727,0.6628282828282829,1.0,0.9999999999999997,,
2026090503,500,100,100,true_random,False,1.0,0,0.110792,0.1972308292331602,0.20686868686868687,1.0343434343434343,0.487979797979798,0.6596969696969697,1.0,0.9999999999999997,,
2026090504,500,100,100,true_random,False,1.0,0,0.10954360000000007,0.196316071680339,0.19989898989898988,0.9994949494949493,0.48545454545454547,0.6642424242424243,1.0,0.9999999999999997,,
2026090505,500,100,100,true_random,False,1.0,0,0.11195080000000002,0.20062402647738878,0.1995959595959596,0.997979797979798,0.4819191919191919,0.6620202020202021,1.0,0.9999999999999997,,
2026090506,500,100,100,true_random,False,1.0,0,0.1116988000000001,0.19834313701260248,0.19848484848484846,0.9924242424242424,0.48111111111111116,0.6582828282828282,1.0,0.9999999999999997,,
2026090507,500,100,100,true_random,False,1.0,0,0.1180232000000001,0.20902152999152981,0.20242424242424242,1.012121212121212,0.483939393939394,0.6658585858585859,1.0,0.9999999999999997,,
2026090508,500,100,100,true_random,False,1.0,0,0.11005240000000005,0.19608671551127577,0.19656565656565658,0.9828282828282828,0.48414141414141415,0.6639393939393939,1.0,0.9999999999999997,,
2026090509,500,100,100,true_random,False,1.0,0,0.11002599999999996,0.19549936061276518,0.20373737373737374,1.0186868686868686,0.4813131313131313,0.6556565656565656,1.0,0.9999999999999997,,
2026090510,500,100,100,true_random,False,1.0,0,0.10914040000000003,0.19336493994517207,0.19848484848484846,0.9924242424242424,0.48000000000000004,0.6578787878787878,1.0,0.9999999999999997,,
2026090511,500,100,100,true_random,False,1.0,0,0.11462759999999994,0.204132310034448,0.19292929292929295,0.9646464646464646,0.47848484848484846,0.6596969696969697,1.0,0.9999999999999997,,
2026090512,500,100,100,true_random,False,1.0,0,0.1087104000000001,0.192171798139061,0.19747474747474747,0.9873737373737373,0.48525252525252527,0.6634343434343435,1.0,0.9999999999999997,,
2026090513,500,100,100,true_random,False,1.0,0,0.11063160000000005,0.19798989873223333,0.20161616161616164,1.0080808080808081,0.48373737373737374,0.6571717171717172,1.0,0.9999999999999997,,
2026090514,500,100,100,true_random,False,1.0,0,0.1102936000000001,0.19677398201998147,0.2033333333333333,1.0166666666666666,0.4864646464646465,0.6601010101010101,1.0,0.9999999999999997,,
2026090515,500,100,100,true_random,False,1.0,0,0.11653840000000004,0.20673654732533384,0.1990909090909091,0.9954545454545455,0.48363636363636364,0.6578787878787878,1.0,0.9999999999999997,,
2026090516,500,100,100,true_random,False,1.0,0,0.11239200000000005,0.19947430912275393,0.19626262626262625,0.9813131313131312,0.48646464646464643,0.6613131313131313,1.0,0.9999999999999997,,
2026090517,500,100,100,true_random,False,1.0,0,0.11121359999999991,0.19836834424877373,0.1997979797979798,0.9989898989898989,0.48414141414141415,0.6594949494949496,1.0,0.9999999999999997,,
2026090518,500,100,100,true_random,False,1.0,0,0.1179808,0.20894975472586705,0.19555555555555554,0.9777777777777777,0.4849494949494949,0.6628282828282829,1.0,0.9999999999999997,,
2026090519,500,100,100,true_random,False,1.0,0,0.11246920000000005,0.20019990009987518,0.1988888888888889,0.9944444444444444,0.48808080808080806,0.6643434343434343,1.0,0.9999999999999997,,
2026090520,500,100,100,true_random,False,1.0,0,0.10794360000000003,0.1912328423676226,0.20010101010101009,1.0005050505050506,0.4865656565656566,0.6636363636363637,1.0,0.9999999999999997,,
2026090501,500,100,100,candidate_a_recency_oracle,True,1.0,0,0.09273160000000003,0.1657407614318216,0.1405050505050505,0.7025252525252524,0.42393939393939395,0.6374747474747474,0.9964041355395062,0.9779045068197912,0.12804683870684844,
2026090502,500,100,100,candidate_a_recency_oracle,True,1.0,0,0.0963404000000001,0.1709678332318685,0.1396969696969697,0.6984848484848484,0.42525252525252527,0.6421212121212121,0.9964046313211571,0.9779074148953356,0.23244664670707624,
2026090503,500,100,100,candidate_a_recency_oracle,True,1.0,0,0.09489520000000007,0.1690266251216062,0.14949494949494951,0.7474747474747475,0.43,0.6423232323232323,0.996385010525328,0.9777881830868356,0.29267422423490597,
2026090504,500,100,100,candidate_a_recency_oracle,True,1.0,0,0.09495359999999997,0.17099707599839245,0.14383838383838385,0.7191919191919193,0.4276767676767677,0.6417171717171717,0.9963834229037135,0.9777785745540206,0.21981809503050534,
2026090505,500,100,100,candidate_a_recency_oracle,True,1.0,0,0.09348280000000009,0.16619265928433782,0.13787878787878788,0.6893939393939394,0.4183838383838384,0.642020202020202,0.9964085942833253,0.977931519395171,0.14089169182120437,
2026090506,500,100,100,candidate_a_recency_oracle,True,1.0,0,0.0944604,0.16777961735562516,0.14343434343434344,0.7171717171717171,0.42383838383838385,0.638989898989899,0.9963996260411246,0.9778770528685615,0.193249971500953,
2026090507,500,100,100,candidate_a_recency_oracle,True,1.0,0,0.1038775999999999,0.18455351527402558,0.14565656565656565,0.7282828282828282,0.42686868686868684,0.6441414141414141,0.9963913011272836,0.9778264099614611,0.2444190030031759,
2026090508,500,100,100,candidate_a_recency_oracle,True,1.0,0,0.09380119999999992,0.1673320053068151,0.13797979797979798,0.6898989898989899,0.425050505050505,0.6421212121212121,0.9964052924335567,0.9779115313159601,0.1758314399720196,
2026090509,500,100,100,candidate_a_recency_oracle,True,1.0,0,0.09363119999999991,0.16774981371077585,0.14343434343434341,0.7171717171717171,0.426969696969697,0.638989898989899,0.9963948397808509,0.977847924121932,0.23835247133050547,
2026090510,500,100,100,candidate_a_recency_oracle,True,1.0,0,0.0947880000000001,0.16777961735562516,0.14202020202020202,0.7101010101010101,0.4263636363636364,0.6394949494949496,0.9964018638091745,0.9778906573682675,0.331869079388495,
2026090511,500,100,100,candidate_a_recency_oracle,True,1.0,0,0.09690240000000006,0.1735799527595281,0.13454545454545455,0.6727272727272726,0.4215151515151515,0.6394949494949496,0.996412971962812,0.9779580996869203,0.25248590272260407,
2026090512,500,100,100,candidate_a_recency_oracle,True,1.0,0,0.09526279999999998,0.16908577704821892,0.1416161616161616,0.708080808080808,0.4277777777777778,0.6416161616161616,0.9963942692134534,0.9778444590288328,0.1454713508991824,
2026090513,500,100,100,candidate_a_recency_oracle,True,1.0,0,0.08974360000000003,0.16084153692376854,0.1411111111111111,0.7055555555555555,0.42787878787878786,0.6395959595959596,0.9963905126703536,0.9778216587333582,0.20289555242256388,
2026090514,500,100,100,candidate_a_recency_oracle,True,1.0,0,0.09227600000000002,0.16422545478700917,0.14404040404040405,0.7202020202020202,0.42838383838383837,0.6374747474747474,0.9963871168051903,0.9778009810917098,0.19164740545540768,
2026090515,500,100,100,candidate_a_recency_oracle,True,1.0,0,0.09748880000000004,0.17375269782078204,0.14353535353535354,0.7176767676767677,0.42919191919191924,0.6383838383838384,0.9963866124702165,0.9777979370277647,0.2776117623657331,
2026090516,500,100,100,candidate_a_recency_oracle,True,1.0,0,0.09521679999999999,0.16893785839769604,0.14020202020202022,0.701010101010101,0.42919191919191924,0.6391919191919192,0.9963958332526129,0.9778539586392465,0.19918435254024275,
2026090517,500,100,100,candidate_a_recency_oracle,True,1.0,0,0.09684840000000006,0.17262676501632068,0.1414141414141414,0.7070707070707071,0.4296969696969697,0.6396969696969697,0.9963991009702389,0.9778738047918047,0.24507370359659678,
2026090518,500,100,100,candidate_a_recency_oracle,True,1.0,0,0.10125160000000011,0.1798332561013118,0.13737373737373737,0.6868686868686869,0.42676767676767674,0.6454545454545454,0.9963840017584397,0.9777820428920159,0.21924277596697853,
2026090519,500,100,100,candidate_a_recency_oracle,True,1.0,0,0.09305319999999995,0.16739175606940743,0.14202020202020202,0.7101010101010101,0.4311111111111111,0.6427272727272727,0.9963855140162636,0.9777912299591099,0.21970444691950014,
2026090520,500,100,100,candidate_a_recency_oracle,True,1.0,0,0.09190520000000002,0.16235762994081923,0.1388888888888889,0.6944444444444444,0.4260606060606061,0.6413131313131313,0.9963937933701281,0.9778415645297309,0.1681643354444698,
2026090501,500,100,100,candidate_b_exposure_oracle,True,1.0,0,0.0721632000000001,0.12946041866145808,0.15020202020202023,0.7510101010101009,0.41545454545454547,0.6243434343434343,0.9943251109002779,0.9653586529952041,0.3284078931283234,
2026090502,500,100,100,candidate_b_exposure_oracle,True,1.0,0,0.07506839999999992,0.133902949930164,0.14767676767676768,0.7383838383838384,0.41404040404040404,0.6259595959595959,0.9943853438928169,0.9657206663217269,0.32988101476084364,
2026090503,500,100,100,candidate_b_exposure_oracle,True,1.0,0,0.0749936,0.13382824813917277,0.15818181818181817,0.7909090909090909,0.42515151515151517,0.6308080808080808,0.9941638926317027,0.9643929967486622,0.39411313014264343,
2026090504,500,100,100,candidate_b_exposure_oracle,True,1.0,0,0.07671279999999991,0.1378042089342702,0.15151515151515152,0.7575757575757576,0.42323232323232324,0.6283838383838384,0.9942271262142678,0.9647716716614925,0.3656966396007051,
2026090505,500,100,100,candidate_b_exposure_oracle,True,1.0,0,0.0734760000000001,0.13084341787036902,0.1495959595959596,0.747979797979798,0.4127272727272727,0.6256565656565657,0.9943521640908951,0.965520943910507,0.33331819822357817,
2026090506,500,100,100,candidate_b_exposure_oracle,True,1.0,0,0.07454880000000008,0.13255187663703596,0.1488888888888889,0.7444444444444445,0.4164646464646464,0.6249494949494949,0.9942978382160576,0.9651951695417296,0.32206591144379115,
2026090507,500,100,100,candidate_b_exposure_oracle,True,1.0,0,0.07939439999999998,0.1413859964777276,0.15272727272727274,0.7636363636363636,0.41828282828282826,0.6317171717171717,0.994219668477831,0.9647272436334727,0.3907109060358505,
2026090508,500,100,100,candidate_b_exposure_oracle,True,1.0,0,0.07618759999999991,0.13579396157414364,0.14828282828282827,0.7414141414141413,0.41747474747474744,0.6315151515151516,0.9942636861553348,0.9649900922416138,0.3584113928581193,
2026090509,500,100,100,candidate_b_exposure_oracle,True,1.0,0,0.07453920000000003,0.13352902306240394,0.15646464646464647,0.7823232323232323,0.4209090909090909,0.6241414141414141,0.9942713648588595,0.9650363602010228,0.35343366491701034,
2026090510,500,100,100,candidate_b_exposure_oracle,True,1.0,0,0.07536399999999999,0.1337908816025965,0.15131313131313132,0.7565656565656564,0.42323232323232324,0.6251515151515151,0.9943390358865394,0.9654428079343242,0.3959693597425012,
2026090511,500,100,100,candidate_b_exposure_oracle,True,1.0,0,0.07756120000000011,0.1412090648648308,0.14545454545454545,0.7272727272727273,0.41373737373737374,0.6259595959595959,0.9943725981767301,0.9656435840744755,0.3467606421070395,
2026090512,500,100,100,candidate_b_exposure_oracle,True,1.0,0,0.07487960000000005,0.13274034804836093,0.15171717171717172,0.7585858585858585,0.4201010101010101,0.6308080808080808,0.9942241375121852,0.9647541207363542,0.31363565990766834,
2026090513,500,100,100,candidate_b_exposure_oracle,True,1.0,0,0.069442,0.12449899597988731,0.15505050505050505,0.7752525252525253,0.42373737373737375,0.6255555555555555,0.9942538452865335,0.9649317509333081,0.28494954693846897,
2026090514,500,100,100,candidate_b_exposure_oracle,True,1.0,0,0.0743604,0.13206059215375343,0.14898989898989898,0.7449494949494949,0.42020202020202024,0.6267676767676768,0.9942075924443325,0.9646551088953759,0.34167290561535313,
2026090515,500,100,100,candidate_b_exposure_oracle,True,1.0,0,0.07874359999999991,0.1402497771834237,0.15353535353535355,0.7676767676767676,0.4206060606060606,0.6268686868686869,0.9941896383320854,0.9645475485885242,0.3808878830078927,
2026090516,500,100,100,candidate_b_exposure_oracle,True,1.0,0,0.07469400000000004,0.13270267518026907,0.1496969696969697,0.7484848484848484,0.4247474747474747,0.6263636363636363,0.994272217378426,0.965041909181939,0.3518631004109433,
2026090517,500,100,100,candidate_b_exposure_oracle,True,1.0,0,0.07666480000000009,0.13711309200802088,0.1488888888888889,0.7444444444444445,0.4233333333333333,0.6259595959595959,0.9943238279439329,0.96535165521547,0.40447275547792544,
2026090518,500,100,100,candidate_b_exposure_oracle,True,1.0,0,0.07870479999999991,0.13924798023669857,0.14767676767676768,0.7383838383838384,0.4166666666666667,0.6284848484848484,0.9942602378034244,0.9649698512230447,0.3757492222746133,
2026090519,500,100,100,candidate_b_exposure_oracle,True,1.0,0,0.07368400000000008,0.13251415018781956,0.1498989898989899,0.7494949494949495,0.4229292929292929,0.6286868686868687,0.9942643138856805,0.9649940545944962,0.34176061318492534,
2026090520,500,100,100,candidate_b_exposure_oracle,True,1.0,0,0.07291279999999989,0.12868566353716332,0.1495959595959596,0.747979797979798,0.41818181818181815,0.6268686868686869,0.9942712650866788,0.9650356035301583,0.2527418331177759,
2026090501,500,100,100,candidate_c_opportunity,False,1.0,0,0.09124200000000005,0.16318700928689148,0.17,0.8499999999999999,0.4441414141414141,0.6386868686868686,0.9976000600854246,0.9851979585251914,0.3003139160606924,
2026090502,500,100,100,candidate_c_opportunity,False,1.0,0,0.09303039999999996,0.1653783540854123,0.1685858585858586,0.8429292929292929,0.4464646464646465,0.6454545454545454,0.9975999936776916,0.9851976629981128,0.25869524916522085,
2026090503,500,100,100,candidate_c_opportunity,False,1.0,0,0.09045440000000005,0.16087262041752165,0.1781818181818182,0.8909090909090908,0.4521212121212121,0.6441414141414141,0.9975406165189661,0.9848342857220532,0.32743205114949786,
2026090504,500,100,100,candidate_c_opportunity,False,1.0,0,0.09294760000000002,0.16580108564180152,0.1707070707070707,0.8535353535353535,0.45131313131313133,0.6468686868686869,0.9975554063560125,0.9849246861804923,0.26623318719203704,
2026090505,500,100,100,candidate_c_opportunity,False,1.0,0,0.0937311999999999,0.16685322891691368,0.17010101010101009,0.8505050505050504,0.4438383838383838,0.6434343434343435,0.997576245159715,0.9850522363558909,0.2121299076916547,
2026090506,500,100,100,candidate_c_opportunity,False,1.0,0,0.092808,0.16516658257650063,0.17161616161616164,0.858080808080808,0.4464646464646465,0.6423232323232324,0.9975662702073173,0.9849912089793577,0.22535219798105283,
2026090507,500,100,100,candidate_c_opportunity,False,1.0,0,0.0951751999999999,0.16893785839769604,0.17282828282828283,0.8641414141414141,0.44565656565656564,0.6452525252525253,0.9975541778419328,0.984917319659073,0.2505539429460841,
2026090508,500,100,100,candidate_c_opportunity,False,1.0,0,0.09279320000000002,0.1652876280911551,0.16777777777777778,0.8388888888888889,0.44727272727272727,0.645959595959596,0.9975499896570659,0.9848914835949852,0.20278493678072937,
2026090509,500,100,100,candidate_c_opportunity,False,1.0,0,0.09163919999999992,0.16370705543744898,0.17474747474747476,0.8737373737373737,0.4482828282828283,0.6413131313131313,0.9975579792650394,0.9849403564553753,0.26282680712630296,
2026090510,500,100,100,candidate_c_opportunity,False,1.0,0,0.09128399999999992,0.16208022704821215,0.1693939393939394,0.8469696969696969,0.4490909090909091,0.6407070707070707,0.9975985159632382,0.9851886337486587,0.3391830847924117,
2026090511,500,100,100,candidate_c_opportunity,False,1.0,0,0.0945651999999999,0.16935170504013236,0.16545454545454544,0.8272727272727272,0.4453535353535354,0.6452525252525253,0.9975624720500672,0.9849678836857191,0.22025943248105237,
2026090512,500,100,100,candidate_c_opportunity,False,1.0,0,0.0896608000000001,0.15820872289478857,0.16888888888888887,0.8444444444444444,0.44656565656565655,0.6437373737373738,0.9975741287249237,0.9850394005527185,0.20493304962093006,
2026090513,500,100,100,candidate_c_opportunity,False,1.0,0,0.08967079999999994,0.16112107248898264,0.17585858585858585,0.8792929292929292,0.4496969696969697,0.6417171717171717,0.9975705305442213,0.9850172582748664,0.22761061795919585,
2026090514,500,100,100,candidate_c_opportunity,False,1.0,0,0.08873280000000006,0.15681198933755033,0.1716161616161616,0.858080808080808,0.4477777777777778,0.6411111111111111,0.9975288657217024,0.9847624192245152,0.21648047901754439,
2026090515,500,100,100,candidate_c_opportunity,False,1.0,0,0.09706400000000004,0.17297398648351722,0.17090909090909093,0.8545454545454545,0.44959595959595955,0.6394949494949496,0.9975722438105481,0.9850277227532784,0.3017499189655563,
2026090516,500,100,100,candidate_c_opportunity,False,1.0,0,0.0911324,0.16198765385053268,0.17020202020202022,0.851010101010101,0.4531313131313131,0.6457575757575758,0.9975643681249131,0.9849795741383265,0.20370800190641877,
2026090517,500,100,100,candidate_c_opportunity,False,1.0,0,0.09348800000000002,0.16637307474468338,0.1690909090909091,0.8454545454545453,0.4538383838383838,0.6441414141414141,0.9975759836141167,0.985050654468079,0.3403714251045612,
2026090518,500,100,100,candidate_c_opportunity,False,1.0,0,0.0976572,0.1724818831066034,0.1694949494949495,0.8474747474747474,0.4493939393939394,0.6475757575757576,0.9975478220531571,0.984878246829952,0.267245725917166,
2026090519,500,100,100,candidate_c_opportunity,False,1.0,0,0.09236880000000003,0.16546903033498445,0.1693939393939394,0.8469696969696969,0.45262626262626265,0.6471717171717173,0.9975479215204622,0.9848789517769933,0.199053097689499,
2026090520,500,100,100,candidate_c_opportunity,False,1.0,0,0.0906924,0.15993748778819805,0.16737373737373737,0.8368686868686868,0.44676767676767676,0.6444444444444444,0.9975436322338986,0.9848526263269111,0.18499138960120742,
2026090501,500,25%,100,true_random,False,1.0,0,0.0956422400000001,0.17163682588535598,0.25503030303030305,1.0201212121212122,0.5696161616161617,0.7493333333333333,1.0,0.9999999999999997,,
2026090502,500,25%,100,true_random,False,1.0,0,0.0981804799999999,0.17431924735955007,0.24783838383838386,0.9913535353535354,0.572040404040404,0.7537777777777778,1.0,0.9999999999999997,,
2026090503,500,25%,100,true_random,False,1.0,0,0.09793120000000011,0.1743008892691027,0.2572121212121212,1.028848484848485,0.5739797979797979,0.7508686868686869,1.0,0.9999999999999997,,
2026090504,500,25%,100,true_random,False,1.0,0,0.09862879999999996,0.1765446119257113,0.24824242424242424,0.992969696969697,0.5755959595959597,0.7538585858585859,1.0,0.9999999999999997,,
2026090505,500,25%,100,true_random,False,1.0,0,0.09354175999999992,0.166680532756528,0.24622222222222223,0.9848888888888889,0.568,0.7511919191919192,1.0,0.9999999999999997,,
2026090506,500,25%,100,true_random,False,1.0,0,0.09719999999999995,0.17269626515938324,0.2501010101010101,1.0004040404040404,0.5714747474747475,0.7494141414141415,1.0,0.9999999999999997,,
2026090507,500,25%,100,true_random,False,1.0,0,0.10130656000000005,0.1803285889702462,0.25462626262626264,1.0185050505050506,0.5726868686868687,0.7520808080808081,1.0,0.9999999999999997,,
2026090508,500,25%,100,true_random,False,1.0,0,0.09450815999999995,0.16714065932620945,0.24727272727272728,0.9890909090909091,0.5743030303030303,0.7531313131313132,1.0,0.9999999999999997,,
2026090509,500,25%,100,true_random,False,1.0,0,0.09503072000000001,0.16963018599294175,0.25187878787878787,1.0075151515151515,0.5733333333333334,0.7506262626262626,1.0,0.9999999999999997,,
2026090510,500,25%,100,true_random,False,1.0,0,0.09463840000000001,0.1686463755910574,0.24654545454545457,0.9861818181818183,0.5709898989898989,0.7509494949494949,1.0,0.9999999999999997,,
2026090511,500,25%,100,true_random,False,1.0,0,0.10188127999999996,0.18110770276274835,0.24662626262626264,0.9865050505050506,0.5708282828282828,0.7513535353535353,1.0,0.9999999999999997,,
2026090512,500,25%,100,true_random,False,1.0,0,0.09661760000000008,0.17126353961074145,0.25042424242424244,1.0016969696969698,0.5731717171717172,0.7511111111111111,1.0,0.9999999999999997,,
2026090513,500,25%,100,true_random,False,1.0,0,0.09207552000000008,0.16540858502508266,0.24905050505050505,0.9962020202020202,0.5746262626262626,0.7509494949494949,1.0,0.9999999999999997,,
2026090514,500,25%,100,true_random,False,1.0,0,0.09985536000000006,0.1762906690667433,0.2513131313131313,1.0052525252525253,0.5701818181818182,0.7478787878787879,1.0,0.9999999999999997,,
2026090515,500,25%,100,true_random,False,1.0,0,0.10153535999999996,0.1793677786002826,0.24573737373737373,0.9829494949494949,0.5709090909090909,0.7507070707070708,1.0,0.9999999999999997,,
2026090516,500,25%,100,true_random,False,1.0,0,0.09835232000000005,0.17404367268016382,0.24614141414141413,0.9845656565656565,0.5738989898989899,0.7504646464646465,1.0,0.9999999999999997,,
2026090517,500,25%,100,true_random,False,1.0,0,0.09550784000000001,0.17036431551237485,0.24905050505050505,0.9962020202020202,0.5724444444444444,0.7513535353535353,1.0,0.9999999999999997,,
2026090518,500,25%,100,true_random,False,1.0,0,0.10238272000000004,0.18137254478007414,0.24921212121212122,0.9968484848484849,0.5751111111111111,0.7519999999999999,1.0,0.9999999999999997,,
2026090519,500,25%,100,true_random,False,1.0,0,0.09593056,0.1719906974228548,0.2475959595959596,0.9903838383838384,0.5790707070707071,0.7528080808080808,1.0,0.9999999999999997,,
2026090520,500,25%,100,true_random,False,1.0,0,0.09512831999999993,0.16822841614899667,0.25042424242424244,1.0016969696969698,0.5681616161616161,0.7535353535353535,1.0,0.9999999999999997,,
2026090501,500,25%,100,candidate_a_recency_oracle,True,1.0,0,0.07728895999999996,0.13835606238976303,0.18876767676767675,0.755070707070707,0.5271919191919192,0.7462626262626262,0.996367728172828,0.9776842555131806,0.15426010866143702,
2026090502,500,25%,100,candidate_a_recency_oracle,True,1.0,0,0.0815270400000001,0.1444659129345051,0.18577777777777776,0.7431111111111111,0.5258181818181817,0.7498181818181818,0.9963881347944807,0.9778081119191152,0.22304621676072536,
2026090503,500,25%,100,candidate_a_recency_oracle,True,1.0,0,0.08176256000000004,0.14596437921630057,0.18965656565656566,0.7586262626262626,0.5329292929292929,0.7493333333333333,0.9963504399150858,0.9775790952482418,0.2698447323485256,
2026090504,500,25%,100,candidate_a_recency_oracle,True,1.0,0,0.07995263999999991,0.14426642020927807,0.18707070707070705,0.7482828282828282,0.5293737373737374,0.7496565656565656,0.9963564654523005,0.9776158006745896,0.1921395067052672,
2026090505,500,25%,100,candidate_a_recency_oracle,True,1.0,0,0.08039904000000009,0.14308598813301043,0.1836767676767677,0.7347070707070708,0.526060606060606,0.7493333333333333,0.9963787222585467,0.9777509523360014,0.2064562405105398,
2026090506,500,25%,100,candidate_a_recency_oracle,True,1.0,0,0.08066240000000002,0.14306362221053961,0.18650505050505048,0.7460202020202019,0.5263030303030303,0.7476363636363637,0.9963751143142345,0.9777290458615692,0.18444238466944346,
2026090507,500,25%,100,candidate_a_recency_oracle,True,1.0,0,0.08555424,0.15321618713438864,0.18901010101010102,0.7560404040404041,0.5313939393939394,0.7524040404040404,0.9963544149576726,0.9776032832467741,0.3083996356371164,
2026090508,500,25%,100,candidate_a_recency_oracle,True,1.0,0,0.08211999999999997,0.14624910256134907,0.18763636363636363,0.7505454545454545,0.5306666666666667,0.7493333333333333,0.9963613477345382,0.9776454210314438,0.17678846698551362,
2026090509,500,25%,100,candidate_a_recency_oracle,True,1.0,0,0.08134079999999999,0.14519504123764007,0.18836363636363637,0.7534545454545455,0.5304242424242425,0.7500606060606061,0.996354603268083,0.9776043841035,0.17856118205444108,
2026090510,500,25%,100,candidate_a_recency_oracle,True,1.0,0,0.0816224000000001,0.14587666023048376,0.18602020202020203,0.7440808080808081,0.5294545454545455,0.7504646464646465,0.9963594613200086,0.9776340379821368,0.19927900203652024,
2026090511,500,25%,100,candidate_a_recency_oracle,True,1.0,0,0.08504576000000008,0.15138824260820258,0.18141414141414142,0.7256565656565657,0.5270303030303031,0.7503838383838384,0.9963808346192647,0.9777638268842946,0.2217411575426454,
2026090512,500,25%,100,candidate_a_recency_oracle,True,1.0,0,0.08013055999999996,0.141940832743788,0.18650505050505048,0.7460202020202019,0.5296161616161617,0.749090909090909,0.9963599961589386,0.9776372528276295,0.1313331590815122,
2026090513,500,25%,100,candidate_a_recency_oracle,True,1.0,0,0.07718720000000001,0.1382635165182775,0.18561616161616162,0.7424646464646465,0.5305858585858586,0.7491717171717173,0.9963541501132004,0.9776016792736084,0.20145852559579744,
2026090514,500,25%,100,candidate_a_recency_oracle,True,1.0,0,0.08323455999999996,0.14822685316770373,0.18795959595959597,0.7518383838383839,0.528969696969697,0.7447272727272727,0.9963525961916023,0.9775921683791161,0.15269413499142248,
2026090515,500,25%,100,candidate_a_recency_oracle,True,1.0,0,0.08401407999999999,0.14928094319101817,0.1877979797979798,0.7511919191919192,0.5271111111111112,0.7487676767676767,0.9963709009969763,0.9777034683486412,0.2361834014115784,
2026090516,500,25%,100,candidate_a_recency_oracle,True,1.0,0,0.08211616,0.14620533505997652,0.18432323232323233,0.7372929292929293,0.5309090909090909,0.7485252525252525,0.9963657732438442,0.9776722317865126,0.19647387441906505,
2026090517,500,25%,100,candidate_a_recency_oracle,True,1.0,0,0.08323295999999991,0.14863646927991797,0.18585858585858583,0.7434343434343433,0.5271919191919192,0.7500606060606061,0.9963814219608212,0.9777674434684986,0.23210646162127194,
2026090518,500,25%,100,candidate_a_recency_oracle,True,1.0,0,0.08450240000000009,0.14902348808157725,0.18294949494949495,0.7317979797979798,0.5297777777777778,0.7496565656565656,0.9963678193328075,0.9776846685754907,0.16758043401114156,
2026090519,500,25%,100,candidate_a_recency_oracle,True,1.0,0,0.08084832000000008,0.14523911318925078,0.18286868686868685,0.7314747474747474,0.5316363636363636,0.7519191919191919,0.996365081729575,0.9776681245006145,0.1793342876885794,
2026090520,500,25%,100,candidate_a_recency_oracle,True,1.0,0,0.07811136000000007,0.1382635165182775,0.18634343434343434,0.7453737373737374,0.5288080808080808,0.7514343434343433,0.9963584446482016,0.9776277882913657,0.1829887372752346,
2026090501,500,25%,100,candidate_b_exposure_oracle,True,1.0,0,0.05913184000000005,0.10622240818207804,0.19838383838383838,0.7935353535353535,0.5161212121212122,0.7366464646464647,0.9936528839634399,0.9613368370290005,0.3843605055693002,
2026090502,500,25%,100,candidate_b_exposure_oracle,True,1.0,0,0.058983680000000094,0.10507140429250958,0.19086868686868688,0.7634747474747475,0.5157171717171718,0.7390707070707071,0.9938288826687791,0.962387460437602,0.34250141098742026,
2026090503,500,25%,100,candidate_b_exposure_oracle,True,1.0,0,0.061862400000000095,0.11006906922473725,0.20056565656565659,0.8022626262626263,0.5252525252525253,0.7390707070707071,0.9935193281371022,0.9605401361408801,0.420307703481904,
2026090504,500,25%,100,candidate_b_exposure_oracle,True,1.0,0,0.060860480000000106,0.1096904736064167,0.19676767676767679,0.7870707070707071,0.5229090909090909,0.7401212121212122,0.9935089440605215,0.9604783882112364,0.3435213603101605,
2026090505,500,25%,100,candidate_b_exposure_oracle,True,1.0,0,0.059749760000000096,0.10706259851133822,0.1911919191919192,0.7647676767676768,0.5176565656565656,0.7392323232323232,0.9936283589762804,0.9611898658287186,0.3498155818458871,
2026090506,500,25%,100,candidate_b_exposure_oracle,True,1.0,0,0.05966720000000003,0.10589050948975551,0.1920808080808081,0.7683232323232324,0.5139393939393939,0.7394747474747475,0.9936540960414446,0.9613442363233742,0.35823500577168443,
2026090507,500,25%,100,candidate_b_exposure_oracle,True,1.0,0,0.06434208000000008,0.11509995655950528,0.19620202020202018,0.7848080808080807,0.5164444444444445,0.7407676767676767,0.9935751736487607,0.9608730166788839,0.3941250622255828,
2026090508,500,25%,100,candidate_b_exposure_oracle,True,1.0,0,0.06036832000000003,0.10739087484511893,0.19313131313131315,0.7725252525252526,0.5191111111111112,0.7406868686868687,0.9936047175253165,0.9610488367465801,0.3378340640972572,
2026090509,500,25%,100,candidate_b_exposure_oracle,True,1.0,0,0.06018016000000004,0.10825155888023046,0.1978181818181818,0.7912727272727272,0.5192727272727273,0.7393939393939394,0.9935491379573845,0.9607178503686318,0.35888837208883506,
2026090510,500,25%,100,candidate_b_exposure_oracle,True,1.0,0,0.06101727999999995,0.10892933489193808,0.19296969696969696,0.7718787878787878,0.5216969696969698,0.7377777777777779,0.9936385288375602,0.9612518519517046,0.402622657736104,
2026090511,500,25%,100,candidate_b_exposure_oracle,True,1.0,0,0.06265023999999997,0.1115419203707736,0.1882020202020202,0.7528080808080808,0.5160404040404041,0.738989898989899,0.99370695678444,0.9616588848227086,0.32304439725905215,
2026090512,500,25%,100,candidate_b_exposure_oracle,True,1.0,0,0.059832960000000046,0.10595093203931714,0.19676767676767679,0.7870707070707071,0.5208888888888888,0.7375353535353536,0.9935290622805611,0.9605986948805182,0.29034412345268373,
2026090513,500,25%,100,candidate_b_exposure_oracle,True,1.0,0,0.05553088000000006,0.0997276290703835,0.19442424242424244,0.7776969696969698,0.5182222222222223,0.7375353535353536,0.9936734389996772,0.9614589767696464,0.34682057462240135,
2026090514,500,25%,100,candidate_b_exposure_oracle,True,1.0,0,0.06204991999999998,0.10960291966914021,0.19822222222222222,0.7928888888888889,0.5162020202020202,0.732848484848485,0.9934810063013024,0.9603124275746903,0.30474665864514244,
2026090515,500,25%,100,candidate_b_exposure_oracle,True,1.0,0,0.06338208000000001,0.11271202242884297,0.1941010101010101,0.7764040404040404,0.5169292929292929,0.7368888888888888,0.9936056396925962,0.961054622318443,0.3771035487160042,
2026090516,500,25%,100,candidate_b_exposure_oracle,True,1.0,0,0.060821440000000004,0.10842877846771123,0.19450505050505051,0.7780202020202021,0.5212929292929294,0.7396363636363636,0.9936103562072962,0.96108276392611,0.31985219506769086,
2026090517,500,25%,100,candidate_b_exposure_oracle,True,1.0,0,0.06137631999999993,0.11006906922473725,0.19385858585858587,0.7754343434343435,0.5180606060606061,0.7393939393939394,0.9937009976414026,0.9616236901018744,0.44763343226392915,
2026090518,500,25%,100,candidate_b_exposure_oracle,True,1.0,0,0.06378944000000009,0.11271202242884297,0.19127272727272726,0.765090909090909,0.520080808080808,0.7392323232323232,0.9935797259976025,0.9609001148109674,0.3615499712714986,
2026090519,500,25%,100,candidate_b_exposure_oracle,True,1.0,0,0.05916096000000004,0.10703270528207721,0.19264646464646465,0.7705858585858586,0.5207272727272727,0.738989898989899,0.9935981322302113,0.9610095444100608,0.29828291669969714,
2026090520,500,25%,100,candidate_b_exposure_oracle,True,1.0,0,0.060058879999999926,0.10670332703341541,0.19393939393939394,0.7757575757575758,0.520080808080808,0.741979797979798,0.9935352755820762,0.9606343176500417,0.29689455429384143,
2026090501,500,25%,100,candidate_c_opportunity,False,1.0,0,0.0747955199999999,0.1336981675267092,0.22157575757575756,0.8863030303030303,0.5409292929292929,0.7423030303030304,0.9976000600854246,0.9851979585251914,0.21804573857156,
2026090502,500,25%,100,candidate_c_opportunity,False,1.0,0,0.07630559999999997,0.13533957292676818,0.21389898989898992,0.8555959595959597,0.5398787878787878,0.7457777777777778,0.9975999936776916,0.9851976629981128,0.2607112068630216,
2026090503,500,25%,100,candidate_c_opportunity,False,1.0,0,0.0800108799999999,0.14261556717273188,0.224969696969697,0.899878787878788,0.5490909090909091,0.7461010101010102,0.9975406165189661,0.9848342857220532,0.3424784293100079,
2026090504,500,25%,100,candidate_c_opportunity,False,1.0,0,0.08063775999999989,0.1445766232832957,0.2181010101010101,0.8724040404040404,0.5461010101010101,0.746909090909091,0.9975554063560125,0.9849246861804923,0.28477363453242954,
2026090505,500,25%,100,candidate_c_opportunity,False,1.0,0,0.07496031999999997,0.13379387130956336,0.21519191919191918,0.8607676767676767,0.5402020202020202,0.743030303030303,0.997576245159715,0.9850522363558909,0.2045942148165137,
2026090506,500,25%,100,candidate_c_opportunity,False,1.0,0,0.07696448,0.1363524843924745,0.2168888888888889,0.8675555555555556,0.5403636363636364,0.7436767676767676,0.9975662702073173,0.9849912089793577,0.23420483335180708,
2026090507,500,25%,100,candidate_c_opportunity,False,1.0,0,0.0813747199999999,0.14493032808905112,0.22173737373737376,0.886949494949495,0.5445656565656566,0.7473939393939394,0.9975541778419328,0.984917319659073,0.3026571005097299,
2026090508,500,25%,100,candidate_c_opportunity,False,1.0,0,0.07763264000000003,0.13793911700456835,0.2176969696969697,0.8707878787878788,0.5470707070707072,0.7475555555555555,0.9975499896570659,0.9848914835949852,0.2657845000075282,
2026090509,500,25%,100,candidate_c_opportunity,False,1.0,0,0.07740415999999994,0.13840231211941512,0.22375757575757577,0.8950303030303031,0.5451313131313131,0.7436767676767676,0.9975579792650394,0.9849403564553753,0.23857484417068409,
2026090510,500,25%,100,candidate_c_opportunity,False,1.0,0,0.07831552000000008,0.13982846634358828,0.2168888888888889,0.8675555555555556,0.5473939393939394,0.7453737373737374,0.9975985159632382,0.9851886337486587,0.30656348714223597,
2026090511,500,25%,100,candidate_c_opportunity,False,1.0,0,0.08095008000000004,0.14422205101855956,0.2147070707070707,0.8588282828282828,0.5413333333333333,0.7425454545454545,0.9975624720500672,0.9849678836857191,0.2729470093936234,
2026090512,500,25%,100,candidate_c_opportunity,False,1.0,0,0.07764704,0.13800869537822608,0.2206060606060606,0.8824242424242424,0.544969696969697,0.7444848484848484,0.9975741287249237,0.9850394005527185,0.225973879405012,
2026090513,500,25%,100,candidate_c_opportunity,False,1.0,0,0.0746774400000001,0.13297819370107267,0.21721212121212122,0.8688484848484849,0.5456969696969697,0.7458585858585859,0.9975705305442213,0.9850172582748664,0.23338790608687818,
2026090514,500,25%,100,candidate_c_opportunity,False,1.0,0,0.08221600000000007,0.14534923460410792,0.21890909090909091,0.8756363636363637,0.5451313131313131,0.7421414141414141,0.9975288657217024,0.9847624192245152,0.21307205860620645,
2026090515,500,25%,100,candidate_c_opportunity,False,1.0,0,0.08375263999999993,0.1485287850889517,0.21777777777777776,0.8711111111111111,0.5451313131313131,0.7457777777777778,0.9975722438105481,0.9850277227532784,0.3341626446210236,
2026090516,500,25%,100,candidate_c_opportunity,False,1.0,0,0.07770304000000006,0.13830979719455885,0.21793939393939393,0.8717575757575757,0.5466666666666666,0.7453737373737374,0.9975643681249131,0.9849795741383265,0.22479366640833226,
2026090517,500,25%,100,candidate_c_opportunity,False,1.0,0,0.07904448000000008,0.1406726696981329,0.21907070707070705,0.8762828282828282,0.546020202020202,0.7458585858585859,0.9975759836141167,0.985050654468079,0.33204627078254345,
2026090518,500,25%,100,candidate_c_opportunity,False,1.0,0,0.08027103999999996,0.14171520737027485,0.216,0.864,0.5463434343434344,0.7437575757575758,0.9975478220531571,0.984878246829952,0.27631613148002926,
2026090519,500,25%,100,candidate_c_opportunity,False,1.0,0,0.0767571199999999,0.1379623136947188,0.2164040404040404,0.8656161616161616,0.5491717171717172,0.7472323232323232,0.9975479215204622,0.9848789517769933,0.21155443963397738,
2026090520,500,25%,100,candidate_c_opportunity,False,1.0,0,0.0767756799999999,0.13597646855246684,0.21979797979797983,0.8791919191919193,0.5428686868686868,0.7442424242424243,0.9975436322338986,0.9848526263269111,0.19020345263943764,
2026090501,500,50%,100,true_random,False,1.0,0,0.05395536000000001,0.09575802838404726,0.4983434343434343,0.9966868686868686,0.8682020202020202,0.9616565656565655,1.0,0.9999999999999997,,
2026090502,500,50%,100,true_random,False,1.0,0,0.05334847999999992,0.09518823456709344,0.49442424242424243,0.9888484848484849,0.8701414141414142,0.9627878787878789,1.0,0.9999999999999997,,
2026090503,500,50%,100,true_random,False,1.0,0,0.059364320000000026,0.10475113364541694,0.5041212121212121,1.0082424242424242,0.8695353535353536,0.96,1.0,0.9999999999999997,,
2026090504,500,50%,100,true_random,False,1.0,0,0.054108959999999984,0.09636596909697946,0.4995959595959596,0.9991919191919192,0.8698585858585859,0.9591515151515152,1.0,0.9999999999999997,,
2026090505,500,50%,100,true_random,False,1.0,0,0.056503680000000056,0.1010979722843144,0.5006464646464647,1.0012929292929293,0.870989898989899,0.959070707070707,1.0,0.9999999999999997,,
2026090506,500,50%,100,true_random,False,1.0,0,0.05758543999999999,0.1023249725140447,0.501979797979798,1.003959595959596,0.8684444444444445,0.9617373737373738,1.0,0.9999999999999997,,
2026090507,500,50%,100,true_random,False,1.0,0,0.057827840000000075,0.10351425022671998,0.5010505050505051,1.0021010101010102,0.8691313131313131,0.9605656565656566,1.0,0.9999999999999997,,
2026090508,500,50%,100,true_random,False,1.0,0,0.05591711999999993,0.09960722865334624,0.5023838383838384,1.0047676767676768,0.8673131313131314,0.9592727272727273,1.0,0.9999999999999997,,
2026090509,500,50%,100,true_random,False,1.0,0,0.05454464000000003,0.09676362953093481,0.5000404040404041,1.0000808080808081,0.8689292929292929,0.9602828282828283,1.0,0.9999999999999997,,
2026090510,500,50%,100,true_random,False,1.0,0,0.05394495999999993,0.09619979209956744,0.5002828282828282,1.0005656565656564,0.8713535353535353,0.9594343434343434,1.0,0.9999999999999997,,
2026090511,500,50%,100,true_random,False,1.0,0,0.05922399999999994,0.10497999809487518,0.5048888888888889,1.0097777777777779,0.8689292929292929,0.9593535353535353,1.0,0.9999999999999997,,
2026090512,500,50%,100,true_random,False,1.0,0,0.05820223999999996,0.10416909330506817,0.49846464646464644,0.9969292929292929,0.8711515151515151,0.9604848484848484,1.0,0.9999999999999997,,
2026090513,500,50%,100,true_random,False,1.0,0,0.0558936000000001,0.09986390739401298,0.4969292929292929,0.9938585858585858,0.8718383838383839,0.9609292929292929,1.0,0.9999999999999997,,
2026090514,500,50%,100,true_random,False,1.0,0,0.059436000000000044,0.10524637760987311,0.49886868686868685,0.9977373737373737,0.8683636363636364,0.9607676767676767,1.0,0.9999999999999997,,
2026090515,500,50%,100,true_random,False,1.0,0,0.05393376000000005,0.09506208497608286,0.49850505050505045,0.9970101010101009,0.8707474747474747,0.9599191919191918,1.0,0.9999999999999997,,
2026090516,500,50%,100,true_random,False,1.0,0,0.05726768000000004,0.10201176402748852,0.4978989898989899,0.9957979797979798,0.8708282828282828,0.9604444444444444,1.0,0.9999999999999997,,
2026090517,500,50%,100,true_random,False,1.0,0,0.05850912000000008,0.1035992277963499,0.5027878787878788,1.0055757575757576,0.8708282828282828,0.959070707070707,1.0,0.9999999999999997,,
2026090518,500,50%,100,true_random,False,1.0,0,0.056633439999999924,0.09981583040780656,0.5032727272727272,1.0065454545454544,0.8710707070707071,0.9588282828282827,1.0,0.9999999999999997,,
2026090519,500,50%,100,true_random,False,1.0,0,0.05744335999999994,0.10182337649086284,0.5033131313131314,1.0066262626262628,0.8683232323232323,0.959959595959596,1.0,0.9999999999999997,,
2026090520,500,50%,100,true_random,False,1.0,0,0.05446511999999992,0.09725019280186543,0.5027878787878788,1.0055757575757576,0.8682828282828282,0.9604040404040404,1.0,0.9999999999999997,,
2026090501,500,50%,100,candidate_a_recency_oracle,True,1.0,0,0.04458479999999998,0.07943802615876101,0.44731313131313133,0.8946262626262627,0.8805656565656566,0.9751111111111112,0.9974063572748565,0.9840193959597392,0.11858469483723108,
2026090502,500,50%,100,candidate_a_recency_oracle,True,1.0,0,0.04755248000000001,0.08506938344669016,0.44412121212121214,0.8882424242424243,0.8808484848484849,0.9748686868686869,0.9974184228714681,0.9840931227368402,0.13081693944914713,
2026090503,500,50%,100,candidate_a_recency_oracle,True,1.0,0,0.04948736000000009,0.08725136102090328,0.44795959595959595,0.8959191919191919,0.880929292929293,0.9737777777777777,0.9973953628759645,0.9839524270078417,0.15663949745694764,
2026090504,500,50%,100,candidate_a_recency_oracle,True,1.0,0,0.04606080000000001,0.081662720993119,0.4442828282828283,0.8885656565656566,0.8807676767676768,0.9729696969696969,0.9973915879007109,0.9839291955127397,0.07623578528642887,
2026090505,500,50%,100,candidate_a_recency_oracle,True,1.0,0,0.050124959999999996,0.08937113628012122,0.4429090909090909,0.8858181818181818,0.8824646464646465,0.9737777777777777,0.997414485167494,0.9840690661283318,0.08771618315840463,
2026090506,500,50%,100,candidate_a_recency_oracle,True,1.0,0,0.049357920000000055,0.08816348450464058,0.4471111111111111,0.8942222222222223,0.8806060606060607,0.9744242424242424,0.9974111335178643,0.9840483893562212,0.12192433383159612,
2026090507,500,50%,100,candidate_a_recency_oracle,True,1.0,0,0.047895199999999916,0.08581841294267799,0.4444848484848485,0.888969696969697,0.8814141414141414,0.9743434343434343,0.9974107914757674,0.9840464614822529,0.1890488972445511,
2026090508,500,50%,100,candidate_a_recency_oracle,True,1.0,0,0.0487532799999999,0.08614406537887564,0.4481212121212121,0.8962424242424242,0.8786666666666667,0.9726060606060606,0.9973812512555824,0.9838658515547568,0.18430110150149454,
2026090509,500,50%,100,candidate_a_recency_oracle,True,1.0,0,0.048638240000000055,0.08646849137113471,0.4463838383838384,0.8927676767676768,0.8797171717171717,0.9746666666666667,0.9973862984082696,0.9838971422312528,0.18087073920722166,
2026090510,500,50%,100,candidate_a_recency_oracle,True,1.0,0,0.04482928000000008,0.07976966842102329,0.4437171717171717,0.8874343434343434,0.8827878787878788,0.9741414141414141,0.9974106307091882,0.9840457274945088,0.12286198403686757,
2026090511,500,50%,100,candidate_a_recency_oracle,True,1.0,0,0.050355680000000014,0.08910218852531065,0.44804040404040407,0.8960808080808081,0.8796363636363637,0.973939393939394,0.9973799853359825,0.9838585975347941,0.1229374709155437,
2026090512,500,50%,100,candidate_a_recency_oracle,True,1.0,0,0.05016927999999998,0.08988882021697693,0.4402828282828283,0.8805656565656566,0.8823838383838384,0.9754747474747475,0.9974323721261246,0.9841787434270722,0.07402078821617862,
2026090513,500,50%,100,candidate_a_recency_oracle,True,1.0,0,0.04746416000000009,0.08442748367682172,0.4411717171717172,0.8823434343434344,0.8837171717171717,0.973979797979798,0.9974140495306222,0.9840664692733736,0.16651682081871164,
2026090514,500,50%,100,candidate_a_recency_oracle,True,1.0,0,0.04991520000000005,0.08863407922464135,0.4446464646464647,0.8892929292929294,0.8801212121212122,0.9740606060606061,0.997406047741595,0.9840175725335517,0.09379038892108273,
2026090515,500,50%,100,candidate_a_recency_oracle,True,1.0,0,0.047004959999999985,0.08282994627548662,0.44286868686868686,0.8857373737373737,0.8815353535353536,0.9734949494949495,0.9974143282773522,0.9840684981428909,0.1272181943717035,
2026090516,500,50%,100,candidate_a_recency_oracle,True,1.0,0,0.04933615999999996,0.08775420217858515,0.4433939393939394,0.8867878787878788,0.8821818181818182,0.9744242424242424,0.9974113614401965,0.9840501591598789,0.2119099830945467,
2026090517,500,50%,100,candidate_a_recency_oracle,True,1.0,0,0.04829375999999996,0.08553829551727109,0.45022222222222225,0.9004444444444445,0.8793131313131314,0.9740606060606061,0.997381212263076,0.9838660789629159,0.1703789212893639,
2026090518,500,50%,100,candidate_a_recency_oracle,True,1.0,0,0.04789887999999998,0.08508818954473059,0.4477575757575758,0.8955151515151516,0.8815757575757576,0.9731717171717171,0.9973828688510258,0.9838760872957845,0.22425945970589672,
2026090519,500,50%,100,candidate_a_recency_oracle,True,1.0,0,0.04817552000000003,0.08547280269185047,0.4476767676767677,0.8953535353535353,0.8817777777777779,0.9732929292929292,0.9973923970958323,0.9839343022819901,0.11307261500037383,
2026090520,500,50%,100,candidate_a_recency_oracle,True,1.0,0,0.04679088000000009,0.0831769198756482,0.44751515151515153,0.8950303030303031,0.8793535353535353,0.9734141414141414,0.9973774735985401,0.9838432027078947,0.1438031172999573,
2026090501,500,50%,100,candidate_b_exposure_oracle,True,1.0,0,0.026522399999999946,0.04754787061478148,0.44266666666666665,0.8853333333333333,0.8806868686868687,0.9777777777777777,0.9928219751985349,0.9563878512706875,0.36510665536986003,
2026090502,500,50%,100,candidate_b_exposure_oracle,True,1.0,0,0.028237440000000058,0.05043808085167397,0.44266666666666665,0.8853333333333333,0.8793131313131314,0.9783434343434343,0.9928242003498999,0.9564005220660904,0.39479729452071377,
2026090503,500,50%,100,candidate_b_exposure_oracle,True,1.0,0,0.030204640000000005,0.053546241698180834,0.44258585858585864,0.8851717171717173,0.8799191919191919,0.9772525252525253,0.9927815535131748,0.9561484533738336,0.3675966450744427,
2026090504,500,50%,100,candidate_b_exposure_oracle,True,1.0,0,0.02728095999999991,0.04869496893930624,0.4427070707070707,0.8854141414141414,0.8797575757575758,0.9765656565656565,0.9927126171110311,0.9557375563569086,0.3119593284486442,
2026090505,500,50%,100,candidate_b_exposure_oracle,True,1.0,0,0.02879327999999992,0.0516449416690541,0.4394343434343434,0.8788686868686868,0.8804848484848485,0.9783434343434343,0.9927537435904301,0.9559830826618674,0.3188763967229974,
2026090506,500,50%,100,candidate_b_exposure_oracle,True,1.0,0,0.029049759999999925,0.05186135362676142,0.44355555555555554,0.8871111111111111,0.8795151515151516,0.9776969696969697,0.9927423704595404,0.9559143747838807,0.306964975771302,
2026090507,500,50%,100,candidate_b_exposure_oracle,True,1.0,0,0.028970079999999898,0.051660429731081405,0.441979797979798,0.883959595959596,0.8814141414141414,0.977979797979798,0.9928152475190251,0.956346670579129,0.3868244678703803,
2026090508,500,50%,100,candidate_b_exposure_oracle,True,1.0,0,0.02807968000000005,0.050151769659703936,0.44327272727272726,0.8865454545454545,0.8791111111111111,0.9763232323232323,0.992720566803832,0.9557848072839227,0.35337544425786555,
2026090509,500,50%,100,candidate_b_exposure_oracle,True,1.0,0,0.02927631999999991,0.05250523783395329,0.4444040404040404,0.8888080808080808,0.8778585858585859,0.9783030303030303,0.9926859331570861,0.9555791290452137,0.430531460193028,
2026090510,500,50%,100,candidate_b_exposure_oracle,True,1.0,0,0.025795199999999907,0.046268779970948005,0.43995959595959594,0.8799191919191919,0.8812525252525253,0.9776565656565657,0.9927775173441523,0.9561229216161532,0.30413925722712265,
2026090511,500,50%,100,candidate_b_exposure_oracle,True,1.0,0,0.029604959999999902,0.05242899960899502,0.4433939393939394,0.8867878787878788,0.8796767676767676,0.9785454545454546,0.9927518948590891,0.9559709843444125,0.33670116710658915,
2026090512,500,50%,100,candidate_b_exposure_oracle,True,1.0,0,0.029165120000000044,0.05227618960865454,0.43757575757575756,0.8751515151515151,0.8823838383838384,0.9785858585858586,0.9928589300252169,0.9566053940588004,0.29926638147895496,
2026090513,500,50%,100,candidate_b_exposure_oracle,True,1.0,0,0.028326400000000085,0.050358713248056686,0.4384646464646465,0.876929292929293,0.8818181818181818,0.977979797979798,0.992798674578388,0.9562492211440887,0.3360326106547179,
2026090514,500,50%,100,candidate_b_exposure_oracle,True,1.0,0,0.029781440000000048,0.052748459693151235,0.44395959595959594,0.8879191919191919,0.8794343434343435,0.9769696969696969,0.9927387856043017,0.9558929033870462,0.33294241259276103,
2026090515,500,50%,100,candidate_b_exposure_oracle,True,1.0,0,0.027329919999999897,0.04839834707921335,0.44286868686868686,0.8857373737373737,0.8802020202020202,0.9765656565656565,0.9927248160282975,0.9558098051304149,0.3326732499038691,
2026090516,500,50%,100,candidate_b_exposure_oracle,True,1.0,0,0.02908255999999998,0.05215361924162119,0.4397979797979798,0.8795959595959596,0.8808888888888888,0.9784242424242424,0.9927846711888912,0.9561655141957235,0.356763041830952,
2026090517,500,50%,100,candidate_b_exposure_oracle,True,1.0,0,0.028721119999999933,0.05113120378007935,0.44327272727272726,0.8865454545454545,0.8794343434343435,0.9787878787878789,0.992792159159329,0.9562100603891694,0.3913574162100878,
2026090518,500,50%,100,candidate_b_exposure_oracle,True,1.0,0,0.02938511999999993,0.05224557397521822,0.4447676767676768,0.8895353535353536,0.8795555555555556,0.9774141414141414,0.9927520862162095,0.955971949779432,0.4237686695783302,
2026090519,500,50%,100,candidate_b_exposure_oracle,True,1.0,0,0.02778959999999997,0.04942873658106183,0.44222222222222224,0.8844444444444445,0.8804040404040404,0.9776969696969697,0.9928049275190556,0.9562854676591535,0.35977112512653264,
2026090520,500,50%,100,candidate_b_exposure_oracle,True,1.0,0,0.028229760000000104,0.05037459677257972,0.44537373737373737,0.8907474747474747,0.8782626262626263,0.9770909090909091,0.9926522103538926,0.9553778742098197,0.3591591681672913,
2026090501,500,50%,100,candidate_c_opportunity,False,1.0,0,0.04084192000000009,0.07311361022408892,0.4757171717171717,0.9514343434343434,0.8713939393939394,0.9688080808080807,0.9976000600854246,0.9851979585251914,0.19274481401954918,
2026090502,500,50%,100,candidate_c_opportunity,False,1.0,0,0.041456160000000075,0.07388639928972043,0.4737777777777778,0.9475555555555556,0.8719191919191919,0.9696969696969697,0.9975999936776916,0.9851976629981128,0.2731797566660372,
2026090503,500,50%,100,candidate_c_opportunity,False,1.0,0,0.044271680000000035,0.07872991807438898,0.4772929292929293,0.9545858585858586,0.8734545454545454,0.9676767676767677,0.9975406165189661,0.9848342857220532,0.23623819672244467,
2026090504,500,50%,100,candidate_c_opportunity,False,1.0,0,0.041270240000000014,0.07408103670980853,0.47604040404040404,0.9520808080808081,0.8709090909090909,0.9665858585858585,0.9975554063560125,0.9849246861804923,0.17968458337292795,
2026090505,500,50%,100,candidate_c_opportunity,False,1.0,0,0.044643999999999906,0.07977969666525438,0.4750707070707071,0.9501414141414142,0.8728080808080808,0.9672323232323232,0.997576245159715,0.9850522363558909,0.16487754541124072,
2026090506,500,50%,100,candidate_c_opportunity,False,1.0,0,0.042666239999999966,0.07624172086200573,0.4771717171717172,0.9543434343434344,0.8705050505050506,0.9688888888888889,0.9975662702073173,0.9849912089793577,0.1975585360643791,
2026090507,500,50%,100,candidate_c_opportunity,False,1.0,0,0.04286272000000002,0.07683749084919418,0.47341414141414145,0.9468282828282829,0.8725656565656565,0.9690505050505049,0.9975541778419328,0.984917319659073,0.28077519859200756,
2026090508,500,50%,100,candidate_c_opportunity,False,1.0,0,0.042884319999999976,0.07585248842325477,0.4758787878787879,0.9517575757575758,0.870949494949495,0.9666666666666667,0.9975499896570659,0.9848914835949852,0.203731139719619,
2026090509,500,50%,100,candidate_c_opportunity,False,1.0,0,0.04270047999999993,0.07611570140253586,0.47745454545454546,0.9549090909090909,0.8704646464646465,0.9684848484848484,0.9975579792650394,0.9849403564553753,0.29405563306295196,
2026090510,500,50%,100,candidate_c_opportunity,False,1.0,0,0.04013679999999997,0.07159888267284624,0.47535353535353536,0.9507070707070707,0.8738585858585859,0.9666262626262626,0.9975985159632382,0.9851886337486587,0.16065548880750305,
2026090511,500,50%,100,candidate_c_opportunity,False,1.0,0,0.044423199999999996,0.07932717062898437,0.48040404040404044,0.9608080808080809,0.8703434343434343,0.9671919191919192,0.9975624720500672,0.9849678836857191,0.1550313690469981,
2026090512,500,50%,100,candidate_c_opportunity,False,1.0,0,0.04504175999999993,0.08003999000499688,0.4732121212121212,0.9464242424242424,0.8734949494949494,0.9682020202020203,0.9975741287249237,0.9850394005527185,0.2399186152196744,
2026090513,500,50%,100,candidate_c_opportunity,False,1.0,0,0.044096960000000074,0.07810761806635765,0.4711919191919192,0.9423838383838384,0.8754747474747474,0.9678787878787878,0.9975705305442213,0.9850172582748664,0.2127480082630491,
2026090514,500,50%,100,candidate_c_opportunity,False,1.0,0,0.04371600000000009,0.07817928114276826,0.4742626262626262,0.9485252525252524,0.8709090909090909,0.9677575757575757,0.9975288657217024,0.9847624192245152,0.2796176980724295,
2026090515,500,50%,100,candidate_c_opportunity,False,1.0,0,0.04044928000000003,0.07165472768771088,0.4749090909090909,0.9498181818181818,0.8726868686868687,0.966989898989899,0.9975722438105481,0.9850277227532784,0.20569838611134944,
2026090516,500,50%,100,candidate_c_opportunity,False,1.0,0,0.043750879999999936,0.07836325669597966,0.475030303030303,0.950060606060606,0.870989898989899,0.9682424242424242,0.9975643681249131,0.9849795741383265,0.28775304288008924,
2026090517,500,50%,100,candidate_c_opportunity,False,1.0,0,0.045737600000000045,0.08077623412860989,0.4778989898989899,0.9557979797979798,0.8711515151515151,0.9681616161616161,0.9975759836141167,0.985050654468079,0.2392010957663243,
2026090518,500,50%,100,candidate_c_opportunity,False,1.0,0,0.04252367999999995,0.07517446374933445,0.4782626262626263,0.9565252525252526,0.8735353535353536,0.9664242424242424,0.9975478220531571,0.984878246829952,0.3692307225002918,
2026090519,500,50%,100,candidate_c_opportunity,False,1.0,0,0.04274800000000001,0.07623122719725822,0.4785858585858586,0.9571717171717172,0.8716767676767677,0.9668686868686869,0.9975479215204622,0.9848789517769933,0.21626485100568799,
2026090520,500,50%,100,candidate_c_opportunity,False,1.0,0,0.04134480000000007,0.07372380890865583,0.47713131313131313,0.9542626262626263,0.8697373737373737,0.9682020202020203,0.9975436322338986,0.9848526263269111,0.0897985126653144,
2026090501,1000,10,100,true_random,False,0.623,377,0.532718,1.014889156509222,0.007070707070707071,0.7070707070707071,0.026262626262626265,0.04646464646464647,1.0,0.9999999999999997,,
2026090502,1000,10,100,true_random,False,0.639,361,0.5155660000000002,0.9848857801796105,0.0030303030303030307,0.30303030303030304,0.025252525252525252,0.04646464646464647,1.0,0.9999999999999997,,
2026090503,1000,10,100,true_random,False,0.633,367,0.523776,1.0059821071967434,0.011111111111111112,1.1111111111111112,0.03333333333333333,0.05252525252525253,1.0,0.9999999999999997,,
2026090504,1000,10,100,true_random,False,0.636,364,0.515584,0.9818350166906862,0.012121212121212123,1.2121212121212122,0.029292929292929298,0.03636363636363636,1.0,0.9999999999999997,,
2026090505,1000,10,100,true_random,False,0.628,372,0.529854,1.012916580968048,0.00808080808080808,0.8080808080808081,0.03434343434343435,0.05252525252525253,1.0,0.9999999999999997,,
2026090506,1000,10,100,true_random,False,0.655,345,0.502434,0.9612491872558333,0.010101010101010102,1.0101010101010102,0.029292929292929298,0.04848484848484849,1.0,0.9999999999999997,,
2026090507,1000,10,100,true_random,False,0.643,357,0.5091640000000002,0.9664367542679655,0.012121212121212123,1.2121212121212122,0.027272727272727275,0.04242424242424243,1.0,0.9999999999999997,,
2026090508,1000,10,100,true_random,False,0.625,375,0.5301880000000001,1.0139033484509261,0.011111111111111112,1.1111111111111112,0.027272727272727275,0.04848484848484849,1.0,0.9999999999999997,,
2026090509,1000,10,100,true_random,False,0.639,361,0.516224,0.9959919678390986,0.013131313131313133,1.3131313131313131,0.029292929292929298,0.04242424242424243,1.0,0.9999999999999997,,
2026090510,1000,10,100,true_random,False,0.645,355,0.5068840000000001,0.9581231653602788,0.007070707070707071,0.7070707070707071,0.027272727272727275,0.04141414141414142,1.0,0.9999999999999997,,
2026090511,1000,10,100,true_random,False,0.624,376,0.5358480000000001,1.0353743284435828,0.013131313131313133,1.3131313131313131,0.04343434343434343,0.06666666666666667,1.0,0.9999999999999997,,
2026090512,1000,10,100,true_random,False,0.639,361,0.518086,0.9889388252060892,0.015151515151515152,1.5151515151515151,0.03535353535353535,0.05656565656565657,1.0,0.9999999999999997,,
2026090513,1000,10,100,true_random,False,0.641,359,0.5138480000000001,0.9777525249264253,0.00909090909090909,0.9090909090909091,0.027272727272727275,0.03636363636363636,1.0,0.9999999999999997,,
2026090514,1000,10,100,true_random,False,0.641,359,0.5179360000000002,0.9969954864491614,0.00808080808080808,0.8080808080808081,0.027272727272727275,0.04040404040404041,1.0,0.9999999999999997,,
2026090515,1000,10,100,true_random,False,0.644,356,0.507962,0.9695359714832658,0.011111111111111112,1.1111111111111112,0.025252525252525252,0.045454545454545456,1.0,0.9999999999999997,,
2026090516,1000,10,100,true_random,False,0.627,373,0.5303060000000002,1.0266450214168479,0.00909090909090909,0.9090909090909091,0.03232323232323232,0.0494949494949495,1.0,0.9999999999999997,,
2026090517,1000,10,100,true_random,False,0.654,346,0.50095,0.9518403227432635,0.005050505050505051,0.5050505050505051,0.023232323232323236,0.0393939393939394,1.0,0.9999999999999997,,
2026090518,1000,10,100,true_random,False,0.646,354,0.505066,0.9560334722173696,0.0060606060606060615,0.6060606060606061,0.022222222222222223,0.03636363636363636,1.0,0.9999999999999997,,
2026090519,1000,10,100,true_random,False,0.631,369,0.523482,0.9919677414109795,0.011111111111111112,1.1111111111111112,0.03232323232323232,0.05454545454545455,1.0,0.9999999999999997,,
2026090520,1000,10,100,true_random,False,0.63,370,0.5237260000000001,0.997997995989972,0.011111111111111112,1.1111111111111112,0.03232323232323232,0.05555555555555555,1.0,0.9999999999999997,,
2026090501,1000,10,100,candidate_a_recency_oracle,True,0.633,367,0.5230680000000001,0.9939818911831342,0.0030303030303030307,0.30303030303030304,0.01616161616161616,0.03232323232323232,0.9996297564115889,0.9974457580211762,0.7378051863338781,
2026090502,1000,10,100,candidate_a_recency_oracle,True,0.644,356,0.5095440000000002,0.9715966241192895,0.00202020202020202,0.20202020202020202,0.014141414141414142,0.03333333333333333,0.9996297147882934,0.9974454712306184,0.7395685045388147,
2026090503,1000,10,100,candidate_a_recency_oracle,True,0.64,360,0.5171260000000002,0.9919677414109795,0.007070707070707071,0.7070707070707071,0.022222222222222223,0.0393939393939394,0.9996306188194903,0.9974516999411484,0.725694355899744,
2026090504,1000,10,100,candidate_a_recency_oracle,True,0.641,359,0.5089700000000001,0.9602083107326244,0.005050505050505051,0.5050505050505051,0.019191919191919194,0.025252525252525252,0.9996301379024477,0.9974483864601035,0.7405720453297766,
2026090505,1000,10,100,candidate_a_recency_oracle,True,0.636,364,0.5193180000000002,0.985900603509299,0.00202020202020202,0.20202020202020202,0.021212121212121213,0.031313131313131314,0.9996300864748161,0.9974480320874991,0.7424907935755883,
2026090506,1000,10,100,candidate_a_recency_oracle,True,0.658,342,0.4990300000000001,0.9528903399657277,0.00404040404040404,0.40404040404040403,0.019191919191919194,0.03737373737373738,0.9996302289959951,0.9974490140661445,0.730832694001617,
2026090507,1000,10,100,candidate_a_recency_oracle,True,0.649,351,0.5042200000000001,0.9549869109050657,0.0060606060606060615,0.6060606060606061,0.01616161616161616,0.029292929292929298,0.9996302650585561,0.9974492626555478,0.7397563553653533,
2026090508,1000,10,100,candidate_a_recency_oracle,True,0.631,369,0.5240800000000001,1.0,0.005050505050505051,0.5050505050505051,0.017171717171717175,0.03434343434343435,0.9996301497114621,0.9974484678065281,0.7430442138016472,
2026090509,1000,10,100,candidate_a_recency_oracle,True,0.642,358,0.513252,0.9899494936611666,0.00808080808080808,0.8080808080808081,0.019191919191919194,0.031313131313131314,0.9996305146356635,0.9974509820906338,0.7350679892146288,
2026090510,1000,10,100,candidate_a_recency_oracle,True,0.65,350,0.501946,0.9476286192385707,0.00202020202020202,0.20202020202020202,0.01818181818181818,0.031313131313131314,0.9996296453056384,0.9974449926084793,0.7510868132043256,
2026090511,1000,10,100,candidate_a_recency_oracle,True,0.633,367,0.5259720000000001,1.014889156509222,0.00808080808080808,0.8080808080808081,0.028282828282828285,0.047474747474747475,0.9996311249740029,0.9974551872836307,0.7465925983315913,
2026090512,1000,10,100,candidate_a_recency_oracle,True,0.643,357,0.5117320000000001,0.9715966241192895,0.007070707070707071,0.7070707070707071,0.019191919191919194,0.03838383838383839,0.9996304873721104,0.9974507943317302,0.73813797098313,
2026090513,1000,10,100,candidate_a_recency_oracle,True,0.644,356,0.5093620000000001,0.9674709297958259,0.005050505050505051,0.5050505050505051,0.01616161616161616,0.025252525252525252,0.9996301621842266,0.9974485537412912,0.7400217438344187,
2026090514,1000,10,100,candidate_a_recency_oracle,True,0.646,354,0.5120420000000001,0.9848857801796105,0.00101010101010101,0.10101010101010101,0.01616161616161616,0.029292929292929298,0.9996296876685087,0.9974452843828415,0.7279427085058898,
2026090515,1000,10,100,candidate_a_recency_oracle,True,0.648,352,0.5009240000000001,0.950789145920377,0.005050505050505051,0.5050505050505051,0.012121212121212123,0.03232323232323232,0.9996298962373114,0.9974467213896249,0.7464005324030599,
2026090516,1000,10,100,candidate_a_recency_oracle,True,0.638,362,0.5193020000000002,1.0,0.00404040404040404,0.40404040404040403,0.01616161616161616,0.031313131313131314,0.9996300133879843,0.997447528537142,0.7423219263930219,
2026090517,1000,10,100,candidate_a_recency_oracle,True,0.66,340,0.49343400000000015,0.9338094023943002,0.00202020202020202,0.20202020202020202,0.014141414141414142,0.029292929292929298,0.9996294782015689,0.9974438411692383,0.7278344822085735,
2026090518,1000,10,100,candidate_a_recency_oracle,True,0.651,349,0.4996900000000002,0.9423375191511797,0.00101010101010101,0.10101010101010101,0.014141414141414142,0.026262626262626265,0.9996293898434508,0.9974432323877985,0.7502765059232949,
2026090519,1000,10,100,candidate_a_recency_oracle,True,0.638,362,0.5148180000000002,0.9715966241192895,0.00808080808080808,0.8080808080808081,0.025252525252525252,0.04242424242424243,0.9996310285459092,0.9974545229838644,0.7483409592756154,
2026090520,1000,10,100,candidate_a_recency_oracle,True,0.638,362,0.5146820000000001,0.9777525249264253,0.0060606060606060615,0.6060606060606061,0.021212121212121213,0.04343434343434343,0.9996306525555028,0.9974519323195494,0.7564721921783941,
2026090501,1000,10,100,candidate_b_exposure_oracle,True,0.639,361,0.5163280000000001,0.9808159868191383,0.005050505050505051,0.5050505050505051,0.01818181818181818,0.03333333333333333,0.9995970668992971,0.9972205940614752,0.3510218366795935,
2026090502,1000,10,100,candidate_b_exposure_oracle,True,0.649,351,0.505584,0.9643650760992954,0.00202020202020202,0.20202020202020202,0.015151515151515152,0.030303030303030304,0.9996001548677488,0.9972418673010428,0.3585033192266775,
2026090503,1000,10,100,candidate_b_exposure_oracle,True,0.646,354,0.510102,0.9757048734120375,0.00909090909090909,0.9090909090909091,0.024242424242424246,0.03737373737373738,0.999596849826238,0.997219101285993,0.3465293413627722,
2026090504,1000,10,100,candidate_b_exposure_oracle,True,0.646,354,0.5039060000000002,0.9497368056467013,0.00808080808080808,0.8080808080808081,0.021212121212121213,0.027272727272727275,0.9995980422991125,0.9972273141139908,0.3360089890058966,
2026090505,1000,10,100,candidate_b_exposure_oracle,True,0.636,364,0.5203540000000002,0.9879271228182775,0.005050505050505051,0.5050505050505051,0.025252525252525252,0.03333333333333333,0.9995962325655556,0.997214850050408,0.3424844118233558,
2026090506,1000,10,100,candidate_b_exposure_oracle,True,0.661,339,0.4945760000000001,0.9423375191511797,0.0060606060606060615,0.6060606060606061,0.019191919191919194,0.03636363636363636,0.9995988536966836,0.9972329014481843,0.34603300736853126,
2026090507,1000,10,100,candidate_b_exposure_oracle,True,0.656,344,0.4965860000000002,0.9391485505499116,0.00808080808080808,0.8080808080808081,0.017171717171717175,0.029292929292929298,0.9995993637150498,0.9972364137480636,0.34816767538282195,
2026090508,1000,10,100,candidate_b_exposure_oracle,True,0.638,362,0.517746,0.9889388252060892,0.007070707070707071,0.7070707070707071,0.01818181818181818,0.03434343434343435,0.999596475036205,0.9972165167135817,0.35086902459808983,
2026090509,1000,10,100,candidate_b_exposure_oracle,True,0.646,354,0.5099720000000001,0.9828529900244491,0.010101010101010102,1.0101010101010102,0.021212121212121213,0.03232323232323232,0.9995980387485891,0.9972272890032124,0.3710324588950833,
2026090510,1000,10,100,candidate_b_exposure_oracle,True,0.652,348,0.4978100000000001,0.9370165420097982,0.0030303030303030307,0.30303030303030304,0.020202020202020204,0.031313131313131314,0.9996018986202132,0.9972538736909966,0.35593675503812894,
2026090511,1000,10,100,candidate_b_exposure_oracle,True,0.635,365,0.5237280000000002,1.0079682534683323,0.011111111111111112,1.1111111111111112,0.031313131313131314,0.048484848484848485,0.9995907426925986,0.9971770345227668,0.43145158634204944,
2026090512,1000,10,100,candidate_b_exposure_oracle,True,0.644,356,0.5098580000000001,0.9664367542679655,0.00909090909090909,0.9090909090909091,0.023232323232323236,0.04242424242424243,0.9995971260165588,0.9972210008630218,0.34390536434921976,
2026090513,1000,10,100,candidate_b_exposure_oracle,True,0.648,352,0.5053020000000001,0.9591663046625439,0.007070707070707071,0.7070707070707071,0.01818181818181818,0.024242424242424246,0.9995973549709443,0.9972225793973049,0.32947684636814756,
2026090514,1000,10,100,candidate_b_exposure_oracle,True,0.644,356,0.5123500000000001,0.9787747442593725,0.00404040404040404,0.40404040404040403,0.019191919191919194,0.03232323232323232,0.9995973038318732,0.9972222244258492,0.35272898206345443,
2026090515,1000,10,100,candidate_b_exposure_oracle,True,0.654,346,0.495414,0.9402127418834527,0.007070707070707071,0.7070707070707071,0.014141414141414142,0.030303030303030304,0.9996013528773705,0.9972501161772694,0.36137157904445355,
2026090516,1000,10,100,candidate_b_exposure_oracle,True,0.641,359,0.5145160000000002,0.9828529900244491,0.005050505050505051,0.5050505050505051,0.019191919191919194,0.031313131313131314,0.9996002028829484,0.9972421961349066,0.42109141915544174,
2026090517,1000,10,100,candidate_b_exposure_oracle,True,0.661,339,0.4917640000000001,0.9295160030897801,0.00202020202020202,0.20202020202020202,0.015151515151515152,0.028282828282828285,0.9996023893982966,0.9972572555913963,0.3202527336779074,
2026090518,1000,10,100,candidate_b_exposure_oracle,True,0.653,347,0.4953900000000002,0.9305912099305473,0.00101010101010101,0.10101010101010101,0.015151515151515152,0.026262626262626265,0.9996018159501459,0.9972533055775744,0.34048487589751464,
2026090519,1000,10,100,candidate_b_exposure_oracle,True,0.641,359,0.5120660000000001,0.9664367542679655,0.00808080808080808,0.8080808080808081,0.025252525252525252,0.04040404040404041,0.9995942137128275,0.9972009413019467,0.3524910111675919,
2026090520,1000,10,100,candidate_b_exposure_oracle,True,0.64,360,0.51187,0.9705668446840743,0.00808080808080808,0.8080808080808081,0.022222222222222223,0.044444444444444446,0.9995966163779335,0.99721749224723,0.3214374928608212,
2026090501,1000,10,100,candidate_c_opportunity,False,0.641,359,0.5133240000000001,0.9715966241192895,0.005050505050505051,0.5050505050505051,0.01818181818181818,0.03232323232323232,0.9978036110011819,0.9849444210287301,0.10719183781903532,
2026090502,1000,10,100,candidate_c_opportunity,False,0.641,359,0.515136,0.985900603509299,0.00202020202020202,0.20202020202020202,0.024242424242424246,0.04141414141414142,0.997805016231397,0.9849539952659068,0.09333662400719538,
2026090503,1000,10,100,candidate_c_opportunity,False,0.64,360,0.516772,0.9889388252060892,0.00909090909090909,0.9090909090909091,0.027272727272727275,0.048484848484848485,0.9978168474497919,0.9850343651697681,0.10998744433419683,
2026090504,1000,10,100,candidate_c_opportunity,False,0.644,356,0.5045840000000001,0.950789145920377,0.00808080808080808,0.8080808080808081,0.023232323232323236,0.030303030303030304,0.9978497612394831,0.9852582438069111,0.07158956779706493,
2026090505,1000,10,100,candidate_c_opportunity,False,0.643,357,0.5145200000000001,0.9787747442593725,0.0060606060606060615,0.6060606060606061,0.027272727272727275,0.03838383838383839,0.9977992813373099,0.9849149429344378,0.08763718988560319,
2026090506,1000,10,100,candidate_c_opportunity,False,0.658,342,0.49709400000000015,0.9486832980505138,0.0060606060606060615,0.6060606060606061,0.021212121212121213,0.04141414141414142,0.9978167837513182,0.9850339625337716,0.06887357971587202,
2026090507,1000,10,100,candidate_c_opportunity,False,0.639,361,0.5127300000000001,0.96850400102426,0.00909090909090909,0.9090909090909091,0.021212121212121213,0.04040404040404041,0.997806810962045,0.9849661488564404,0.06887770276377135,
2026090508,1000,10,100,candidate_c_opportunity,False,0.632,368,0.5233260000000002,0.9989994994993742,0.00909090909090909,0.9090909090909091,0.023232323232323236,0.044444444444444446,0.9978114655619847,0.9849978047565306,0.044021378744990854,
2026090509,1000,10,100,candidate_c_opportunity,False,0.634,366,0.520648,1.0,0.010101010101010102,1.0101010101010102,0.022222222222222223,0.03232323232323232,0.997801804560013,0.9849319784835393,0.013741841036787,
2026090510,1000,10,100,candidate_c_opportunity,False,0.649,351,0.5038360000000002,0.9539392014169457,0.0030303030303030307,0.30303030303030304,0.024242424242424242,0.03636363636363636,0.9978255193269691,0.9850933637571986,0.07638983239633332,
2026090511,1000,10,100,candidate_c_opportunity,False,0.628,372,0.5312540000000001,1.0266450214168479,0.011111111111111112,1.1111111111111112,0.03535353535353535,0.05454545454545455,0.997802157763395,0.9849345885002654,0.09689378803782175,
2026090512,1000,10,100,candidate_c_opportunity,False,0.636,364,0.5196360000000002,0.9909591313469996,0.012121212121212123,1.2121212121212122,0.026262626262626265,0.04848484848484849,0.9978060689046707,0.9849610870496687,0.09029304273188961,
2026090513,1000,10,100,candidate_c_opportunity,False,0.635,365,0.5174160000000001,0.9797958971132712,0.007070707070707071,0.7070707070707071,0.020202020202020204,0.030303030303030304,0.9978231253176421,0.9850771072965834,-0.018954598406562634,
2026090514,1000,10,100,candidate_c_opportunity,False,0.637,363,0.5159840000000002,0.9838699100999074,0.005050505050505051,0.5050505050505051,0.023232323232323236,0.03535353535353535,0.9978022221578235,0.9849349761466394,0.04461169974128329,
2026090515,1000,10,100,candidate_c_opportunity,False,0.645,355,0.5038180000000001,0.9528903399657277,0.007070707070707071,0.7070707070707071,0.019191919191919194,0.04242424242424243,0.997810838619274,0.9849935638577472,0.08390554658153383,
2026090516,1000,10,100,candidate_c_opportunity,False,0.64,360,0.5152500000000002,0.9879271228182775,0.007070707070707071,0.7070707070707071,0.025252525252525252,0.0393939393939394,0.9978181097782773,0.9850429462865824,0.10146228987926775,
2026090517,1000,10,100,candidate_c_opportunity,False,0.661,339,0.49442200000000014,0.9402127418834527,0.00202020202020202,0.20202020202020202,0.019191919191919194,0.0393939393939394,0.9978163296990933,0.9850309319031878,0.06263316217607041,
2026090518,1000,10,100,candidate_c_opportunity,False,0.647,353,0.504356,0.9518403227432635,0.00404040404040404,0.40404040404040403,0.019191919191919194,0.03232323232323232,0.9977914398477442,0.9848616124277821,0.04129347989847322,
2026090519,1000,10,100,candidate_c_opportunity,False,0.649,351,0.5066160000000002,0.9643650760992954,0.011111111111111112,1.1111111111111112,0.029292929292929298,0.048484848484848485,0.9978316776341198,0.9851354026397076,0.016700182353485755,
2026090520,1000,10,100,candidate_c_opportunity,False,0.645,355,0.5083260000000001,0.9674709297958259,0.007070707070707071,0.7070707070707071,0.024242424242424246,0.04646464646464647,0.9978205311150563,0.9850594914152615,0.04112705646569202,
2026090501,1000,30,100,true_random,False,0.948,52,0.3176806666666667,0.5715476066494082,0.030976430976430977,1.0325476992143658,0.09562289562289562,0.15286195286195287,1.0,0.9999999999999997,,
2026090502,1000,30,100,true_random,False,0.952,48,0.31273266666666677,0.5609515724790034,0.028956228956228958,0.9652076318742986,0.09023569023569024,0.14040404040404042,1.0,0.9999999999999997,,
2026090503,1000,30,100,true_random,False,0.936,64,0.3281160000000001,0.5893499243516821,0.03569023569023569,1.1896745230078565,0.09393939393939395,0.15084175084175083,1.0,0.9999999999999997,,
2026090504,1000,30,100,true_random,False,0.953,47,0.30923733333333336,0.5647024782032471,0.026262626262626265,0.8754208754208754,0.08552188552188553,0.13131313131313133,1.0,0.9999999999999997,,
2026090505,1000,30,100,true_random,False,0.953,47,0.33061866666666684,0.6029556829117341,0.025925925925925925,0.8641975308641976,0.08518518518518518,0.1447811447811448,1.0,0.9999999999999997,,
2026090506,1000,30,100,true_random,False,0.954,46,0.3124486666666668,0.5654889722866201,0.03198653198653199,1.0662177328843996,0.09057239057239057,0.14309764309764308,1.0,0.9999999999999997,,
2026090507,1000,30,100,true_random,False,0.945,55,0.3159053333333335,0.5696002496878354,0.03265993265993266,1.0886644219977555,0.08653198653198653,0.13737373737373737,1.0,0.9999999999999997,,
2026090508,1000,30,100,true_random,False,0.952,48,0.31384666666666683,0.5676462121975467,0.03232323232323232,1.0774410774410774,0.09292929292929292,0.14074074074074075,1.0,0.9999999999999997,,
2026090509,1000,30,100,true_random,False,0.943,57,0.31065066666666685,0.5589673017667889,0.029966329966329967,0.9988776655443323,0.07811447811447811,0.13333333333333333,1.0,0.9999999999999997,,
2026090510,1000,30,100,true_random,False,0.956,44,0.31244266666666687,0.5648992043817296,0.026262626262626265,0.8754208754208754,0.07946127946127947,0.12996632996632998,1.0,0.9999999999999997,,
2026090511,1000,30,100,true_random,False,0.949,51,0.31813400000000014,0.5769652406245015,0.028956228956228958,0.9652076318742986,0.08754208754208753,0.14410774410774413,1.0,0.9999999999999997,,
2026090512,1000,30,100,true_random,False,0.94,60,0.32909733333333335,0.5955389715767279,0.03333333333333333,1.1111111111111112,0.09461279461279462,0.14545454545454545,1.0,0.9999999999999997,,
2026090513,1000,30,100,true_random,False,0.948,52,0.32053066666666674,0.583285712341921,0.02929292929292929,0.9764309764309764,0.08888888888888889,0.14074074074074075,1.0,0.9999999999999997,,
2026090514,1000,30,100,true_random,False,0.957,43,0.31112933333333337,0.5641118880348315,0.03198653198653199,1.0662177328843996,0.10067340067340068,0.14814814814814814,1.0,0.9999999999999997,,
2026090515,1000,30,100,true_random,False,0.959,41,0.30316333333333345,0.5509587603038503,0.02828282828282828,0.9427609427609429,0.08484848484848485,0.1383838383838384,1.0,0.9999999999999997,,
2026090516,1000,30,100,true_random,False,0.961,39,0.3166746666666669,0.5876506898943737,0.03367003367003367,1.122334455667789,0.09090909090909091,0.13737373737373737,1.0,0.9999999999999997,,
2026090517,1000,30,100,true_random,False,0.959,41,0.3094513333333335,0.5605552802554109,0.030976430976430974,1.0325476992143658,0.08013468013468014,0.12861952861952863,1.0,0.9999999999999997,,
2026090518,1000,30,100,true_random,False,0.956,44,0.31015133333333345,0.5645056834671079,0.031313131313131314,1.043771043771044,0.09124579124579124,0.13804713804713803,1.0,0.9999999999999997,,
2026090519,1000,30,100,true_random,False,0.956,44,0.2988066666666669,0.5399588461684423,0.031313131313131314,1.043771043771044,0.08417508417508418,0.13804713804713803,1.0,0.9999999999999997,,
2026090520,1000,30,100,true_random,False,0.955,45,0.31004733333333334,0.5680375574437545,0.03367003367003367,1.122334455667789,0.09057239057239057,0.1414141414141414,1.0,0.9999999999999997,,
2026090501,1000,30,100,candidate_a_recency_oracle,True,0.958,42,0.30233066666666675,0.5438545557203486,0.01616161616161616,0.5387205387205387,0.06498316498316499,0.11818181818181818,0.9989791555494537,0.9929733659079771,0.528516277988189,
2026090502,1000,30,100,candidate_a_recency_oracle,True,0.956,44,0.2980693333333335,0.5362420680584055,0.013804713804713806,0.4601571268237935,0.061279461279461274,0.10673400673400674,0.9989786815858029,0.9929701151341043,0.584619651916258,
2026090503,1000,30,100,candidate_a_recency_oracle,True,0.946,54,0.31242266666666674,0.5595633218064878,0.01919191919191919,0.6397306397306397,0.06565656565656566,0.11717171717171716,0.9989797459384213,0.9929774165230684,0.5693773823346203,
2026090504,1000,30,100,candidate_a_recency_oracle,True,0.964,36,0.2906146666666667,0.5297798284822354,0.013804713804713806,0.4601571268237935,0.05757575757575758,0.09966329966329966,0.9989778407876645,0.9929643487521272,0.5280357112195987,
2026090505,1000,30,100,candidate_a_recency_oracle,True,0.959,41,0.31582466666666686,0.5752294228296123,0.01414141414141414,0.47138047138047146,0.05892255892255892,0.1111111111111111,0.9989784259333326,0.9929683618425935,0.5681903922790054,
2026090506,1000,30,100,candidate_a_recency_oracle,True,0.962,38,0.2958820000000002,0.5360348247393385,0.017508417508417508,0.5836139169472503,0.05757575757575758,0.10808080808080807,0.9989795102671097,0.9929757995250728,0.5678744095019138,
2026090507,1000,30,100,candidate_a_recency_oracle,True,0.95,50,0.3035726666666667,0.5456901847914967,0.019865319865319864,0.6621773288439955,0.061952861952861954,0.11077441077441078,0.9989799690471406,0.992978945005494,0.5682641977119491,
2026090508,1000,30,100,candidate_a_recency_oracle,True,0.958,42,0.302238,0.5458937625582473,0.014814814814814814,0.4938271604938272,0.061952861952861954,0.10808080808080807,0.9989785970463939,0.9929695354464196,0.5771795411126385,
2026090509,1000,30,100,candidate_a_recency_oracle,True,0.953,47,0.29317533333333334,0.528730134903956,0.016498316498316498,0.5499438832772167,0.05555555555555555,0.10269360269360268,0.9989785847528845,0.9929694513217372,0.5318226725796488,
2026090510,1000,30,100,candidate_a_recency_oracle,True,0.96,40,0.3008293333333334,0.5399588461684423,0.014478114478114479,0.4826038159371493,0.05286195286195286,0.09865319865319866,0.9989777676815982,0.9929638473195226,0.5969034812679878,
2026090511,1000,30,100,candidate_a_recency_oracle,True,0.956,44,0.3016566666666667,0.5473166867139677,0.015488215488215487,0.5162738496071829,0.061952861952861954,0.11245791245791245,0.9989789932536121,0.992972252297534,0.5420150154543251,
2026090512,1000,30,100,candidate_a_recency_oracle,True,0.951,49,0.3092640000000002,0.5587684871413403,0.018855218855218854,0.6285072951739619,0.0632996632996633,0.11414141414141415,0.9989801539948011,0.9929802147640088,0.5974262628271795,
2026090513,1000,30,100,candidate_a_recency_oracle,True,0.955,45,0.3070113333333335,0.5581716183715861,0.016835016835016835,0.5611672278338945,0.0632996632996633,0.11043771043771045,0.9989796095138552,0.992976479223578,0.5705647207973863,
2026090514,1000,30,100,candidate_a_recency_oracle,True,0.963,37,0.3007726666666668,0.5454865310487103,0.016498316498316498,0.5499438832772167,0.06767676767676768,0.11144781144781145,0.9989797094928415,0.9929771646880268,0.499663507236773,
2026090515,1000,30,100,candidate_a_recency_oracle,True,0.967,33,0.2897606666666668,0.5253570214625479,0.01616161616161616,0.5387205387205387,0.06026936026936027,0.10841750841750841,0.9989794522857974,0.9929754009353339,0.5382978904666654,
2026090516,1000,30,100,candidate_a_recency_oracle,True,0.97,30,0.3005773333333335,0.5553777493242275,0.019528619528619527,0.6509539842873177,0.06161616161616161,0.10336700336700336,0.9989800519255226,0.9929795134715996,0.5117672775518662,
2026090517,1000,30,100,candidate_a_recency_oracle,True,0.965,35,0.29385266666666676,0.5314550257965809,0.013468013468013467,0.4489337822671156,0.05387205387205387,0.09696969696969697,0.9989778281728806,0.9929642615874184,0.5488723050422188,
2026090518,1000,30,100,candidate_a_recency_oracle,True,0.962,38,0.2917306666666668,0.5285199460127624,0.01414141414141414,0.47138047138047146,0.05757575757575758,0.10033670033670034,0.9989783602568048,0.9929679108998742,0.5427445839089619,
2026090519,1000,30,100,candidate_a_recency_oracle,True,0.963,37,0.2934066666666668,0.5293602008294751,0.01818181818181818,0.6060606060606061,0.057912457912457915,0.10942760942760943,0.9989789814283756,0.9929721715225724,0.5577618151812482,
2026090520,1000,30,100,candidate_a_recency_oracle,True,0.961,39,0.29403933333333354,0.5356200975401212,0.016835016835016835,0.5611672278338945,0.05723905723905724,0.10370370370370371,0.9989788160401596,0.9929710388468344,0.5420558882571397,
2026090501,1000,30,100,candidate_b_exposure_oracle,True,0.962,38,0.2932300000000001,0.5280993172584953,0.019865319865319864,0.6621773288439955,0.06868686868686869,0.11717171717171716,0.9988298738343296,0.9919503754732928,0.3057037729558906,
2026090502,1000,30,100,candidate_b_exposure_oracle,True,0.962,38,0.28723733333333334,0.5172577264338886,0.017845117845117844,0.5948372615039282,0.06296296296296296,0.10370370370370371,0.9988464783072867,0.9920641185280268,0.3504089976045859,
2026090503,1000,30,100,candidate_b_exposure_oracle,True,0.952,48,0.3017540000000001,0.5420127099780759,0.024915824915824916,0.830527497194164,0.06868686868686869,0.11481481481481481,0.9988277960150141,0.9919361362270399,0.3281740678585578,
2026090504,1000,30,100,candidate_b_exposure_oracle,True,0.966,34,0.2822313333333335,0.5148894163906568,0.017508417508417508,0.5836139169472503,0.059259259259259255,0.09461279461279462,0.9988592105668437,0.9921513422705405,0.34202171901381484,
2026090505,1000,30,100,candidate_b_exposure_oracle,True,0.966,34,0.30510400000000004,0.5541760650832108,0.016498316498316498,0.5499438832772167,0.061279461279461274,0.10942760942760943,0.9988387504278293,0.9920112063188795,0.41699402276928244,
2026090506,1000,30,100,candidate_b_exposure_oracle,True,0.965,35,0.28876533333333354,0.5232377832092956,0.024915824915824916,0.830527497194164,0.06397306397306397,0.11178451178451178,0.9988414111980941,0.9920293882291551,0.351481677685632,
2026090507,1000,30,100,candidate_b_exposure_oracle,True,0.958,42,0.2959826666666667,0.5310367218940701,0.02255892255892256,0.7519640852974186,0.06430976430976432,0.1101010101010101,0.9988378816415816,0.992005236267932,0.3099265419187971,
2026090508,1000,30,100,candidate_b_exposure_oracle,True,0.958,42,0.2946833333333334,0.5320818650462644,0.016835016835016835,0.5611672278338945,0.06296296296296296,0.10471380471380472,0.9988499377660355,0.9920878088703929,0.3269160551526681,
2026090509,1000,30,100,candidate_b_exposure_oracle,True,0.955,45,0.28547333333333347,0.5151051672555162,0.020875420875420873,0.6958473625140291,0.059932659932659935,0.10404040404040404,0.9988476638718773,0.9920722054916589,0.2965057231350982,
2026090510,1000,30,100,candidate_b_exposure_oracle,True,0.962,38,0.2921440000000002,0.5240865068542279,0.015488215488215487,0.5162738496071829,0.0531986531986532,0.09663299663299663,0.998862414436106,0.992173299849076,0.4093160614007698,
2026090511,1000,30,100,candidate_b_exposure_oracle,True,0.961,39,0.29279600000000006,0.5293602008294751,0.017508417508417508,0.5836139169472503,0.0643097643097643,0.1111111111111111,0.9988429064649955,0.9920396542727586,0.329742786424824,
2026090512,1000,30,100,candidate_b_exposure_oracle,True,0.954,46,0.30001200000000017,0.543241300999023,0.022222222222222223,0.7407407407407408,0.06599326599326599,0.11212121212121212,0.9988434279923076,0.9920431986571272,0.38391446309594274,
2026090513,1000,30,100,candidate_b_exposure_oracle,True,0.961,39,0.29788000000000014,0.5407813277512866,0.018855218855218854,0.6285072951739619,0.06161616161616161,0.10538720538720539,0.9988422854571385,0.9920353797598318,0.36685983025678465,
2026090514,1000,30,100,candidate_b_exposure_oracle,True,0.965,35,0.29177866666666685,0.5291502622129182,0.018855218855218854,0.6285072951739619,0.06868686868686869,0.1101010101010101,0.9988373627634068,0.9920016774320125,0.30716953856891427,
2026090515,1000,30,100,candidate_b_exposure_oracle,True,0.968,32,0.28110666666666684,0.5094659513211414,0.01919191919191919,0.6397306397306397,0.06228956228956229,0.10606060606060606,0.9988576428611377,0.9921406000387917,0.34885976879799635,
2026090516,1000,30,100,candidate_b_exposure_oracle,True,0.973,27,0.2945120000000001,0.5434457961318068,0.022222222222222223,0.7407407407407408,0.0643097643097643,0.10235690235690235,0.9988437631396873,0.9920455026560981,0.34730632773477327,
2026090517,1000,30,100,candidate_b_exposure_oracle,True,0.966,34,0.2896540000000001,0.5251454824882128,0.018518518518518517,0.617283950617284,0.05892255892255892,0.09966329966329966,0.9988555198721913,0.9921260572021966,0.38063379866837754,
2026090518,1000,30,100,candidate_b_exposure_oracle,True,0.967,33,0.28411866666666685,0.5159672685570492,0.017508417508417508,0.5836139169472503,0.05892255892255892,0.09797979797979797,0.9988562279733663,0.9921309149311363,0.3350260932741402,
2026090519,1000,30,100,candidate_b_exposure_oracle,True,0.965,35,0.28572733333333344,0.5140255073653662,0.02323232323232323,0.7744107744107744,0.06363636363636363,0.1101010101010101,0.9988468501422916,0.9920666512097263,0.3509722743617182,
2026090520,1000,30,100,candidate_b_exposure_oracle,True,0.966,34,0.28316600000000003,0.5133766215514255,0.020875420875420877,0.6958473625140291,0.05824915824915825,0.1,0.9988517973144334,0.9921005483541285,0.3205794759589225,
2026090501,1000,30,100,candidate_c_opportunity,False,0.955,45,0.3011440000000001,0.5436502143433364,0.021885521885521883,0.7295173961840629,0.08047138047138047,0.13434343434343435,0.9978036110011819,0.9849444210287301,0.1137382788526033,
2026090502,1000,30,100,candidate_c_opportunity,False,0.948,52,0.3035946666666667,0.5460972644339305,0.019528619528619527,0.6509539842873177,0.07272727272727272,0.11717171717171716,0.997805016231397,0.9849539952659068,0.11876955018489317,
2026090503,1000,30,100,candidate_c_opportunity,False,0.947,53,0.31586000000000003,0.5650958620741559,0.02760942760942761,0.920314253647587,0.07744107744107745,0.12962962962962962,0.9978168474497919,0.9850343651697681,0.1582120472950786,
2026090504,1000,30,100,candidate_c_opportunity,False,0.964,36,0.29891933333333354,0.544671154612273,0.02154882154882155,0.718294051627385,0.07373737373737374,0.11515151515151516,0.9978497612394831,0.9852582438069111,0.14572401235856364,
2026090505,1000,30,100,candidate_c_opportunity,False,0.958,42,0.31552133333333354,0.5760015432078093,0.019865319865319864,0.6621773288439955,0.06902356902356901,0.12390572390572391,0.9977992813373099,0.9849149429344378,0.1466086736198994,
2026090506,1000,30,100,candidate_c_opportunity,False,0.957,43,0.30543600000000004,0.5509587603038503,0.027946127946127945,0.931537598204265,0.07272727272727272,0.12356902356902358,0.9978167837513182,0.9850339625337716,0.07832098929705031,
2026090507,1000,30,100,candidate_c_opportunity,False,0.958,42,0.2998673333333335,0.5387227693556512,0.024579124579124575,0.819304152637486,0.06936026936026936,0.11683501683501683,0.997806810962045,0.9849661488564404,0.12443470649360741,
2026090508,1000,30,100,candidate_c_opportunity,False,0.955,45,0.3041800000000001,0.5513619500836089,0.022222222222222223,0.7407407407407408,0.07306397306397307,0.11851851851851851,0.9978114655619847,0.9849978047565306,0.08096903029167675,
2026090509,1000,30,100,candidate_c_opportunity,False,0.947,53,0.29869800000000013,0.5378971401051816,0.02323232323232323,0.7744107744107744,0.06599326599326599,0.1164983164983165,0.997801804560013,0.9849319784835393,0.12288155141770056,
2026090510,1000,30,100,candidate_c_opportunity,False,0.956,44,0.29992466666666684,0.5385164807134504,0.018855218855218854,0.6285072951739619,0.0632996632996633,0.11245791245791245,0.9978255193269691,0.9850933637571986,0.16269469558728794,
2026090511,1000,30,100,candidate_c_opportunity,False,0.967,33,0.3087133333333334,0.5605552802554109,0.020875420875420873,0.6958473625140291,0.07373737373737374,0.1265993265993266,0.997802157763395,0.9849345885002654,0.1268903418215239,
2026090512,1000,30,100,candidate_c_opportunity,False,0.949,51,0.31028333333333347,0.5621387729022078,0.026262626262626265,0.8754208754208754,0.08181818181818182,0.13131313131313133,0.9978060689046707,0.9849610870496687,0.17392381392646897,
2026090513,1000,30,100,candidate_c_opportunity,False,0.946,54,0.31072733333333336,0.5613475849338903,0.02255892255892256,0.7519640852974186,0.07306397306397307,0.11784511784511784,0.9978231253176421,0.9850771072965834,0.0840787140161409,
2026090514,1000,30,100,candidate_c_opportunity,False,0.958,42,0.30761266666666676,0.5551776492459167,0.02323232323232323,0.7744107744107744,0.08148148148148147,0.12457912457912458,0.9978022221578235,0.9849349761466394,0.1040800289957733,
2026090515,1000,30,100,candidate_c_opportunity,False,0.961,39,0.2991153333333334,0.5411920998027308,0.02323232323232323,0.7744107744107744,0.07272727272727272,0.12255892255892255,0.997810838619274,0.9849935638577472,0.1366272652264218,
2026090516,1000,30,100,candidate_c_opportunity,False,0.971,29,0.30017400000000016,0.5545769158156112,0.024242424242424242,0.8080808080808081,0.06902356902356901,0.11178451178451178,0.9978181097782773,0.9850429462865824,0.11466708593863933,
2026090517,1000,30,100,candidate_c_opportunity,False,0.962,38,0.29838466666666674,0.537277085558901,0.025252525252525252,0.8417508417508418,0.07037037037037037,0.11515151515151516,0.9978163296990933,0.9850309319031878,0.08334100676171215,
2026090518,1000,30,100,candidate_c_opportunity,False,0.961,39,0.2921773333333335,0.5316640543300503,0.022222222222222223,0.7407407407407408,0.07037037037037037,0.11582491582491583,0.9977914398477442,0.9848616124277821,0.10494799465658422,
2026090519,1000,30,100,candidate_c_opportunity,False,0.965,35,0.2937820000000002,0.5301991240195622,0.027946127946127945,0.931537598204265,0.07575757575757576,0.12424242424242425,0.9978316776341198,0.9851354026397076,0.1289860359660793,
2026090520,1000,30,100,candidate_c_opportunity,False,0.964,36,0.29484466666666687,0.5403702434442518,0.024915824915824916,0.830527497194164,0.0723905723905724,0.11818181818181818,0.9978205311150563,0.9850594914152615,0.07377039475658706,
2026090501,1000,50,100,true_random,False,0.994,6,0.24328400000000006,0.434695295580709,0.043838383838383836,0.8767676767676768,0.14525252525252527,0.23272727272727273,1.0,0.9999999999999997,,
2026090502,1000,50,100,true_random,False,0.996,4,0.23761840000000012,0.4253939350766534,0.04929292929292929,0.9858585858585858,0.1406060606060606,0.21474747474747477,1.0,0.9999999999999997,,
2026090503,1000,50,100,true_random,False,0.994,6,0.2451032000000002,0.43698970239583446,0.05252525252525253,1.0505050505050506,0.13696969696969696,0.2224242424242424,1.0,0.9999999999999997,,
2026090504,1000,50,100,true_random,False,0.998,2,0.2354016000000001,0.4221847936626804,0.04727272727272727,0.9454545454545454,0.14040404040404042,0.2222222222222222,1.0,0.9999999999999997,,
2026090505,1000,50,100,true_random,False,0.996,4,0.25238320000000014,0.4532548951748894,0.04787878787878788,0.9575757575757575,0.14444444444444446,0.2204040404040404,1.0,0.9999999999999997,,
2026090506,1000,50,100,true_random,False,0.995,5,0.2398760000000002,0.4330357952871795,0.051919191919191914,1.0383838383838384,0.14727272727272728,0.2286868686868687,1.0,0.9999999999999997,,
2026090507,1000,50,100,true_random,False,0.991,9,0.24835400000000019,0.44533133732087615,0.05818181818181818,1.1636363636363636,0.15212121212121213,0.22707070707070706,1.0,0.9999999999999997,,
2026090508,1000,50,100,true_random,False,0.991,9,0.24377880000000007,0.43845182175468267,0.053131313131313126,1.0626262626262626,0.14282828282828283,0.22464646464646468,1.0,0.9999999999999997,,
2026090509,1000,50,100,true_random,False,0.994,6,0.24025240000000014,0.43118441530277973,0.048888888888888885,0.9777777777777777,0.13494949494949493,0.22,1.0,0.9999999999999997,,
2026090510,1000,50,100,true_random,False,0.994,6,0.24006640000000012,0.4334051222586092,0.04727272727272727,0.9454545454545454,0.13575757575757574,0.21393939393939393,1.0,0.9999999999999997,,
2026090511,1000,50,100,true_random,False,0.995,5,0.242008,0.43735569048544454,0.0507070707070707,1.014141414141414,0.14202020202020202,0.2280808080808081,1.0,0.9999999999999997,,
2026090512,1000,50,100,true_random,False,0.99,10,0.24454840000000022,0.4410895600668871,0.05171717171717172,1.0343434343434343,0.14565656565656565,0.22646464646464648,1.0,0.9999999999999997,,
2026090513,1000,50,100,true_random,False,0.992,8,0.2450304000000001,0.4387254266622804,0.046868686868686865,0.9373737373737373,0.1416161616161616,0.22080808080808081,1.0,0.9999999999999997,,
2026090514,1000,50,100,true_random,False,0.994,6,0.24382520000000008,0.43908996800200295,0.0496969696969697,0.9939393939393939,0.14424242424242423,0.22767676767676767,1.0,0.9999999999999997,,
2026090515,1000,50,100,true_random,False,0.994,6,0.2359420000000001,0.4235091498421256,0.048888888888888885,0.9777777777777777,0.1397979797979798,0.22383838383838384,1.0,0.9999999999999997,,
2026090516,1000,50,100,true_random,False,0.999,1,0.24925960000000003,0.4527250821414691,0.050505050505050504,1.0101010101010102,0.14262626262626263,0.2183838383838384,1.0,0.9999999999999997,,
2026090517,1000,50,100,true_random,False,0.997,3,0.24399000000000015,0.4366234075264403,0.051111111111111114,1.0222222222222221,0.14242424242424243,0.2181818181818182,1.0,0.9999999999999997,,
2026090518,1000,50,100,true_random,False,0.995,5,0.24244920000000003,0.43836058216951945,0.05090909090909091,1.018181818181818,0.14343434343434344,0.22080808080808081,1.0,0.9999999999999997,,
2026090519,1000,50,100,true_random,False,0.994,6,0.23256880000000013,0.4164612827142518,0.04484848484848485,0.896969696969697,0.13919191919191917,0.2191919191919192,1.0,0.9999999999999997,,
2026090520,1000,50,100,true_random,False,0.996,4,0.23892080000000004,0.4349712634186309,0.05171717171717172,1.0343434343434343,0.14323232323232324,0.22141414141414142,1.0,0.9999999999999997,,
2026090501,1000,50,100,candidate_a_recency_oracle,True,0.997,3,0.2277140000000002,0.40634960317440944,0.026464646464646465,0.5292929292929293,0.10505050505050506,0.18949494949494952,0.9984348150913327,0.9892470078206831,0.41202125821881114,
2026090502,1000,50,100,candidate_a_recency_oracle,True,0.998,2,0.2199816000000001,0.3946644144079879,0.02666666666666667,0.5333333333333333,0.1002020202020202,0.17212121212121212,0.9984361271910593,0.9892559722331762,0.4480382672576949,
2026090503,1000,50,100,candidate_a_recency_oracle,True,0.995,5,0.22758800000000012,0.40467270725859433,0.03111111111111111,0.6222222222222221,0.1002020202020202,0.17979797979797982,0.9984368292793857,0.9892607721164621,0.43734765138776455,
2026090504,1000,50,100,candidate_a_recency_oracle,True,0.998,2,0.21702120000000003,0.3914077158156185,0.023434343434343433,0.46868686868686865,0.09737373737373738,0.17616161616161619,0.9984337734225853,0.9892398914772816,0.4133751647631966,
2026090505,1000,50,100,candidate_a_recency_oracle,True,0.996,4,0.23537600000000003,0.42303664143901293,0.02505050505050505,0.5010101010101009,0.1004040404040404,0.17636363636363636,0.9984351783281104,0.9892494892291672,0.42880754451162045,
2026090506,1000,50,100,candidate_a_recency_oracle,True,0.996,4,0.22996480000000008,0.41347309465066767,0.03373737373737373,0.6747474747474748,0.10828282828282829,0.18666666666666668,0.9984396609791808,0.9892801181466756,0.45475856785736835,
2026090507,1000,50,100,candidate_a_recency_oracle,True,0.993,7,0.2257728000000001,0.4061526806510084,0.03171717171717172,0.6343434343434343,0.10363636363636364,0.18141414141414142,0.9984382243660467,0.9892703015812658,0.4259569694989751,
2026090508,1000,50,100,candidate_a_recency_oracle,True,0.994,6,0.2266068000000001,0.4062511538445152,0.028888888888888888,0.5777777777777777,0.1002020202020202,0.17979797979797982,0.9984365891185906,0.9892591307041404,0.4405346136906056,
2026090509,1000,50,100,candidate_a_recency_oracle,True,0.995,5,0.22387440000000014,0.4017959681231259,0.027474747474747478,0.5494949494949495,0.09474747474747476,0.17434343434343436,0.9984352689070076,0.989250106654844,0.4459927650028768,
2026090510,1000,50,100,candidate_a_recency_oracle,True,0.997,3,0.2235372000000002,0.403286498658212,0.025656565656565655,0.5131313131313131,0.09494949494949495,0.17313131313131314,0.9984354017289383,0.9892510151398572,0.47469865961778007,
2026090511,1000,50,100,candidate_a_recency_oracle,True,0.997,3,0.22880120000000015,0.4119223227745736,0.027676767676767678,0.5535353535353535,0.1002020202020202,0.18545454545454546,0.9984357824361458,0.9892536172387963,0.45311922969394286,
2026090512,1000,50,100,candidate_a_recency_oracle,True,0.991,9,0.2325252000000002,0.4178037816966237,0.031919191919191924,0.6383838383838384,0.10565656565656567,0.18383838383838383,0.9984382810987033,0.9892706917362893,0.5043131076440918,
2026090513,1000,50,100,candidate_a_recency_oracle,True,0.995,5,0.22989320000000002,0.4124075654010241,0.027676767676767678,0.5535353535353535,0.10242424242424243,0.1806060606060606,0.9984364694319957,0.9892583101331561,0.45476805556197747,
2026090514,1000,50,100,candidate_a_recency_oracle,True,0.998,2,0.22577040000000004,0.40762728073572313,0.02828282828282828,0.5656565656565656,0.10666666666666667,0.18484848484848485,0.9984365207099789,0.9892586618260001,0.40735956610099266,
2026090515,1000,50,100,candidate_a_recency_oracle,True,0.996,4,0.2206724000000002,0.39577771539084916,0.028888888888888888,0.5777777777777777,0.0993939393939394,0.17858585858585857,0.9984371488121643,0.9892629549217555,0.47429489897241317,
2026090516,1000,50,100,candidate_a_recency_oracle,True,1.0,0,0.23159960000000002,0.42000000000000004,0.02909090909090909,0.5818181818181818,0.10424242424242425,0.17393939393939392,0.9984376712321457,0.9892665213708379,0.4094995016159116,
2026090517,1000,50,100,candidate_a_recency_oracle,True,0.997,3,0.22914640000000008,0.4091943303615044,0.02787878787878788,0.5575757575757575,0.1004040404040404,0.17353535353535354,0.9984368142276437,0.9892606657816616,0.41264130441326075,
2026090518,1000,50,100,candidate_a_recency_oracle,True,0.997,3,0.22180920000000004,0.3995997997997497,0.027272727272727275,0.5454545454545454,0.10242424242424243,0.17878787878787877,0.9984365407553749,0.98925879914233,0.3970540371944189,
2026090519,1000,50,100,candidate_a_recency_oracle,True,0.997,3,0.21690680000000007,0.3888444419044716,0.027272727272727275,0.5454545454545454,0.10242424242424243,0.17898989898989898,0.9984360299336923,0.9892553072878525,0.4579095174762631,
2026090520,1000,50,100,candidate_a_recency_oracle,True,0.996,4,0.22421160000000007,0.4058571177150895,0.029696969696969697,0.5939393939393939,0.10424242424242425,0.1781818181818182,0.9984371144861336,0.9892627205754572,0.4125000891274489,
2026090501,1000,50,100,candidate_b_exposure_oracle,True,1.0,0,0.21687200000000018,0.38678159211627433,0.02909090909090909,0.5818181818181818,0.10585858585858586,0.18343434343434342,0.9981446151003303,0.987267086340265,0.2970197091977826,
2026090502,1000,50,100,candidate_b_exposure_oracle,True,0.999,1,0.2112868000000001,0.3786291061183754,0.033535353535353536,0.6707070707070706,0.10424242424242425,0.16828282828282828,0.9981719851558966,0.9874536148726791,0.37310496370974056,
2026090503,1000,50,100,candidate_b_exposure_oracle,True,0.996,4,0.21918080000000018,0.39089640571384127,0.035555555555555556,0.711111111111111,0.10242424242424243,0.17515151515151514,0.9981518359662794,0.9873161785635824,0.3316234542396599,
2026090504,1000,50,100,candidate_b_exposure_oracle,True,1.0,0,0.2073364000000002,0.37288067796548535,0.0301010101010101,0.602020202020202,0.10101010101010101,0.1705050505050505,0.998172660805851,0.9874582070606555,0.31417111481157345,
2026090505,1000,50,100,candidate_b_exposure_oracle,True,0.997,3,0.22190520000000014,0.39979994997498436,0.030707070707070707,0.6141414141414141,0.10545454545454545,0.17333333333333334,0.9981649487720711,0.9874056095284441,0.3726807342637476,
2026090506,1000,50,100,candidate_b_exposure_oracle,True,0.997,3,0.2152896000000002,0.38616058835670947,0.03777777777777778,0.7555555555555555,0.1103030303030303,0.1802020202020202,0.9981566286810657,0.9873489203034285,0.35942007915010926,
2026090507,1000,50,100,candidate_b_exposure_oracle,True,0.995,5,0.21453840000000013,0.38678159211627433,0.03797979797979798,0.7595959595959595,0.10646464646464647,0.17696969696969697,0.9981585399331867,0.9873619583118596,0.3425725454662227,
2026090508,1000,50,100,candidate_b_exposure_oracle,True,0.994,6,0.2157220000000002,0.3872983346207417,0.03474747474747475,0.6949494949494949,0.10444444444444444,0.17494949494949497,0.9981726321174256,0.987458010773853,0.33666550766183445,
2026090509,1000,50,100,candidate_b_exposure_oracle,True,0.996,4,0.21093760000000006,0.3788403357616504,0.032525252525252527,0.6505050505050504,0.09959595959595959,0.17010101010101009,0.9981768570250239,0.9874867769040336,0.3211818833980424,
2026090510,1000,50,100,candidate_b_exposure_oracle,True,0.998,2,0.21129720000000018,0.38073612909730536,0.030505050505050504,0.61010101010101,0.09575757575757576,0.16787878787878788,0.9981913841272738,0.9875858761125914,0.41843001316096434,
2026090511,1000,50,100,candidate_b_exposure_oracle,True,0.998,2,0.2146640000000002,0.387401600409704,0.03272727272727273,0.6545454545454545,0.10383838383838385,0.1808080808080808,0.9981530666772527,0.9873246319585965,0.3561813505782825,
2026090512,1000,50,100,candidate_b_exposure_oracle,True,0.994,6,0.22087960000000018,0.3971901307938051,0.03676767676767677,0.7353535353535353,0.10828282828282829,0.17777777777777778,0.9981514294849844,0.9873134293242201,0.383214473035981,
2026090513,1000,50,100,candidate_b_exposure_oracle,True,0.995,5,0.21784840000000005,0.3903844259188627,0.03272727272727273,0.6545454545454545,0.10525252525252525,0.17515151515151514,0.9981717755605045,0.9874521810754885,0.369049048981966,
2026090514,1000,50,100,candidate_b_exposure_oracle,True,0.998,2,0.21258920000000003,0.38345795075861966,0.03373737373737373,0.6747474747474748,0.11131313131313131,0.1808080808080808,0.9981534056176352,0.987326893749291,0.3471793258617323,
2026090515,1000,50,100,candidate_b_exposure_oracle,True,0.996,4,0.21189800000000014,0.38073612909730536,0.03373737373737373,0.6747474747474748,0.10404040404040404,0.17515151515151514,0.9981802186861016,0.9875097594386827,0.37427654901507856,
2026090516,1000,50,100,candidate_b_exposure_oracle,True,1.0,0,0.21985880000000013,0.3968878934913485,0.03434343434343434,0.6868686868686869,0.10686868686868686,0.1703030303030303,0.9981746126399189,0.9874715226391652,0.34679248755346387,
2026090517,1000,50,100,candidate_b_exposure_oracle,True,0.998,2,0.2176844,0.3899743581314033,0.03333333333333333,0.6666666666666666,0.10383838383838383,0.1705050505050505,0.9981700599650556,0.9874404686744453,0.3452225702106378,
2026090518,1000,50,100,candidate_b_exposure_oracle,True,0.997,3,0.21354200000000012,0.3837707649105127,0.03212121212121212,0.6424242424242423,0.10444444444444444,0.17616161616161619,0.9981634121424802,0.9873951285159118,0.2864381626741588,
2026090519,1000,50,100,candidate_b_exposure_oracle,True,0.998,2,0.2051784000000001,0.3676955262170047,0.03090909090909091,0.6181818181818182,0.10323232323232324,0.17393939393939392,0.9981791321226937,0.9875023099848158,0.3536726446878224,
2026090520,1000,50,100,candidate_b_exposure_oracle,True,0.998,2,0.21546520000000013,0.38915292623851616,0.03575757575757576,0.7151515151515151,0.10626262626262625,0.17434343434343436,0.9981647309079884,0.9874040964971837,0.32694081250785606,
2026090501,1000,50,100,candidate_c_opportunity,False,0.997,3,0.2275292000000002,0.4077253977863042,0.035555555555555556,0.711111111111111,0.12262626262626264,0.20484848484848486,0.9978036110011819,0.9849444210287301,0.1711664898308983,
2026090502,1000,50,100,candidate_c_opportunity,False,0.997,3,0.2233672000000002,0.39969988741554585,0.037979797979797975,0.7595959595959595,0.12080808080808082,0.18929292929292932,0.997805016231397,0.9849539952659068,0.16293528100198135,
2026090503,1000,50,100,candidate_c_opportunity,False,0.997,3,0.23723080000000007,0.42275288289969115,0.04222222222222222,0.8444444444444444,0.11616161616161616,0.19636363636363638,0.9978168474497919,0.9850343651697681,0.1348364940292205,
2026090504,1000,50,100,candidate_c_opportunity,False,0.998,2,0.2250008000000001,0.40467270725859433,0.03333333333333333,0.6666666666666666,0.11737373737373738,0.19474747474747475,0.9978497612394831,0.9852582438069111,0.12185573043482348,
2026090505,1000,50,100,candidate_c_opportunity,False,0.996,4,0.23872440000000017,0.4287656702675717,0.03676767676767677,0.7353535353535353,0.11858585858585859,0.19171717171717173,0.9977992813373099,0.9849149429344378,0.17405811649945366,
2026090506,1000,50,100,candidate_c_opportunity,False,0.995,5,0.22813760000000016,0.40987803063838396,0.040606060606060604,0.812121212121212,0.12121212121212122,0.2004040404040404,0.9978167837513182,0.9850339625337716,0.15120349819145146,
2026090507,1000,50,100,candidate_c_opportunity,False,0.991,9,0.23179040000000017,0.41732481354455786,0.04323232323232323,0.8646464646464646,0.12282828282828283,0.19656565656565658,0.997806810962045,0.9849661488564404,0.15483723128531113,
2026090508,1000,50,100,candidate_c_opportunity,False,0.991,9,0.2288504,0.40968280413021974,0.040202020202020204,0.804040404040404,0.1191919191919192,0.1977777777777778,0.9978114655619847,0.9849978047565306,0.13355848761782937,
2026090509,1000,50,100,candidate_c_opportunity,False,0.996,4,0.22631240000000008,0.40684149247587814,0.03898989898989899,0.7797979797979797,0.11292929292929292,0.19353535353535353,0.997801804560013,0.9849319784835393,0.15170996333036965,
2026090510,1000,50,100,candidate_c_opportunity,False,0.996,4,0.2259732000000001,0.40634960317440944,0.03636363636363636,0.7272727272727273,0.11191919191919192,0.18848484848484848,0.9978255193269691,0.9850933637571986,0.20758966151014094,
2026090511,1000,50,100,candidate_c_opportunity,False,0.997,3,0.23020360000000006,0.4168452950436169,0.03878787878787879,0.7757575757575758,0.1204040404040404,0.20363636363636364,0.997802157763395,0.9849345885002654,0.15056810060377843,
2026090512,1000,50,100,candidate_c_opportunity,False,0.993,7,0.23371120000000012,0.42171080137933387,0.04141414141414141,0.8282828282828283,0.12282828282828283,0.2018181818181818,0.9978060689046707,0.9849610870496687,0.19788777590592507,
2026090513,1000,50,100,candidate_c_opportunity,False,0.994,6,0.23543080000000005,0.4213312236234101,0.03838383838383838,0.7676767676767676,0.12080808080808082,0.19696969696969696,0.9978231253176421,0.9850771072965834,0.10484218004210848,
2026090514,1000,50,100,candidate_c_opportunity,False,0.996,4,0.22689880000000007,0.40811763010191066,0.03898989898989899,0.7797979797979797,0.12505050505050505,0.20404040404040402,0.9978022221578235,0.9849349761466394,0.14402691115762736,
2026090515,1000,50,100,candidate_c_opportunity,False,0.996,4,0.22888720000000018,0.40968280413021974,0.03737373737373738,0.7474747474747475,0.1193939393939394,0.2004040404040404,0.997810838619274,0.9849935638577472,0.16083467279586314,
2026090516,1000,50,100,candidate_c_opportunity,False,0.999,1,0.23500200000000016,0.42473521163190603,0.040606060606060604,0.812121212121212,0.118989898989899,0.1909090909090909,0.9978181097782773,0.9850429462865824,0.11354174345280237,
2026090517,1000,50,100,candidate_c_opportunity,False,0.995,5,0.23408360000000017,0.41904653679513926,0.0397979797979798,0.795959595959596,0.11737373737373738,0.18929292929292932,0.9978163296990933,0.9850309319031878,0.1416667097503969,
2026090518,1000,50,100,candidate_c_opportunity,False,0.997,3,0.22445760000000003,0.40565995612088707,0.03737373737373738,0.7474747474747475,0.1181818181818182,0.1898989898989899,0.9977914398477442,0.9848616124277821,0.10037842550906233,
2026090519,1000,50,100,candidate_c_opportunity,False,0.995,5,0.2193632000000001,0.3944616584663204,0.03777777777777778,0.7555555555555555,0.11737373737373738,0.19393939393939394,0.9978316776341198,0.9851354026397076,0.14739598124739464,
2026090520,1000,50,100,candidate_c_opportunity,False,0.995,5,0.22668240000000006,0.41056059236122505,0.04181818181818182,0.8363636363636363,0.12161616161616162,0.19555555555555554,0.9978205311150563,0.9850594914152615,0.08873512316685266,
2026090501,1000,100,100,true_random,False,1.0,0,0.16794900000000013,0.29832867780352595,0.09767676767676768,0.9767676767676768,0.2733333333333334,0.40777777777777774,1.0,0.9999999999999997,,
2026090502,1000,100,100,true_random,False,1.0,0,0.1698548000000002,0.30029985014981275,0.1003030303030303,1.003030303030303,0.2682828282828283,0.39949494949494946,1.0,0.9999999999999997,,
2026090503,1000,100,100,true_random,False,1.0,0,0.1640834000000002,0.2907920218988135,0.10121212121212121,1.012121212121212,0.26656565656565656,0.4024242424242424,1.0,0.9999999999999997,,
2026090504,1000,100,100,true_random,False,1.0,0,0.16565180000000002,0.2943467343117637,0.09808080808080809,0.9808080808080808,0.26717171717171717,0.40070707070707073,1.0,0.9999999999999997,,
2026090505,1000,100,100,true_random,False,1.0,0,0.1718868,0.30535225559998735,0.09707070707070707,0.9707070707070706,0.2695959595959596,0.3955555555555556,1.0,0.9999999999999997,,
2026090506,1000,100,100,true_random,False,1.0,0,0.16394740000000008,0.2928139340946739,0.1004040404040404,1.0040404040404038,0.26616161616161615,0.3981818181818182,1.0,0.9999999999999997,,
2026090507,1000,100,100,true_random,False,1.0,0,0.1630376,0.2920273959751037,0.10505050505050506,1.0505050505050506,0.27494949494949494,0.40444444444444444,1.0,0.9999999999999997,,
2026090508,1000,100,100,true_random,False,1.0,0,0.16938760000000008,0.3022250816858191,0.09525252525252526,0.9525252525252524,0.264040404040404,0.39949494949494946,1.0,0.9999999999999997,,
2026090509,1000,100,100,true_random,False,0.999,1,0.16909220000000014,0.30049958402633437,0.09333333333333334,0.9333333333333332,0.26222222222222225,0.3973737373737373,1.0,0.9999999999999997,,
2026090510,1000,100,100,true_random,False,1.0,0,0.1683348,0.30235740440743303,0.10363636363636364,1.0363636363636364,0.2677777777777778,0.3977777777777778,1.0,0.9999999999999997,,
2026090511,1000,100,100,true_random,False,1.0,0,0.16817060000000006,0.30029985014981275,0.09595959595959595,0.9595959595959596,0.264040404040404,0.4023232323232323,1.0,0.9999999999999997,,
2026090512,1000,100,100,true_random,False,1.0,0,0.16359200000000018,0.29284808348357,0.10060606060606062,1.006060606060606,0.2645454545454546,0.39515151515151514,1.0,0.9999999999999997,,
2026090513,1000,100,100,true_random,False,0.999,1,0.1671604000000002,0.29836219599674485,0.09959595959595959,0.9959595959595959,0.2704040404040404,0.4019191919191919,1.0,0.9999999999999997,,
2026090514,1000,100,100,true_random,False,1.0,0,0.16151080000000007,0.2892403844555597,0.09797979797979799,0.9797979797979798,0.26676767676767676,0.4034343434343434,1.0,0.9999999999999997,,
2026090515,1000,100,100,true_random,False,1.0,0,0.16493080000000004,0.2964456105257759,0.10252525252525253,1.0252525252525253,0.27080808080808083,0.4036363636363636,1.0,0.9999999999999997,,
2026090516,1000,100,100,true_random,False,1.0,0,0.1700486000000001,0.30672463220289303,0.0998989898989899,0.9989898989898989,0.2681818181818182,0.3969696969696969,1.0,0.9999999999999997,,
2026090517,1000,100,100,true_random,False,1.0,0,0.16835220000000017,0.3021258016125071,0.10212121212121211,1.0212121212121212,0.27414141414141413,0.4024242424242424,1.0,0.9999999999999997,,
2026090518,1000,100,100,true_random,False,1.0,0,0.17300840000000006,0.30841530441921977,0.10282828282828282,1.0282828282828282,0.2773737373737374,0.4065656565656566,1.0,0.9999999999999997,,
2026090519,1000,100,100,true_random,False,1.0,0,0.1637208000000001,0.2913760456866693,0.09787878787878787,0.9787878787878787,0.2674747474747475,0.403030303030303,1.0,0.9999999999999997,,
2026090520,1000,100,100,true_random,False,1.0,0,0.16953680000000015,0.3006991852333491,0.09858585858585858,0.9858585858585858,0.2691919191919192,0.4027272727272727,1.0,0.9999999999999997,,
2026090501,1000,100,100,candidate_a_recency_oracle,True,1.0,0,0.14939160000000018,0.2661578479023303,0.05808080808080808,0.5808080808080808,0.21313131313131314,0.3563636363636364,0.9974792137035053,0.98273944083599,0.3496773784368422,
2026090502,1000,100,100,candidate_a_recency_oracle,True,1.0,0,0.14906280000000005,0.2638181191654584,0.061515151515151516,0.6151515151515151,0.20989898989898992,0.3501010101010101,0.9974834037553378,0.9827678695541647,0.29376309450651494,
2026090503,1000,100,100,candidate_a_recency_oracle,True,1.0,0,0.14780800000000016,0.262449995237188,0.06262626262626263,0.6262626262626263,0.2108080808080808,0.354040404040404,0.9974819400294815,0.9827579357301909,0.2758669124629624,
2026090504,1000,100,100,candidate_a_recency_oracle,True,1.0,0,0.14606260000000004,0.2602690915187587,0.057979797979797985,0.5797979797979798,0.20656565656565656,0.3506060606060606,0.9974818898082458,0.9827576047879976,0.3316169165517385,
2026090505,1000,100,100,candidate_a_recency_oracle,True,1.0,0,0.1541528000000001,0.27422618401604176,0.05898989898989899,0.5898989898989899,0.21212121212121213,0.346060606060606,0.9974824487000684,0.9827613873594325,0.2716091827853332,
2026090506,1000,100,100,candidate_a_recency_oracle,True,1.0,0,0.1424160000000001,0.2558124312851117,0.06121212121212122,0.6121212121212122,0.20494949494949494,0.3473737373737374,0.9974859240595514,0.9827849803877234,0.3082618454085605,
2026090507,1000,100,100,candidate_a_recency_oracle,True,1.0,0,0.14622080000000004,0.2618778341135423,0.06747474747474748,0.6747474747474748,0.21636363636363637,0.3551515151515151,0.9974823978969528,0.9827610454741734,0.25598451013067997,
2026090508,1000,100,100,candidate_a_recency_oracle,True,1.0,0,0.15043200000000012,0.26899814125751875,0.06121212121212122,0.6121212121212121,0.20515151515151514,0.3504040404040404,0.997484701174714,0.9827766799211186,0.2732495338595209,
2026090509,1000,100,100,candidate_a_recency_oracle,True,1.0,0,0.15221320000000005,0.2702961338976198,0.0603030303030303,0.603030303030303,0.20595959595959595,0.3515151515151515,0.9974835075118189,0.9827685750644286,0.3350176628764079,
2026090510,1000,100,100,candidate_a_recency_oracle,True,1.0,0,0.14963260000000012,0.26899814125751875,0.0607070707070707,0.607070707070707,0.2035353535353535,0.34484848484848485,0.9974861342189655,0.9827864098621797,0.3749691494013382,
2026090511,1000,100,100,candidate_a_recency_oracle,True,1.0,0,0.14856440000000015,0.26612027356065904,0.0601010101010101,0.601010101010101,0.20474747474747473,0.354040404040404,0.997482613248933,0.9827625110161482,0.35671798321704584,
2026090512,1000,100,100,candidate_a_recency_oracle,True,1.0,0,0.14826820000000018,0.2648018126826174,0.06555555555555556,0.6555555555555554,0.20707070707070707,0.3463636363636364,0.9974877476732462,0.9827973519193566,0.25602267255539213,
2026090513,1000,100,100,candidate_a_recency_oracle,True,1.0,0,0.14766200000000018,0.26442390209661454,0.05848484848484849,0.5848484848484848,0.20787878787878789,0.3480808080808081,0.9974836674363152,0.9827696666649876,0.3295754071792811,
2026090514,1000,100,100,candidate_a_recency_oracle,True,1.0,0,0.1423702,0.25483327883147444,0.0602020202020202,0.602020202020202,0.20989898989898992,0.35717171717171714,0.997479533685229,0.9827416050831634,0.2752695123939972,
2026090515,1000,100,100,candidate_a_recency_oracle,True,1.0,0,0.14731340000000004,0.26476404589747454,0.06272727272727273,0.6272727272727273,0.21131313131313134,0.354040404040404,0.9974827164454103,0.9827632129285538,0.27360530672636946,
2026090516,1000,100,100,candidate_a_recency_oracle,True,1.0,0,0.15206500000000012,0.27389779115575213,0.06282828282828283,0.6282828282828282,0.2091919191919192,0.3483838383838384,0.9974863973868842,0.9827881914018161,0.2570006773329439,
2026090517,1000,100,100,candidate_a_recency_oracle,True,1.0,0,0.1472954000000002,0.26487733009829284,0.06161616161616161,0.6161616161616161,0.21303030303030304,0.3496969696969697,0.9974843260729593,0.9827741384742228,0.3356534391222599,
2026090518,1000,100,100,candidate_a_recency_oracle,True,1.0,0,0.15138000000000007,0.26907248094147423,0.06393939393939393,0.6393939393939394,0.21323232323232322,0.354040404040404,0.9974837476871388,0.9827702072976351,0.20350115750487743,
2026090519,1000,100,100,candidate_a_recency_oracle,True,1.0,0,0.14487020000000017,0.2579922479455536,0.060000000000000005,0.6,0.2094949494949495,0.35090909090909095,0.9974824589722027,0.9827614672787622,0.27405225592473803,
2026090520,1000,100,100,candidate_a_recency_oracle,True,1.0,0,0.14719800000000016,0.2615339366124404,0.062121212121212126,0.6212121212121212,0.21060606060606063,0.35414141414141415,0.9974814808486521,0.9827548206119628,0.2722076730268493,
2026090501,1000,100,100,candidate_b_exposure_oracle,True,1.0,0,0.13379620000000014,0.23970815588961508,0.06464646464646465,0.6464646464646465,0.21434343434343434,0.34585858585858587,0.9967302328508367,0.9776715092921474,0.3652104538998429,
2026090502,1000,100,100,candidate_b_exposure_oracle,True,1.0,0,0.13411680000000015,0.23820159529272678,0.06909090909090909,0.6909090909090908,0.20858585858585857,0.3363636363636363,0.9967614492567969,0.9778820839875212,0.36991678255307225,
2026090503,1000,100,100,candidate_b_exposure_oracle,True,1.0,0,0.13202740000000013,0.2350744562899168,0.0703030303030303,0.703030303030303,0.2111111111111111,0.3424242424242424,0.9967355928904139,0.9777075062361154,0.3030330878855788,
2026090504,1000,100,100,candidate_b_exposure_oracle,True,1.0,0,0.13083900000000015,0.2325080643762706,0.06717171717171717,0.6717171717171717,0.20727272727272728,0.3380808080808081,0.9967627488748075,0.9778910128527625,0.3598695695786752,
2026090505,1000,100,100,candidate_b_exposure_oracle,True,1.0,0,0.13762260000000004,0.24454038521274968,0.06797979797979799,0.6797979797979797,0.21505050505050505,0.338989898989899,0.9967336693406387,0.9776946880760565,0.34735616997362445,
2026090506,1000,100,100,candidate_b_exposure_oracle,True,1.0,0,0.13022200000000006,0.2337947818066092,0.0693939393939394,0.693939393939394,0.208989898989899,0.3409090909090909,0.9967695309558673,0.9779367413163023,0.32498762531769637,
2026090507,1000,100,100,candidate_b_exposure_oracle,True,1.0,0,0.12921880000000008,0.23207757323791545,0.07656565656565657,0.7656565656565656,0.21575757575757576,0.34484848484848485,0.9966938975722368,0.9774261539382029,0.31927257644393614,
2026090508,1000,100,100,candidate_b_exposure_oracle,True,1.0,0,0.13528420000000008,0.24070729112347222,0.06878787878787879,0.6878787878787879,0.20737373737373738,0.3416161616161616,0.9967634174067516,0.9778952517216675,0.309029320753186,
2026090509,1000,100,100,candidate_b_exposure_oracle,True,1.0,0,0.13634420000000014,0.24294032188996542,0.06717171717171717,0.6717171717171717,0.20545454545454545,0.3386868686868687,0.9967791075394221,0.9780011977840414,0.36242986961945656,
2026090510,1000,100,100,candidate_b_exposure_oracle,True,1.0,0,0.13433260000000002,0.24199173539606678,0.07131313131313131,0.7131313131313131,0.20777777777777778,0.336969696969697,0.9967697935855636,0.977938521176434,0.418624644614067,
2026090511,1000,100,100,candidate_b_exposure_oracle,True,1.0,0,0.1328218000000001,0.23874672772626643,0.06515151515151515,0.6515151515151515,0.20363636363636364,0.3424242424242424,0.9967624142111472,0.9778888769370359,0.3731678919775058,
2026090512,1000,100,100,candidate_b_exposure_oracle,True,1.0,0,0.13284160000000012,0.23660092983756426,0.07393939393939394,0.7393939393939394,0.207979797979798,0.3375757575757576,0.9967555127474153,0.9778419996903317,0.32841191176048035,
2026090513,1000,100,100,candidate_b_exposure_oracle,True,1.0,0,0.1330418000000002,0.23849528297222147,0.06727272727272728,0.6727272727272726,0.2084848484848485,0.336969696969697,0.9967820352710933,0.9780211526231678,0.3679805689369196,
2026090514,1000,100,100,candidate_b_exposure_oracle,True,1.0,0,0.1294824000000001,0.23181889482956303,0.06707070707070707,0.6707070707070706,0.20949494949494948,0.34464646464646465,0.9967311052081171,0.9776773183872096,0.34432987808827553,
2026090515,1000,100,100,candidate_b_exposure_oracle,True,1.0,0,0.1309990000000001,0.23469128658729535,0.07131313131313131,0.7131313131313131,0.21292929292929294,0.34484848484848485,0.9967364614165628,0.9777134947300264,0.3185659852048445,
2026090516,1000,100,100,candidate_b_exposure_oracle,True,1.0,0,0.1340030000000001,0.2416195356340211,0.06999999999999999,0.7,0.20929292929292928,0.337979797979798,0.9967738613440642,0.9779660051406855,0.336862693489137,
2026090517,1000,100,100,candidate_b_exposure_oracle,True,1.0,0,0.1314508000000001,0.23549946921383919,0.0704040404040404,0.704040404040404,0.21595959595959596,0.3406060606060606,0.9967631570162427,0.9778936764641436,0.3490920047153256,
2026090518,1000,100,100,candidate_b_exposure_oracle,True,1.0,0,0.13502500000000017,0.24037470748812156,0.07121212121212121,0.7121212121212122,0.21393939393939393,0.3434343434343434,0.9967340609750618,0.9776974856052792,0.2710683808562768,
2026090519,1000,100,100,candidate_b_exposure_oracle,True,1.0,0,0.13052180000000013,0.23203448019637082,0.06848484848484848,0.6848484848484848,0.211010101010101,0.3414141414141414,0.9967529536807943,0.9778248486302181,0.35580938235856346,
2026090520,1000,100,100,candidate_b_exposure_oracle,True,1.0,0,0.1328882,0.236981011897578,0.06898989898989899,0.6898989898989899,0.21353535353535355,0.34484848484848485,0.9967366367716672,0.9777145900340553,0.3298868341430355,
2026090501,1000,100,100,candidate_c_opportunity,False,1.0,0,0.15123580000000003,0.2694438717061496,0.07767676767676768,0.7767676767676767,0.2398989898989899,0.37676767676767675,0.9978036110011819,0.9849444210287301,0.20594704238505088,
2026090502,1000,100,100,candidate_c_opportunity,False,1.0,0,0.1498838,0.26581948762270985,0.0788888888888889,0.7888888888888889,0.23171717171717174,0.36434343434343436,0.997805016231397,0.9849539952659068,0.19530482903415067,
2026090503,1000,100,100,candidate_c_opportunity,False,1.0,0,0.1490870000000002,0.26536766947011464,0.08151515151515151,0.8151515151515152,0.23515151515151517,0.37202020202020203,0.9978168474497919,0.9850343651697681,0.1827221770235391,
2026090504,1000,100,100,candidate_c_opportunity,False,1.0,0,0.1477208000000001,0.2623356628443796,0.07707070707070707,0.7707070707070707,0.23222222222222225,0.3674747474747475,0.9978497612394831,0.9852582438069111,0.23533690554851408,
2026090505,1000,100,100,candidate_c_opportunity,False,1.0,0,0.15649960000000007,0.2780647406630333,0.0788888888888889,0.7888888888888889,0.23747474747474748,0.36595959595959593,0.9977992813373099,0.9849149429344378,0.16172678884283648,
2026090506,1000,100,100,candidate_c_opportunity,False,1.0,0,0.14874820000000022,0.26608269391300143,0.08212121212121212,0.8212121212121212,0.23121212121212123,0.3658585858585858,0.9978167837513182,0.9850339625337716,0.18824343665259347,
2026090507,1000,100,100,candidate_c_opportunity,False,1.0,0,0.14989960000000013,0.2674696244435992,0.08585858585858586,0.8585858585858586,0.23848484848484847,0.37222222222222223,0.997806810962045,0.9849661488564404,0.1584857325999533,
2026090508,1000,100,100,candidate_c_opportunity,False,1.0,0,0.15214800000000017,0.2713669102893719,0.07909090909090909,0.7909090909090909,0.2316161616161616,0.3678787878787879,0.9978114655619847,0.9849978047565306,0.1831964234308146,
2026090509,1000,100,100,candidate_c_opportunity,False,1.0,0,0.1538904000000001,0.27331300737432895,0.07616161616161617,0.7616161616161615,0.2290909090909091,0.3693939393939394,0.997801804560013,0.9849319784835393,0.21999447350212792,
2026090510,1000,100,100,candidate_c_opportunity,False,1.0,0,0.1525240000000001,0.27305677065401623,0.08343434343434343,0.8343434343434343,0.2331313131313131,0.3660606060606061,0.9978255193269691,0.9850933637571986,0.24107181547258624,
2026090511,1000,100,100,candidate_c_opportunity,False,1.0,0,0.1506238000000002,0.2701110882581461,0.07707070707070707,0.7707070707070707,0.2296969696969697,0.3713131313131313,0.997802157763395,0.9849345885002654,0.19748154859237196,
2026090512,1000,100,100,candidate_c_opportunity,False,1.0,0,0.15278380000000014,0.27195587877448063,0.08373737373737375,0.8373737373737373,0.23373737373737374,0.36737373737373735,0.9978060689046707,0.9849610870496687,0.20551029987199737,
2026090513,1000,100,100,candidate_c_opportunity,False,0.999,1,0.1505662000000001,0.2695180884467683,0.07787878787878788,0.7787878787878787,0.23434343434343433,0.36808080808080806,0.9978231253176421,0.9850771072965834,0.18039541371760145,
2026090514,1000,100,100,candidate_c_opportunity,False,1.0,0,0.14671840000000014,0.26267851073127396,0.08060606060606061,0.806060606060606,0.23565656565656568,0.3735353535353535,0.9978022221578235,0.9849349761466394,0.19188773342302762,
2026090515,1000,100,100,candidate_c_opportunity,False,1.0,0,0.15160340000000017,0.27199264695943526,0.08212121212121212,0.8212121212121212,0.23575757575757575,0.3687878787878788,0.997810838619274,0.9849935638577472,0.19989005572461258,
2026090516,1000,100,100,candidate_c_opportunity,False,1.0,0,0.15074600000000005,0.2727269696968013,0.08161616161616161,0.8161616161616161,0.23080808080808082,0.3637373737373737,0.9978181097782773,0.9850429462865824,0.18315815452270717,
2026090517,1000,100,100,candidate_c_opportunity,False,1.0,0,0.15057080000000012,0.2716983621592151,0.08212121212121212,0.8212121212121212,0.23757575757575758,0.36656565656565654,0.9978163296990933,0.9850309319031878,0.21407307379216514,
2026090518,1000,100,100,candidate_c_opportunity,False,1.0,0,0.15436240000000012,0.2750999818247904,0.08303030303030304,0.8303030303030303,0.23747474747474748,0.3706060606060606,0.9977914398477442,0.9848616124277821,0.16051530122306173,
2026090519,1000,100,100,candidate_c_opportunity,False,1.0,0,0.14796320000000018,0.2635526512862278,0.0792929292929293,0.7929292929292929,0.2367676767676768,0.37212121212121213,0.9978316776341198,0.9851354026397076,0.20057044855218273,
2026090520,1000,100,100,candidate_c_opportunity,False,1.0,0,0.1503614000000002,0.2680298490840153,0.08070707070707071,0.8070707070707069,0.23414141414141415,0.3714141414141414,0.9978205311150563,0.9850594914152615,0.1629268245790963,
2026090501,1000,25%,100,true_random,False,1.0,0,0.0960189600000001,0.17121682160348617,0.25018181818181817,1.0007272727272727,0.5766868686868687,0.7542626262626262,1.0,0.9999999999999997,,
2026090502,1000,25%,100,true_random,False,1.0,0,0.09944184000000011,0.17648116046762613,0.24569696969696972,0.9827878787878789,0.5754343434343434,0.7544646464646465,1.0,0.9999999999999997,,
2026090503,1000,25%,100,true_random,False,1.0,0,0.09962352000000019,0.17600909067431714,0.2503838383838384,1.0015353535353535,0.5735757575757575,0.7536969696969696,1.0,0.9999999999999997,,
2026090504,1000,25%,100,true_random,False,1.0,0,0.10051720000000008,0.17862586598810373,0.2510707070707071,1.0042828282828284,0.5715151515151515,0.7506262626262626,1.0,0.9999999999999997,,
2026090505,1000,25%,100,true_random,False,1.0,0,0.10096200000000022,0.179394537263541,0.24771717171717172,0.9908686868686869,0.576,0.7519191919191919,1.0,0.9999999999999997,,
2026090506,1000,25%,100,true_random,False,1.0,0,0.09854352000000022,0.17442935532759385,0.25155555555555553,1.0062222222222221,0.5735757575757575,0.7542222222222222,1.0,0.9999999999999997,,
2026090507,1000,25%,100,true_random,False,1.0,0,0.09520184000000009,0.16966791093191427,0.24941414141414142,0.9976565656565657,0.5736161616161616,0.7511111111111111,1.0,0.9999999999999997,,
2026090508,1000,25%,100,true_random,False,1.0,0,0.09745384000000001,0.17234384236171596,0.248,0.992,0.5724444444444444,0.7525656565656567,1.0,0.9999999999999997,,
2026090509,1000,25%,100,true_random,False,1.0,0,0.09996832000000011,0.17696101265533037,0.2482020202020202,0.9928080808080808,0.5712323232323232,0.747070707070707,1.0,0.9999999999999997,,
2026090510,1000,25%,100,true_random,False,1.0,0,0.10027480000000022,0.1790910383017531,0.24888888888888888,0.9955555555555555,0.5724848484848485,0.7517171717171718,1.0,0.9999999999999997,,
2026090511,1000,25%,100,true_random,False,1.0,0,0.09710440000000009,0.17273332046828715,0.24602020202020203,0.9840808080808081,0.5734949494949495,0.7541818181818182,1.0,0.9999999999999997,,
2026090512,1000,25%,100,true_random,False,1.0,0,0.09566744000000016,0.1697433356571032,0.25046464646464645,1.0018585858585858,0.5745454545454545,0.752929292929293,1.0,0.9999999999999997,,
2026090513,1000,25%,100,true_random,False,1.0,0,0.09748848000000021,0.17288146227979445,0.2513535353535354,1.0054141414141415,0.5743838383838383,0.7502222222222222,1.0,0.9999999999999997,,
2026090514,1000,25%,100,true_random,False,1.0,0,0.093534,0.16528278797261378,0.25224242424242427,1.008969696969697,0.576040404040404,0.7527676767676768,1.0,0.9999999999999997,,
2026090515,1000,25%,100,true_random,False,1.0,0,0.0961396000000001,0.17100175437696538,0.25175757575757574,1.007030303030303,0.5766060606060606,0.7515555555555555,1.0,0.9999999999999997,,
2026090516,1000,25%,100,true_random,False,1.0,0,0.09974616000000003,0.17753872816937719,0.25317171717171716,1.0126868686868686,0.572,0.7503838383838384,1.0,0.9999999999999997,,
2026090517,1000,25%,100,true_random,False,1.0,0,0.09475288000000015,0.16807617320726934,0.2487272727272727,0.9949090909090909,0.5761616161616162,0.7501818181818182,1.0,0.9999999999999997,,
2026090518,1000,25%,100,true_random,False,1.0,0,0.09690920000000003,0.17172070346932544,0.2507878787878788,1.0031515151515151,0.575030303030303,0.7528080808080808,1.0,0.9999999999999997,,
2026090519,1000,25%,100,true_random,False,1.0,0,0.09497704000000007,0.1688928654502611,0.2492929292929293,0.9971717171717172,0.573050505050505,0.7511515151515152,1.0,0.9999999999999997,,
2026090520,1000,25%,100,true_random,False,1.0,0,0.09825064000000006,0.17494227619417782,0.25103030303030305,1.0041212121212122,0.5734949494949495,0.7544646464646465,1.0,0.9999999999999997,,
2026090501,1000,25%,100,candidate_a_recency_oracle,True,1.0,0,0.08030168000000004,0.14409996530186953,0.1855757575757576,0.7423030303030304,0.5314747474747474,0.7491313131313131,0.9967249350195914,0.9776350453786,0.19140199438539332,
2026090502,1000,25%,100,candidate_a_recency_oracle,True,1.0,0,0.0845644000000001,0.1498692763711095,0.18274747474747474,0.730989898989899,0.5310303030303031,0.752929292929293,0.9967263180189799,0.9776443776998627,0.18316068829558024,
2026090503,1000,25%,100,candidate_a_recency_oracle,True,1.0,0,0.08386384000000002,0.14870104236352885,0.18816161616161617,0.7526464646464647,0.527878787878788,0.7517979797979798,0.9967242479952984,0.9776304114724716,0.12795782994859,
2026090504,1000,25%,100,candidate_a_recency_oracle,True,1.0,0,0.08403312000000018,0.14995465981422518,0.18783838383838383,0.7513535353535353,0.5263030303030303,0.7471111111111111,0.9967379485965016,0.9777229246793272,0.19436224039571728,
2026090505,1000,25%,100,candidate_a_recency_oracle,True,1.0,0,0.08370584000000014,0.14847491370598603,0.18533333333333332,0.7413333333333333,0.5339393939393939,0.7496969696969696,0.9967199917301248,0.9776016386526173,0.13980842587460515,
2026090506,1000,25%,100,candidate_a_recency_oracle,True,1.0,0,0.08058296000000009,0.14300769210080974,0.18905050505050505,0.7562020202020202,0.5295353535353535,0.7507070707070708,0.9967264854777084,0.977645492561066,0.22702505007102552,
2026090507,1000,25%,100,candidate_a_recency_oracle,True,1.0,0,0.0790372800000001,0.1406954157035687,0.1886060606060606,0.7544242424242424,0.5283636363636364,0.7488888888888889,0.9967291034994317,0.9776632170980684,0.19782649402325184,
2026090508,1000,25%,100,candidate_a_recency_oracle,True,1.0,0,0.07942280000000013,0.14084317519851644,0.18525252525252525,0.741010101010101,0.5294949494949495,0.7502222222222222,0.9967257931804464,0.9776409468480365,0.1998642052561213,
2026090509,1000,25%,100,candidate_a_recency_oracle,True,1.0,0,0.08239424000000017,0.14632566418779722,0.1840808080808081,0.7363232323232324,0.5283232323232323,0.7479191919191919,0.9967344136729069,0.9776991276276,0.18794519189328834,
2026090510,1000,25%,100,candidate_a_recency_oracle,True,1.0,0,0.08407072000000015,0.15005065811251878,0.18638383838383837,0.7455353535353535,0.5320808080808082,0.7513131313131313,0.99671947552457,0.977598270355028,0.22181890613626984,
2026090511,1000,25%,100,candidate_a_recency_oracle,True,1.0,0,0.08341640000000017,0.1485718681312179,0.18226262626262626,0.7290505050505051,0.5302626262626263,0.7517575757575758,0.9967332808471903,0.9776914195522463,0.22443352706665617,
2026090512,1000,25%,100,candidate_a_recency_oracle,True,1.0,0,0.08229384000000017,0.14596437921630057,0.18666666666666668,0.7466666666666667,0.5320808080808082,0.7500606060606061,0.9967178550944729,0.9775873009857544,0.17486666877008827,
2026090513,1000,25%,100,candidate_a_recency_oracle,True,1.0,0,0.08179208000000004,0.14547027187710898,0.1866262626262626,0.7465050505050504,0.5277171717171717,0.7485656565656567,0.9967369770307095,0.9777163445957179,0.19041161586774383,
2026090514,1000,25%,100,candidate_a_recency_oracle,True,1.0,0,0.07893648000000009,0.14026261084123595,0.1892929292929293,0.7571717171717172,0.5327676767676768,0.7498989898989898,0.9967118634694992,0.9775468178498669,0.15263586499250634,
2026090515,1000,25%,100,candidate_a_recency_oracle,True,1.0,0,0.08126472000000007,0.14439944598231672,0.18666666666666668,0.7466666666666667,0.5317979797979798,0.749010101010101,0.9967246663669593,0.9776331645609979,0.19410225990296343,
2026090516,1000,25%,100,candidate_a_recency_oracle,True,1.0,0,0.08377888000000011,0.1499333185119305,0.1881212121212121,0.7524848484848484,0.5273939393939394,0.7490505050505051,0.9967401855264604,0.9777380363714062,0.16986685847478775,
2026090517,1000,25%,100,candidate_a_recency_oracle,True,1.0,0,0.07884088,0.14027401755136265,0.18484848484848485,0.7393939393939394,0.5294949494949495,0.7481212121212122,0.9967358883839426,0.9777089712581156,0.24028465479274713,
2026090518,1000,25%,100,candidate_a_recency_oracle,True,1.0,0,0.08236960000000004,0.14592052631484032,0.18593939393939396,0.7437575757575758,0.5320404040404041,0.7497777777777778,0.9967175258454545,0.9775849435697371,0.18736440609488192,
2026090519,1000,25%,100,candidate_a_recency_oracle,True,1.0,0,0.08004336000000012,0.14282856857085702,0.18533333333333332,0.7413333333333333,0.5303030303030303,0.7486868686868687,0.9967326008135555,0.9776868541169569,0.1966486648039883,
2026090520,1000,25%,100,candidate_a_recency_oracle,True,1.0,0,0.08110008000000013,0.14453234932014355,0.18872727272727274,0.754909090909091,0.5278383838383839,0.7524848484848484,0.9967227840849017,0.97762052229171,0.23388047179443347,
2026090501,1000,25%,100,candidate_b_exposure_oracle,True,1.0,0,0.0597636800000001,0.10677827494392293,0.19349494949494947,0.7739797979797979,0.520888888888889,0.7390707070707071,0.9942435938674694,0.9610292098189565,0.34786588253531736,
2026090502,1000,25%,100,candidate_b_exposure_oracle,True,1.0,0,0.06245344000000008,0.11103873198123257,0.19115151515151516,0.7646060606060606,0.5216565656565656,0.7412525252525253,0.9942480166936799,0.9610588266201919,0.35686669277093025,
2026090503,1000,25%,100,candidate_b_exposure_oracle,True,1.0,0,0.06174232000000002,0.10955911646230085,0.19543434343434343,0.7817373737373737,0.5162424242424243,0.7393939393939394,0.9942430102130926,0.9610253189786409,0.3264514592451346,
2026090504,1000,25%,100,candidate_b_exposure_oracle,True,1.0,0,0.06254776000000017,0.11151322791489805,0.1952727272727273,0.7810909090909092,0.5156767676767676,0.7360000000000001,0.9942996015445289,0.9614009957428703,0.3466559368073295,
2026090505,1000,25%,100,candidate_b_exposure_oracle,True,1.0,0,0.061569040000000186,0.10910545357588684,0.1915959595959596,0.7663838383838384,0.5240404040404041,0.7377777777777779,0.9942462099508983,0.9610467599547696,0.3112874925332099,
2026090506,1000,25%,100,candidate_b_exposure_oracle,True,1.0,0,0.060211520000000185,0.1073312629199899,0.1985858585858586,0.7943434343434344,0.5188686868686869,0.7382222222222222,0.9942513810310832,0.9610807596829176,0.3597812710984104,
2026090507,1000,25%,100,candidate_b_exposure_oracle,True,1.0,0,0.05951560000000011,0.10584516994175974,0.1947878787878788,0.7791515151515152,0.521010101010101,0.7371717171717173,0.9942379611182354,0.9609923564221917,0.36452918125691985,
2026090508,1000,25%,100,candidate_b_exposure_oracle,True,1.0,0,0.060111440000000016,0.10668833113325936,0.19054545454545455,0.7621818181818182,0.521010101010101,0.7404040404040404,0.9942645236318574,0.9611687144980172,0.35364293070097935,
2026090509,1000,25%,100,candidate_b_exposure_oracle,True,1.0,0,0.061090560000000016,0.10847303812468793,0.1928888888888889,0.7715555555555556,0.5206060606060606,0.7387878787878788,0.9942461820469284,0.9610464173450223,0.3784749875315976,
2026090510,1000,25%,100,candidate_b_exposure_oracle,True,1.0,0,0.06403512,0.11382794033101012,0.1949090909090909,0.7796363636363636,0.5193535353535353,0.7396767676767676,0.9942037016512809,0.9607647664555173,0.4121961271922179,
2026090511,1000,25%,100,candidate_b_exposure_oracle,True,1.0,0,0.06259752000000018,0.11159928315181958,0.1911111111111111,0.7644444444444444,0.5185050505050505,0.7421818181818182,0.9942190499994648,0.9608669509978996,0.36459343564753116,
2026090512,1000,25%,100,candidate_b_exposure_oracle,True,1.0,0,0.061669040000000175,0.10979253162214633,0.19385858585858587,0.7754343434343435,0.5212525252525252,0.7399191919191919,0.9941922956965863,0.9606891457643089,0.3396431379369213,
2026090513,1000,25%,100,candidate_b_exposure_oracle,True,1.0,0,0.06105472000000001,0.10879705878377412,0.19692929292929293,0.7877171717171717,0.5194747474747475,0.7374949494949495,0.9942523508950667,0.9610875640454036,0.33963016805325813,
2026090514,1000,25%,100,candidate_b_exposure_oracle,True,1.0,0,0.05762768000000018,0.10268398122394748,0.19753535353535354,0.7901414141414141,0.5205656565656566,0.7397171717171717,0.9941690665395762,0.9605354450058969,0.3230475975532871,
2026090515,1000,25%,100,candidate_b_exposure_oracle,True,1.0,0,0.05967520000000004,0.10689808230272421,0.1938989898989899,0.7755959595959596,0.5218181818181818,0.7376969696969696,0.9942217574249866,0.9608850315007964,0.31699276722157144,
2026090516,1000,25%,100,candidate_b_exposure_oracle,True,1.0,0,0.06342232000000014,0.11361690015134192,0.1955959595959596,0.7823838383838384,0.518949494949495,0.738949494949495,0.9942609625349751,0.961144626812871,0.3247938915306307,
2026090517,1000,25%,100,candidate_b_exposure_oracle,True,1.0,0,0.05988672000000017,0.10704765294017428,0.1956363636363636,0.7825454545454544,0.5210505050505051,0.7365656565656565,0.9942445470983222,0.9610360634433154,0.376696833955809,
2026090518,1000,25%,100,candidate_b_exposure_oracle,True,1.0,0,0.06093656000000003,0.10820720863232726,0.19624242424242425,0.784969696969697,0.5191919191919192,0.7394343434343433,0.994183407385656,0.9606306046829765,0.3470169822172043,
2026090519,1000,25%,100,candidate_b_exposure_oracle,True,1.0,0,0.05941256000000017,0.10649319227067991,0.19325252525252526,0.773010101010101,0.5208080808080808,0.7368484848484848,0.9942482936788984,0.9610606480876726,0.37966115675056783,
2026090520,1000,25%,100,candidate_b_exposure_oracle,True,1.0,0,0.06026560000000014,0.10765872003697612,0.19705050505050503,0.7882020202020201,0.5194747474747475,0.7414141414141415,0.9942261189619239,0.9609132758455315,0.3804134376618519,
2026090501,1000,25%,100,candidate_c_opportunity,False,1.0,0,0.07579168000000003,0.13558761005342634,0.21705050505050505,0.8682020202020202,0.5486464646464647,0.7461414141414141,0.9978036110011819,0.9849444210287301,0.2547273801019766,
2026090502,1000,25%,100,candidate_c_opportunity,False,1.0,0,0.08109016000000002,0.1431754168843241,0.21406060606060606,0.8562424242424242,0.5487676767676768,0.7484444444444445,0.997805016231397,0.9849539952659068,0.2542887279095664,
2026090503,1000,25%,100,candidate_c_opportunity,False,1.0,0,0.08029368000000003,0.14206477395892342,0.21882828282828284,0.8753131313131314,0.5445656565656566,0.7483232323232324,0.9978168474497919,0.9850343651697681,0.20128150126811317,
2026090504,1000,25%,100,candidate_c_opportunity,False,1.0,0,0.08152848000000001,0.14527215837867902,0.22048484848484848,0.8819393939393939,0.5413333333333333,0.7434747474747475,0.9978497612394831,0.9852582438069111,0.2543791166633566,
2026090505,1000,25%,100,candidate_c_opportunity,False,1.0,0,0.07828544000000015,0.13949623650837323,0.21624242424242426,0.864969696969697,0.5484040404040404,0.7441212121212122,0.9977992813373099,0.9849149429344378,0.1883973774009687,
2026090506,1000,25%,100,candidate_c_opportunity,False,1.0,0,0.07808696000000004,0.13866794871202212,0.22246464646464648,0.8898585858585859,0.5454545454545454,0.7466262626262626,0.9978167837513182,0.9850339625337716,0.24690303916710563,
2026090507,1000,25%,100,candidate_c_opportunity,False,1.0,0,0.07597568000000021,0.1351976331153767,0.2197171717171717,0.8788686868686868,0.5450101010101011,0.743030303030303,0.997806810962045,0.9849661488564404,0.28277230784613394,
2026090508,1000,25%,100,candidate_c_opportunity,False,1.0,0,0.07637920000000009,0.13569377288586237,0.2168888888888889,0.8675555555555556,0.5462222222222223,0.7450505050505051,0.9978114655619847,0.9849978047565306,0.24350702257482773,
2026090509,1000,25%,100,candidate_c_opportunity,False,1.0,0,0.07779856000000018,0.13856406460551018,0.2153939393939394,0.8615757575757576,0.5448080808080809,0.7427070707070708,0.997801804560013,0.9849319784835393,0.24982774357332982,
2026090510,1000,25%,100,candidate_c_opportunity,False,1.0,0,0.0808335200000001,0.1439555486947273,0.22016161616161614,0.8806464646464646,0.5461818181818182,0.7447676767676767,0.9978255193269691,0.9850933637571986,0.33854498145827844,
2026090511,1000,25%,100,candidate_c_opportunity,False,1.0,0,0.07982104000000012,0.14210981669117725,0.21454545454545454,0.8581818181818182,0.5462626262626262,0.746949494949495,0.997802157763395,0.9849345885002654,0.2616704597215387,
2026090512,1000,25%,100,candidate_c_opportunity,False,1.0,0,0.07777232,0.1380898258381116,0.21923232323232325,0.876929292929293,0.5457373737373737,0.7463838383838384,0.9978060689046707,0.9849610870496687,0.23641921875451086,
2026090513,1000,25%,100,candidate_c_opportunity,False,1.0,0,0.07874608000000016,0.14013707575085188,0.21959595959595957,0.8783838383838383,0.5448484848484848,0.745090909090909,0.9978231253176421,0.9850771072965834,0.25125214101056476,
2026090514,1000,25%,100,candidate_c_opportunity,False,1.0,0,0.07525224000000019,0.13335066554014646,0.22303030303030302,0.8921212121212121,0.5467070707070707,0.7458181818181818,0.9978022221578235,0.9849349761466394,0.21663035937968883,
2026090515,1000,25%,100,candidate_c_opportunity,False,1.0,0,0.07708312000000017,0.13704305892674756,0.21927272727272726,0.877090909090909,0.5483232323232323,0.7443636363636364,0.997810838619274,0.9849935638577472,0.2570294701791951,
2026090516,1000,25%,100,candidate_c_opportunity,False,1.0,0,0.07965280000000008,0.1418619046819829,0.2213737373737374,0.8854949494949496,0.5447272727272727,0.7442020202020202,0.9978181097782773,0.9850429462865824,0.2295478859764775,
2026090517,1000,25%,100,candidate_c_opportunity,False,1.0,0,0.07588272000000007,0.13526862163857514,0.21741414141414142,0.8696565656565657,0.5465454545454546,0.7427070707070708,0.9978163296990933,0.9850309319031878,0.2908091471470869,
2026090518,1000,25%,100,candidate_c_opportunity,False,1.0,0,0.0785266400000002,0.1387140944533035,0.22092929292929292,0.8837171717171717,0.5474747474747476,0.7438787878787879,0.9977914398477442,0.9848616124277821,0.26661172426600116,
2026090519,1000,25%,100,candidate_c_opportunity,False,1.0,0,0.07525992000000015,0.13523313203501575,0.21733333333333332,0.8693333333333333,0.54589898989899,0.7436767676767676,0.9978316776341198,0.9851354026397076,0.2728113775745997,
2026090520,1000,25%,100,candidate_c_opportunity,False,1.0,0,0.07765624000000004,0.13857561112980885,0.22032323232323234,0.8812929292929294,0.5452525252525253,0.7472727272727273,0.9978205311150563,0.9850594914152615,0.3028317047305934,
2026090501,1000,50%,100,true_random,False,1.0,0,0.056876120000000085,0.10061013865411379,0.5017777777777778,1.0035555555555555,0.8688484848484849,0.9606464646464646,1.0,0.9999999999999997,,
2026090502,1000,50%,100,true_random,False,1.0,0,0.055353600000000114,0.09813460144108194,0.5008080808080808,1.0016161616161616,0.8696969696969696,0.9604848484848484,1.0,0.9999999999999997,,
2026090503,1000,50%,100,true_random,False,1.0,0,0.05505348000000021,0.09744742172063865,0.4981010101010101,0.9962020202020202,0.8707272727272727,0.9596767676767677,1.0,0.9999999999999997,,
2026090504,1000,50%,100,true_random,False,1.0,0,0.0568187200000001,0.10054650665239445,0.5015151515151515,1.003030303030303,0.867919191919192,0.9611717171717171,1.0,0.9999999999999997,,
2026090505,1000,50%,100,true_random,False,1.0,0,0.05601864000000001,0.0997997995989972,0.5019595959595959,1.0039191919191919,0.870969696969697,0.9593535353535353,1.0,0.9999999999999997,,
2026090506,1000,50%,100,true_random,False,1.0,0,0.05650784000000009,0.10001599872020477,0.5001616161616161,1.0003232323232323,0.8707272727272727,0.9603232323232324,1.0,0.9999999999999997,,
2026090507,1000,50%,100,true_random,False,1.0,0,0.0558936000000001,0.09920483859167355,0.4997171717171717,0.9994343434343435,0.8686262626262626,0.9610505050505049,1.0,0.9999999999999997,,
2026090508,1000,50%,100,true_random,False,1.0,0,0.05433108000000009,0.09641991495536593,0.49997979797979797,0.9999595959595959,0.8711313131313132,0.9607070707070707,1.0,0.9999999999999997,,
2026090509,1000,50%,100,true_random,False,1.0,0,0.056855240000000196,0.10106631486306406,0.5005454545454545,1.001090909090909,0.86989898989899,0.9597575757575757,1.0,0.9999999999999997,,
2026090510,1000,50%,100,true_random,False,1.0,0,0.05679556000000008,0.10046292848608386,0.5019595959595959,1.0039191919191919,0.8685252525252525,0.960121212121212,1.0,0.9999999999999997,,
2026090511,1000,50%,100,true_random,False,1.0,0,0.05734832000000001,0.10155195714509889,0.5001616161616161,1.0003232323232323,0.871030303030303,0.960060606060606,1.0,0.9999999999999997,,
2026090512,1000,50%,100,true_random,False,1.0,0,0.05825520000000006,0.1037188507456576,0.5007070707070707,1.0014141414141413,0.8696363636363635,0.9598383838383838,1.0,0.9999999999999997,,
2026090513,1000,50%,100,true_random,False,1.0,0,0.0568318000000001,0.10100693045529104,0.49947474747474746,0.9989494949494949,0.8680606060606061,0.961010101010101,1.0,0.9999999999999997,,
2026090514,1000,50%,100,true_random,False,1.0,0,0.05628132000000008,0.09973163991432207,0.5007878787878788,1.0015757575757576,0.8694747474747475,0.9605454545454545,1.0,0.9999999999999997,,
2026090515,1000,50%,100,true_random,False,1.0,0,0.054623560000000015,0.09704844151247355,0.5000606060606061,1.0001212121212122,0.8692929292929293,0.9603232323232324,1.0,0.9999999999999997,,
2026090516,1000,50%,100,true_random,False,1.0,0,0.057833920000000205,0.1030300926914074,0.5006060606060606,1.0012121212121212,0.8687878787878789,0.9609090909090908,1.0,0.9999999999999997,,
2026090517,1000,50%,100,true_random,False,1.0,0,0.05582304000000016,0.09877651542750433,0.49917171717171716,0.9983434343434343,0.871010101010101,0.9602626262626263,1.0,0.9999999999999997,,
2026090518,1000,50%,100,true_random,False,1.0,0,0.056122080000000185,0.09943842315724842,0.5018585858585858,1.0037171717171716,0.869070707070707,0.9603232323232324,1.0,0.9999999999999997,,
2026090519,1000,50%,100,true_random,False,1.0,0,0.055151840000000174,0.09845608157955504,0.4966262626262626,0.9932525252525252,0.8702828282828283,0.9616161616161616,1.0,0.9999999999999997,,
2026090520,1000,50%,100,true_random,False,1.0,0,0.053730000000000055,0.09516722124765438,0.502,1.004,0.8690909090909091,0.9604040404040404,1.0,0.9999999999999997,,
2026090501,1000,50%,100,candidate_a_recency_oracle,True,1.0,0,0.047965080000000215,0.08536041237013794,0.4468282828282828,0.8936565656565656,0.8812525252525253,0.9734949494949495,0.9976571480036253,0.9839549576316768,0.10655661346383162,
2026090502,1000,50%,100,candidate_a_recency_oracle,True,1.0,0,0.04802800000000018,0.08508348840991418,0.44626262626262625,0.8925252525252525,0.8805858585858586,0.9742828282828282,0.9976687873878969,0.9840340702318875,0.14259113407386165,
2026090503,1000,50%,100,candidate_a_recency_oracle,True,1.0,0,0.047404760000000046,0.08365165868050674,0.4427878787878788,0.8855757575757576,0.8814141414141414,0.9739595959595959,0.9976714760874725,0.9840525271019328,0.10010598172596039,
2026090504,1000,50%,100,candidate_a_recency_oracle,True,1.0,0,0.04780208000000008,0.08469710738862338,0.44561616161616163,0.8912323232323233,0.8806464646464646,0.9747878787878789,0.9976692010310094,0.9840372850044523,0.13787128276424845,
2026090505,1000,50%,100,candidate_a_recency_oracle,True,1.0,0,0.04767932000000008,0.08459787231366991,0.4458989898989899,0.8917979797979798,0.8825454545454545,0.9740808080808081,0.9976620138703994,0.9839879812857444,0.0670001783362685,
2026090506,1000,50%,100,candidate_a_recency_oracle,True,1.0,0,0.04772600000000016,0.08481980900709456,0.44587878787878793,0.8917575757575759,0.8814949494949496,0.9736565656565657,0.9976532082700167,0.9839285250271824,0.13747569087794884,
2026090507,1000,50%,100,candidate_a_recency_oracle,True,1.0,0,0.0483394800000001,0.08559906541545884,0.44537373737373737,0.8907474747474747,0.8800606060606061,0.9744646464646464,0.9976652443669611,0.9840101434638348,0.15863457899870012,
2026090508,1000,50%,100,candidate_a_recency_oracle,True,1.0,0,0.04705248000000006,0.08376634168924892,0.4448080808080808,0.8896161616161616,0.8819393939393939,0.9744040404040404,0.9976683863973098,0.98403169773345,0.12007797165088274,
2026090509,1000,50%,100,candidate_a_recency_oracle,True,1.0,0,0.04945208000000001,0.08808178018182876,0.4462424242424242,0.8924848484848484,0.8806666666666667,0.9737171717171716,0.9976495167008025,0.9839034317096755,0.11092712166879054,
2026090510,1000,50%,100,candidate_a_recency_oracle,True,1.0,0,0.04795084000000016,0.08507408536093702,0.4464040404040404,0.8928080808080808,0.8809494949494949,0.9746060606060607,0.9976735112556515,0.9840665535362751,0.1537403604876066,
2026090511,1000,50%,100,candidate_a_recency_oracle,True,1.0,0,0.04999616000000007,0.08870625682554754,0.4448484848484848,0.8896969696969697,0.8816565656565657,0.9744444444444444,0.9976731660308795,0.9840638184592685,0.1630581833468907,
2026090512,1000,50%,100,candidate_a_recency_oracle,True,1.0,0,0.04870128000000018,0.08706319543871567,0.44381818181818183,0.8876363636363637,0.8811717171717172,0.974929292929293,0.9976694666452723,0.9840389643100562,0.14262037478787792,
2026090513,1000,50%,100,candidate_a_recency_oracle,True,1.0,0,0.048157000000000005,0.08545408123665013,0.44525252525252523,0.8905050505050505,0.8792929292929292,0.9750707070707071,0.9976752993472466,0.9840782209431564,0.11346366626313746,
2026090514,1000,50%,100,candidate_a_recency_oracle,True,1.0,0,0.0474198400000001,0.08441800755762956,0.44523232323232326,0.8904646464646465,0.881010101010101,0.974969696969697,0.9976772957761668,0.984091984874369,0.1259098370090934,
2026090515,1000,50%,100,candidate_a_recency_oracle,True,1.0,0,0.04732152000000012,0.08421876275510108,0.44488888888888883,0.8897777777777777,0.8814949494949496,0.9738989898989898,0.9976602901574106,0.9839763095616072,0.13856109971599823,
2026090516,1000,50%,100,candidate_a_recency_oracle,True,1.0,0,0.05001576000000019,0.0889179396972287,0.44515151515151513,0.8903030303030303,0.8804646464646464,0.9740606060606061,0.9976606372944222,0.983978912934913,0.12963108576630372,
2026090517,1000,50%,100,candidate_a_recency_oracle,True,1.0,0,0.04808092000000008,0.08550087718848269,0.44430303030303026,0.8886060606060605,0.8818181818181818,0.974020202020202,0.997666890832159,0.9840213559424368,0.14904730364727414,
2026090518,1000,50%,100,candidate_a_recency_oracle,True,1.0,0,0.04792080000000021,0.08571580951026479,0.446,0.892,0.8802626262626263,0.9742020202020202,0.9976659245341193,0.984014435598827,0.17229772729610363,
2026090519,1000,50%,100,candidate_a_recency_oracle,True,1.0,0,0.04767188,0.08518215775618743,0.4426464646464647,0.8852929292929294,0.883010101010101,0.9746262626262626,0.9976832526269217,0.9841326486309608,0.12526448879677576,
2026090520,1000,50%,100,candidate_a_recency_oracle,True,1.0,0,0.04620748000000008,0.08221921916437785,0.4476969696969697,0.8953939393939394,0.8803232323232323,0.9741616161616161,0.9976581904331877,0.9839621201722077,0.1315283089816913,
2026090501,1000,50%,100,candidate_b_exposure_oracle,True,1.0,0,0.028543200000000102,0.051045078117287666,0.4430909090909091,0.8861818181818182,0.8795959595959596,0.9774949494949495,0.9934785786138667,0.9559659954270452,0.3998566166694282,
2026090502,1000,50%,100,candidate_b_exposure_oracle,True,1.0,0,0.028400880000000184,0.05071488933242387,0.4424242424242424,0.8848484848484848,0.8792323232323233,0.9782828282828282,0.9934838838152534,0.956000912416324,0.3531644470515691,
2026090503,1000,50%,100,candidate_b_exposure_oracle,True,1.0,0,0.027850680000000017,0.049606451193367984,0.44012121212121214,0.8802424242424243,0.8803030303030304,0.9776969696969697,0.9935095130979994,0.9561701263218519,0.33245869871490524,
2026090504,1000,50%,100,candidate_b_exposure_oracle,True,1.0,0,0.02887896000000012,0.051256219134852316,0.4443434343434344,0.8886868686868687,0.8797373737373737,0.9784040404040404,0.9935477346316369,0.9564210186454243,0.3617544116001544,
2026090505,1000,50%,100,candidate_b_exposure_oracle,True,1.0,0,0.02841492000000012,0.051193749618483705,0.4403636363636364,0.8807272727272728,0.88189898989899,0.9782424242424242,0.9934790468713693,0.9559686371883909,0.3125349108646579,
2026090506,1000,50%,100,candidate_b_exposure_oracle,True,1.0,0,0.029005800000000193,0.051675913151099706,0.4430909090909091,0.8861818181818182,0.8810707070707071,0.9783030303030303,0.9934609724948789,0.9558488479723689,0.37496094754439585,
2026090507,1000,50%,100,candidate_b_exposure_oracle,True,1.0,0,0.028604400000000085,0.05088811256079361,0.44212121212121214,0.8842424242424243,0.880020202020202,0.9784040404040404,0.9934903594745487,0.9560433725729603,0.3801564905525427,
2026090508,1000,50%,100,candidate_b_exposure_oracle,True,1.0,0,0.02780540000000009,0.049558046773455475,0.44153535353535356,0.8830707070707071,0.8813737373737374,0.9778989898989898,0.9934756675323526,0.9559466760194542,0.36313041661019746,
2026090509,1000,50%,100,candidate_b_exposure_oracle,True,1.0,0,0.029014120000000032,0.05186135362676142,0.4422020202020202,0.8844040404040404,0.8797777777777778,0.977111111111111,0.9934125486426985,0.9555294864204398,0.36135128257329674,
2026090510,1000,50%,100,candidate_b_exposure_oracle,True,1.0,0,0.02821000000000007,0.05044601074416093,0.44307070707070706,0.8861414141414141,0.879979797979798,0.9777373737373737,0.9935313783460681,0.9563132785212598,0.37778410212061847,
2026090511,1000,50%,100,candidate_b_exposure_oracle,True,1.0,0,0.02944196000000021,0.05242899960899502,0.4415151515151515,0.883030303030303,0.8801818181818183,0.9780808080808081,0.9934792067242901,0.9559695485097535,0.37481062287616634,
2026090512,1000,50%,100,candidate_b_exposure_oracle,True,1.0,0,0.028306280000000017,0.0504618667906767,0.44125252525252523,0.8825050505050505,0.8795555555555556,0.9778989898989898,0.9935032396401695,0.956127958564058,0.3403109126249991,
2026090513,1000,50%,100,candidate_b_exposure_oracle,True,1.0,0,0.02929744000000012,0.052176623118020966,0.44185858585858584,0.8837171717171717,0.8793333333333333,0.9788080808080808,0.9934741288754075,0.9559362920959434,0.36439215648436,
2026090514,1000,50%,100,candidate_b_exposure_oracle,True,1.0,0,0.028333520000000112,0.05027126415756819,0.44230303030303036,0.8846060606060607,0.8805252525252525,0.9788484848484849,0.9935083616339924,0.956161954722508,0.3579347155918011,
2026090515,1000,50%,100,candidate_b_exposure_oracle,True,1.0,0,0.027599800000000174,0.04932342242788916,0.4427676767676768,0.8855353535353536,0.880040404040404,0.9777171717171717,0.993455220625659,0.9558112248849087,0.3339030924124464,
2026090516,1000,50%,100,candidate_b_exposure_oracle,True,1.0,0,0.0298385200000002,0.053434071527443984,0.44232323232323234,0.8846464646464647,0.8792323232323233,0.9778989898989898,0.9934576695487837,0.9558272251709965,0.3565297362479015,
2026090517,1000,50%,100,candidate_b_exposure_oracle,True,1.0,0,0.02787096,0.04981566018833836,0.4413535353535354,0.8827070707070708,0.8808080808080808,0.9779595959595959,0.9934956128786433,0.9560778165879386,0.38237405581044237,
2026090518,1000,50%,100,candidate_b_exposure_oracle,True,1.0,0,0.02931228000000008,0.05229913957227212,0.44260606060606056,0.8852121212121211,0.8793535353535353,0.9777777777777777,0.9934987510989463,0.9560984816667127,0.3566803740847961,
2026090519,1000,50%,100,candidate_b_exposure_oracle,True,1.0,0,0.028272400000000086,0.050770069923134827,0.4403838383838384,0.8807676767676768,0.882,0.9783030303030303,0.9935287602203041,0.9562964389275109,0.3757285482743716,
2026090520,1000,50%,100,candidate_b_exposure_oracle,True,1.0,0,0.028053360000000138,0.04999199935989758,0.44426262626262625,0.8885252525252525,0.8794141414141414,0.9773535353535353,0.9934887081268982,0.9560323592717528,0.4091527729668169,
2026090501,1000,50%,100,candidate_c_opportunity,False,1.0,0,0.042941080000000076,0.07645652359347763,0.47709090909090907,0.9541818181818181,0.8712323232323231,0.9677575757575757,0.9978036110011819,0.9849444210287301,0.25206469457643776,
2026090502,1000,50%,100,candidate_c_opportunity,False,1.0,0,0.04346252000000006,0.07720103626247514,0.4765050505050505,0.953010101010101,0.870989898989899,0.968040404040404,0.997805016231397,0.9849539952659068,0.21856156492123252,
2026090503,1000,50%,100,candidate_c_opportunity,False,1.0,0,0.041932240000000176,0.07459222479588606,0.4747272727272727,0.9494545454545454,0.8729696969696971,0.9671515151515152,0.9978168474497919,0.9850343651697681,0.20852365698764494,
2026090504,1000,50%,100,candidate_c_opportunity,False,1.0,0,0.0427206400000002,0.07595261680811267,0.4772525252525252,0.9545050505050504,0.8712323232323231,0.9683636363636363,0.9978497612394831,0.9852582438069111,0.2382416994228911,
2026090505,1000,50%,100,candidate_c_opportunity,False,1.0,0,0.043504600000000115,0.07741834407942344,0.4748888888888889,0.9497777777777778,0.8737373737373737,0.9678181818181818,0.9977992813373099,0.9849149429344378,0.1698835663116279,
2026090506,1000,50%,100,candidate_c_opportunity,False,1.0,0,0.043124240000000036,0.07635705599353605,0.4753131313131313,0.9506262626262626,0.8728282828282828,0.968121212121212,0.9978167837513182,0.9850339625337716,0.24303358788585774,
2026090507,1000,50%,100,candidate_c_opportunity,False,1.0,0,0.0442044800000001,0.07847547387560014,0.47535353535353536,0.9507070707070707,0.8706060606060606,0.9685454545454545,0.997806810962045,0.9849661488564404,0.28072796241989056,
2026090508,1000,50%,100,candidate_c_opportunity,False,1.0,0,0.04114508000000017,0.07297670861309107,0.47430303030303034,0.9486060606060607,0.8732525252525253,0.9676767676767677,0.9978114655619847,0.9849978047565306,0.17387416047399507,
2026090509,1000,50%,100,candidate_c_opportunity,False,1.0,0,0.04490048000000013,0.08002499609497021,0.4762424242424243,0.9524848484848486,0.8714343434343435,0.9674141414141414,0.997801804560013,0.9849319784835393,0.20456353429002336,
2026090510,1000,50%,100,candidate_c_opportunity,False,1.0,0,0.041703080000000003,0.07428054927099019,0.47876767676767673,0.9575353535353535,0.8716767676767677,0.9676969696969696,0.9978255193269691,0.9850933637571986,0.22295182740557726,
2026090511,1000,50%,100,candidate_c_opportunity,False,1.0,0,0.04537000000000013,0.08055308808481522,0.4745858585858586,0.9491717171717172,0.8731919191919192,0.9681818181818181,0.997802157763395,0.9849345885002654,0.2755882427895341,
2026090512,1000,50%,100,candidate_c_opportunity,False,1.0,0,0.04406072000000005,0.07864858549268385,0.4759595959595959,0.9519191919191918,0.871979797979798,0.968121212121212,0.9978060689046707,0.9849610870496687,0.17715738078375554,
2026090513,1000,50%,100,candidate_c_opportunity,False,1.0,0,0.04396568000000012,0.07788709777620424,0.4759191919191919,0.9518383838383838,0.8714949494949495,0.9681616161616161,0.9978231253176421,0.9850771072965834,0.264645216209091,
2026090514,1000,50%,100,candidate_c_opportunity,False,1.0,0,0.04278420000000005,0.07657675887630659,0.47608080808080805,0.9521616161616161,0.87210101010101,0.9682626262626263,0.9978022221578235,0.9849349761466394,0.2164040309796651,
2026090515,1000,50%,100,candidate_c_opportunity,False,1.0,0,0.04230388000000018,0.07557777451076474,0.47640404040404044,0.9528080808080809,0.871939393939394,0.9675757575757575,0.997810838619274,0.9849935638577472,0.19540973399733855,
2026090516,1000,50%,100,candidate_c_opportunity,False,1.0,0,0.04513584000000015,0.08049347799666753,0.4755151515151515,0.951030303030303,0.8712727272727273,0.968020202020202,0.9978181097782773,0.9850429462865824,0.2744925360596605,
2026090517,1000,50%,100,candidate_c_opportunity,False,1.0,0,0.04280612000000006,0.07609467786908622,0.4748888888888889,0.9497777777777778,0.8738181818181818,0.9678989898989899,0.9978163296990933,0.9850309319031878,0.25172553035899875,
2026090518,1000,50%,100,candidate_c_opportunity,False,1.0,0,0.04279720000000009,0.07603157238936993,0.476949494949495,0.95389898989899,0.8714747474747474,0.9674949494949494,0.9977914398477442,0.9848616124277821,0.18876028445704282,
2026090519,1000,50%,100,candidate_c_opportunity,False,1.0,0,0.042845840000000024,0.07654541135822578,0.47341414141414145,0.9468282828282829,0.8733535353535354,0.9682626262626263,0.9978316776341198,0.9851354026397076,0.24785916888087725,
2026090520,1000,50%,100,candidate_c_opportunity,False,1.0,0,0.04205940000000008,0.0747743271450837,0.4778989898989899,0.9557979797979798,0.8710707070707071,0.9675151515151514,0.9978205311150563,0.9850594914152615,0.27994981843677536,
2026090501,2000,10,100,true_random,False,0.394,1212,0.671797,1.4,0.005050505050505051,1.0101010101010102,0.015151515151515152,0.026262626262626265,1.0,0.9999999999999999,,
2026090502,2000,10,100,true_random,False,0.393,1214,0.676205,1.4380542409798038,0.0060606060606060615,1.2121212121212122,0.017171717171717175,0.030303030303030304,1.0,0.9999999999999999,,
2026090503,2000,10,100,true_random,False,0.3955,1209,0.671505,1.4099645385611654,0.011111111111111112,2.2222222222222223,0.015151515151515152,0.027272727272727275,1.0,0.9999999999999999,,
2026090504,2000,10,100,true_random,False,0.3965,1207,0.6695420000000001,1.4,0.00404040404040404,0.8080808080808081,0.013131313131313133,0.023232323232323236,1.0,0.9999999999999999,,
2026090505,2000,10,100,true_random,False,0.3935,1213,0.67351,1.411382301150188,0.010101010101010102,2.0202020202020203,0.022222222222222223,0.03333333333333333,1.0,0.9999999999999999,,
2026090506,2000,10,100,true_random,False,0.3975,1205,0.6672370000000001,1.3885243966167826,0.007070707070707071,1.4141414141414141,0.020202020202020204,0.028282828282828285,1.0,0.9999999999999999,,
2026090507,2000,10,100,true_random,False,0.396,1208,0.6696950000000002,1.3971399357258385,0.007070707070707071,1.4141414141414141,0.01818181818181818,0.027272727272727275,1.0,0.9999999999999999,,
2026090508,2000,10,100,true_random,False,0.3955,1209,0.67107,1.4057026712644463,0.007070707070707071,1.4141414141414141,0.013131313131313133,0.026262626262626265,1.0,0.9999999999999999,,
2026090509,2000,10,100,true_random,False,0.3955,1209,0.669473,1.3899640283115244,0.005050505050505051,1.0101010101010102,0.00808080808080808,0.01818181818181818,1.0,0.9999999999999999,,
2026090510,2000,10,100,true_random,False,0.3975,1205,0.668909,1.4042791745233567,0.00404040404040404,0.8080808080808081,0.014141414141414142,0.017171717171717175,1.0,0.9999999999999999,,
2026090511,2000,10,100,true_random,False,0.392,1216,0.6750050000000001,1.4127986409959488,0.005050505050505051,1.0101010101010102,0.021212121212121213,0.03535353535353535,1.0,0.9999999999999999,,
2026090512,2000,10,100,true_random,False,0.398,1204,0.668857,1.4099645385611654,0.00101010101010101,0.20202020202020202,0.0060606060606060615,0.017171717171717175,1.0,0.9999999999999999,,
2026090513,2000,10,100,true_random,False,0.399,1202,0.6658410000000001,1.3870832707519762,0.005050505050505051,1.0101010101010102,0.010101010101010102,0.020202020202020204,1.0,0.9999999999999999,,
2026090514,2000,10,100,true_random,False,0.3835,1233,0.686992,1.46424041741785,0.00909090909090909,1.8181818181818181,0.019191919191919194,0.030303030303030304,1.0,0.9999999999999999,,
2026090515,2000,10,100,true_random,False,0.3955,1209,0.671719,1.4099645385611654,0.00202020202020202,0.40404040404040403,0.014141414141414142,0.023232323232323236,1.0,0.9999999999999999,,
2026090516,2000,10,100,true_random,False,0.3975,1205,0.6682810000000001,1.395707705789432,0.00404040404040404,0.8080808080808081,0.010101010101010102,0.017171717171717175,1.0,0.9999999999999999,,
2026090517,2000,10,100,true_random,False,0.4005,1199,0.664069,1.3813037319865606,0.00101010101010101,0.20202020202020202,0.005050505050505051,0.014141414141414142,1.0,0.9999999999999999,,
2026090518,2000,10,100,true_random,False,0.3995,1201,0.6651740000000002,1.3827508813954883,0.00404040404040404,0.8080808080808081,0.011111111111111112,0.028282828282828285,1.0,0.9999999999999999,,
2026090519,2000,10,100,true_random,False,0.4,1200,0.6644210000000002,1.3813037319865606,0.005050505050505051,1.0101010101010102,0.021212121212121213,0.029292929292929298,1.0,0.9999999999999999,,
2026090520,2000,10,100,true_random,False,0.3905,1219,0.6783430000000001,1.4324803663575987,0.005050505050505051,1.0101010101010102,0.015151515151515152,0.021212121212121213,1.0,0.9999999999999999,,
2026090501,2000,10,100,candidate_a_recency_oracle,True,0.3965,1207,0.6684430000000001,1.3899640283115244,0.0030303030303030307,0.6060606060606061,0.00909090909090909,0.01818181818181818,0.999828585275572,0.9986979529630642,0.8009496716692376,
2026090502,2000,10,100,candidate_a_recency_oracle,True,0.3945,1211,0.6740550000000001,1.4296852800529214,0.00404040404040404,0.8080808080808081,0.011111111111111112,0.022222222222222223,0.9998286977580443,0.998698806798339,0.802755231181125,
2026090503,2000,10,100,candidate_a_recency_oracle,True,0.399,1202,0.6665270000000001,1.3914021704740869,0.005050505050505051,1.0101010101010102,0.007070707070707071,0.01616161616161616,0.9998286010400343,0.998698072638404,0.7988437852829435,
2026090504,2000,10,100,candidate_a_recency_oracle,True,0.3995,1201,0.66547,1.3856406460551018,0.00404040404040404,0.8080808080808081,0.00909090909090909,0.01818181818181818,0.9998285969854126,0.9986980419230587,0.8057547175901304,
2026090505,2000,10,100,candidate_a_recency_oracle,True,0.396,1208,0.670005,1.4,0.007070707070707071,1.4141414141414141,0.014141414141414142,0.025252525252525252,0.9998289192376152,0.9987004880269984,0.7982477740233619,
2026090506,2000,10,100,candidate_a_recency_oracle,True,0.4025,1195,0.6609910000000001,1.3725887949418791,0.00101010101010101,0.20202020202020202,0.010101010101010102,0.014141414141414142,0.9998284671516692,0.9986970562972515,0.8054433295272695,
2026090507,2000,10,100,candidate_a_recency_oracle,True,0.399,1202,0.6659930000000001,1.3885243966167826,0.00202020202020202,0.40404040404040403,0.011111111111111112,0.020202020202020204,0.999828534582917,0.9986975681577804,0.7986117425407124,
2026090508,2000,10,100,candidate_a_recency_oracle,True,0.3985,1203,0.6669150000000001,1.3928388277184118,0.005050505050505051,1.0101010101010102,0.010101010101010102,0.020202020202020204,0.9998286835361984,0.9986986988521016,0.8026188875961034,
2026090509,2000,10,100,candidate_a_recency_oracle,True,0.3975,1205,0.667022,1.3827508813954883,0.00202020202020202,0.40404040404040403,0.00404040404040404,0.013131313131313133,0.9998283464819508,0.9986961403190786,0.8038537092084952,
2026090510,2000,10,100,candidate_a_recency_oracle,True,0.4005,1199,0.664525,1.3870832707519762,0.0030303030303030307,0.6060606060606061,0.007070707070707071,0.010101010101010102,0.9998284338593869,0.998696803585299,0.7980085827435125,
2026090511,2000,10,100,candidate_a_recency_oracle,True,0.3945,1211,0.671835,1.4042791745233567,0.0030303030303030307,0.6060606060606061,0.017171717171717175,0.030303030303030304,0.9998288761033141,0.9987001606287825,0.7992129303926738,
2026090512,2000,10,100,candidate_a_recency_oracle,True,0.399,1202,0.6675930000000001,1.407124727947029,0.00101010101010101,0.20202020202020202,0.005050505050505051,0.013131313131313133,0.9998283477906407,0.9986961502462784,0.7951943694198659,
2026090513,2000,10,100,candidate_a_recency_oracle,True,0.4005,1199,0.6639660000000001,1.3827508813954883,0.0030303030303030307,0.6060606060606061,0.0060606060606060615,0.015151515151515152,0.9998284480990981,0.9986969116779304,0.8023892668603756,
2026090514,2000,10,100,candidate_a_recency_oracle,True,0.388,1224,0.680436,1.4366627996854378,0.005050505050505051,1.0101010101010102,0.010101010101010102,0.020202020202020204,0.9998287232053172,0.9986989999666637,0.8075680632753831,
2026090515,2000,10,100,candidate_a_recency_oracle,True,0.396,1208,0.6710990000000001,1.4085453489327207,0.00202020202020202,0.40404040404040403,0.011111111111111112,0.019191919191919194,0.9998285320343322,0.9986975488221403,0.8018819029046056,
2026090516,2000,10,100,candidate_a_recency_oracle,True,0.4,1200,0.6646970000000001,1.3827508813954883,0.0030303030303030307,0.6060606060606061,0.005050505050505051,0.010101010101010102,0.9998284326424363,0.9986967943528744,0.8044350851000766,
2026090517,2000,10,100,candidate_a_recency_oracle,True,0.4015,1197,0.6628070000000001,1.378404875209022,0.00101010101010101,0.20202020202020202,0.00404040404040404,0.011111111111111112,0.999828277371297,0.9986956157052735,0.804789483616312,
2026090518,2000,10,100,candidate_a_recency_oracle,True,0.401,1198,0.6629720000000001,1.3740451229854134,0.00202020202020202,0.40404040404040403,0.00808080808080808,0.026262626262626265,0.9998285337972088,0.9986975621913536,0.7962342474344428,
2026090519,2000,10,100,candidate_a_recency_oracle,True,0.4025,1195,0.6608020000000001,1.3682105101189657,0.00404040404040404,0.8080808080808081,0.015151515151515152,0.022222222222222223,0.9998287563034842,0.9986992512197957,0.8031916292650693,
2026090520,2000,10,100,candidate_a_recency_oracle,True,0.394,1212,0.6734910000000001,1.4156270695349111,0.00202020202020202,0.40404040404040403,0.010101010101010102,0.014141414141414142,0.9998285365735247,0.998697583277103,0.8075193113863083,
2026090501,2000,10,100,candidate_b_exposure_oracle,True,0.398,1204,0.6662810000000001,1.3827508813954883,0.00404040404040404,0.8080808080808081,0.010101010101010102,0.019191919191919194,0.9998143127270082,0.9985896269797838,0.3415174075786754,
2026090502,2000,10,100,candidate_b_exposure_oracle,True,0.395,1210,0.673432,1.42828568570857,0.005050505050505051,1.0101010101010102,0.012121212121212123,0.022222222222222223,0.9998136050893236,0.9985842564729411,0.3373335224206916,
2026090503,2000,10,100,candidate_b_exposure_oracle,True,0.399,1202,0.6666670000000001,1.3928388277184118,0.007070707070707071,1.4141414141414141,0.00909090909090909,0.01818181818181818,0.9998152079166652,0.998596421637369,0.35972435015316684,
2026090504,2000,10,100,candidate_b_exposure_oracle,True,0.4,1200,0.6648430000000001,1.3841965178398623,0.00404040404040404,0.8080808080808081,0.00909090909090909,0.01818181818181818,0.9998154533947192,0.9985982838656464,0.33559231530054784,
2026090505,2000,10,100,candidate_b_exposure_oracle,True,0.396,1208,0.669851,1.3985706989637672,0.00909090909090909,1.8181818181818181,0.01616161616161616,0.026262626262626265,0.9998135223085225,0.9985836283742757,0.3430123362605623,
2026090506,2000,10,100,candidate_b_exposure_oracle,True,0.404,1192,0.659065,1.366747965061591,0.00202020202020202,0.40404040404040403,0.011111111111111112,0.015151515151515152,0.999815345392389,0.9985974651127202,0.3584372613156577,
2026090507,2000,10,100,candidate_b_exposure_oracle,True,0.399,1202,0.6656870000000001,1.3856406460551018,0.0030303030303030307,0.6060606060606061,0.011111111111111112,0.021212121212121213,0.9998145331924954,0.9985913007138615,0.3363113752758779,
2026090508,2000,10,100,candidate_b_exposure_oracle,True,0.399,1202,0.666291,1.3914021704740869,0.007070707070707071,1.4141414141414141,0.012121212121212123,0.021212121212121213,0.9998143885871804,0.9985902031050012,0.3585227392459975,
2026090509,2000,10,100,candidate_b_exposure_oracle,True,0.4,1200,0.663937,1.375499909123952,0.00202020202020202,0.40404040404040403,0.00404040404040404,0.013131313131313133,0.9998157955856564,0.9986008815172793,0.34038914949657506,
2026090510,2000,10,100,candidate_b_exposure_oracle,True,0.401,1198,0.663556,1.3798550648528272,0.0030303030303030307,0.6060606060606061,0.0060606060606060615,0.00909090909090909,0.9998167803099633,0.9986083558297498,0.35743874744409265,
2026090511,2000,10,100,candidate_b_exposure_oracle,True,0.397,1206,0.668447,1.3928388277184118,0.00404040404040404,0.8080808080808081,0.01818181818181818,0.030303030303030304,0.9998126633274316,0.9985771082136549,0.35335729905837376,
2026090512,2000,10,100,candidate_b_exposure_oracle,True,0.4,1200,0.6661630000000001,1.4014278433083882,0.00101010101010101,0.20202020202020202,0.0060606060606060615,0.013131313131313133,0.9998160960636523,0.9986031625056111,0.35882992063936614,
2026090513,2000,10,100,candidate_b_exposure_oracle,True,0.402,1196,0.661775,1.375499909123952,0.00404040404040404,0.8080808080808081,0.007070707070707071,0.01616161616161616,0.9998153257353124,0.9985973158733222,0.33364350104905,
2026090514,2000,10,100,candidate_b_exposure_oracle,True,0.3895,1221,0.6788540000000001,1.4366627996854378,0.007070707070707071,1.4141414141414141,0.012121212121212123,0.021212121212121213,0.9998131373376522,0.9985807058913294,0.37736904504441365,
2026090515,2000,10,100,candidate_b_exposure_oracle,True,0.398,1204,0.668059,1.3971399357258385,0.00202020202020202,0.40404040404040403,0.012121212121212123,0.020202020202020204,0.9998148269227404,0.9985935299177736,0.33603342342910203,
2026090516,2000,10,100,candidate_b_exposure_oracle,True,0.402,1196,0.661883,1.3740451229854134,0.0030303030303030307,0.6060606060606061,0.005050505050505051,0.010101010101010102,0.9998159529346434,0.998602076140012,0.35271530374590687,
2026090517,2000,10,100,candidate_b_exposure_oracle,True,0.404,1192,0.659335,1.3682105101189657,0.00101010101010101,0.20202020202020202,0.00404040404040404,0.011111111111111112,0.9998166742393216,0.9986075509176945,0.332011281505229,
2026090518,2000,10,100,candidate_b_exposure_oracle,True,0.4025,1195,0.6609310000000002,1.3682105101189657,0.0030303030303030307,0.6060606060606061,0.00909090909090909,0.024242424242424246,0.9998141847920324,0.9985886563733571,0.31998147043277986,
2026090519,2000,10,100,candidate_b_exposure_oracle,True,0.404,1192,0.658441,1.3594116374373142,0.005050505050505051,1.0101010101010102,0.01616161616161616,0.021212121212121213,0.9998149172278701,0.9985942152411643,0.34680214835988754,
2026090520,2000,10,100,candidate_b_exposure_oracle,True,0.3945,1211,0.6732180000000001,1.4198591479439078,0.0030303030303030307,0.6060606060606061,0.011111111111111112,0.015151515151515152,0.9998149351070679,0.9985943505909658,0.3749421325132875,
2026090501,2000,10,100,candidate_c_opportunity,False,0.397,1206,0.6676520000000001,1.3856406460551018,0.00404040404040404,0.8080808080808081,0.012121212121212123,0.020202020202020204,0.9980093724210229,0.9849852178894521,0.0525200326707777,
2026090502,2000,10,100,candidate_c_opportunity,False,0.3945,1211,0.6747450000000002,1.4394443372357266,0.00404040404040404,0.8080808080808081,0.011111111111111112,0.021212121212121213,0.9980059478842724,0.984959579599563,0.04615971412630855,
2026090503,2000,10,100,candidate_c_opportunity,False,0.3955,1209,0.671475,1.4085453489327207,0.0060606060606060615,1.2121212121212122,0.012121212121212123,0.023232323232323236,0.998015617738228,0.9850318988045135,0.054632607827684386,
2026090504,2000,10,100,candidate_c_opportunity,False,0.3975,1205,0.6682810000000001,1.395707705789432,0.00404040404040404,0.8080808080808081,0.011111111111111112,0.022222222222222223,0.9980238455178931,0.985093532576742,0.031709643663605916,
2026090505,2000,10,100,candidate_c_opportunity,False,0.4005,1199,0.6648780000000001,1.39427400463467,0.011111111111111112,2.2222222222222223,0.020202020202020204,0.027272727272727275,0.9980213057324053,0.9850745079604735,0.06935652368057466,
2026090506,2000,10,100,candidate_c_opportunity,False,0.403,1194,0.6607800000000001,1.3740451229854134,0.00404040404040404,0.8080808080808081,0.010101010101010102,0.015151515151515152,0.9980325894344988,0.9851590382003548,0.016112209090633784,
2026090507,2000,10,100,candidate_c_opportunity,False,0.398,1204,0.6672550000000002,1.3928388277184118,0.0030303030303030307,0.6060606060606061,0.012121212121212123,0.021212121212121213,0.9980197646536887,0.9850629373735426,0.03960087201707465,
2026090508,2000,10,100,candidate_c_opportunity,False,0.394,1212,0.6725970000000001,1.407124727947029,0.0060606060606060615,1.2121212121212122,0.00808080808080808,0.019191919191919194,0.998021855220999,0.9850786449593726,0.05181104867569234,
2026090509,2000,10,100,candidate_c_opportunity,False,0.396,1208,0.6701570000000001,1.4014278433083882,0.00404040404040404,0.8080808080808081,0.00808080808080808,0.01818181818181818,0.9980126750192008,0.9850098973014991,0.007393292367833077,
2026090510,2000,10,100,candidate_c_opportunity,False,0.398,1204,0.6677470000000001,1.3928388277184118,0.0030303030303030307,0.6060606060606061,0.00909090909090909,0.014141414141414142,0.9980392656755391,0.985208943312985,0.04929485672163683,
2026090511,2000,10,100,candidate_c_opportunity,False,0.392,1216,0.675473,1.417039166713468,0.00404040404040404,0.8080808080808081,0.019191919191919194,0.03333333333333333,0.9980064603991652,0.9849633949351193,0.09283354258194194,
2026090512,2000,10,100,candidate_c_opportunity,False,0.3975,1205,0.669457,1.4099645385611654,0.00101010101010101,0.20202020202020202,0.0060606060606060615,0.014141414141414142,0.9980072584967362,0.9849693991094851,0.0903340614182571,
2026090513,2000,10,100,candidate_c_opportunity,False,0.4,1200,0.663956,1.3769531582446803,0.00404040404040404,0.8080808080808081,0.007070707070707071,0.017171717171717175,0.9980285476072556,0.9851286720348391,0.041814281218974216,
2026090514,2000,10,100,candidate_c_opportunity,False,0.389,1222,0.680088,1.4436065946094871,0.00808080808080808,1.6161616161616161,0.014141414141414142,0.026262626262626265,0.9980157127447137,0.9850326463800898,0.0758052795120307,
2026090515,2000,10,100,candidate_c_opportunity,False,0.395,1210,0.672091,1.4099645385611654,0.0,0.0,0.012121212121212123,0.020202020202020204,0.9980325989885267,0.9851590753901288,0.05202501628095319,no_immediate_track_repeats
2026090516,2000,10,100,candidate_c_opportunity,False,0.392,1216,0.6756520000000001,1.4198591479439078,0.0060606060606060615,1.2121212121212122,0.010101010101010102,0.020202020202020204,0.998018202384606,0.9850513021723054,0.04582840289406449,
2026090517,2000,10,100,candidate_c_opportunity,False,0.4005,1199,0.6634690000000001,1.375499909123952,0.00101010101010101,0.20202020202020202,0.005050505050505051,0.013131313131313133,0.9980135128264872,0.985016195405548,0.024769497052766383,
2026090518,2000,10,100,candidate_c_opportunity,False,0.4,1200,0.6642240000000001,1.3769531582446803,0.00404040404040404,0.8080808080808081,0.010101010101010102,0.023232323232323236,0.9980136948532947,0.9850175155114309,0.059920418652421994,
2026090519,2000,10,100,candidate_c_opportunity,False,0.4,1200,0.6647210000000001,1.3841965178398623,0.00404040404040404,0.8080808080808081,0.017171717171717175,0.025252525252525252,0.998027401508541,0.9851201195504984,0.046405546899274126,
2026090520,2000,10,100,candidate_c_opportunity,False,0.3935,1213,0.674158,1.4198591479439078,0.00404040404040404,0.8080808080808081,0.014141414141414142,0.022222222222222223,0.9980337843083332,0.9851679007443311,0.013078019054364459,
2026090501,2000,30,100,true_random,False,0.7845,431,0.42870166666666676,0.7927448797970533,0.013804713804713806,0.920314253647587,0.04208754208754209,0.06936026936026936,1.0,0.9999999999999999,,
2026090502,2000,30,100,true_random,False,0.778,444,0.4400280000000001,0.8151346173758323,0.019528619528619527,1.3019079685746353,0.05521885521885522,0.08350168350168351,1.0,0.9999999999999999,,
2026090503,2000,30,100,true_random,False,0.784,432,0.43440600000000007,0.8110350040397627,0.01717171717171717,1.144781144781145,0.04680134680134681,0.07676767676767676,1.0,0.9999999999999999,,
2026090504,2000,30,100,true_random,False,0.7815,437,0.43253166666666676,0.7958224257542215,0.01414141414141414,0.9427609427609429,0.0441077441077441,0.07205387205387206,1.0,0.9999999999999999,,
2026090505,2000,30,100,true_random,False,0.792,416,0.4248603333333334,0.7857056276579247,0.017508417508417508,1.1672278338945006,0.044444444444444446,0.07104377104377105,1.0,0.9999999999999999,,
2026090506,2000,30,100,true_random,False,0.779,442,0.4403233333333334,0.8186710097604668,0.015151515151515152,1.0101010101010102,0.050505050505050504,0.07777777777777778,1.0,0.9999999999999999,,
2026090507,2000,30,100,true_random,False,0.787,426,0.4306886666666667,0.7983315935958775,0.013468013468013467,0.8978675645342312,0.041077441077441074,0.0696969696969697,1.0,0.9999999999999999,,
2026090508,2000,30,100,true_random,False,0.7745,451,0.43990966666666664,0.8194849330863598,0.014478114478114479,0.9652076318742986,0.04713804713804714,0.07474747474747476,1.0,0.9999999999999999,,
2026090509,2000,30,100,true_random,False,0.771,458,0.445681,0.8248905651323964,0.011447811447811448,0.7631874298540965,0.03771043771043771,0.06262626262626263,1.0,0.9999999999999999,,
2026090510,2000,30,100,true_random,False,0.7845,431,0.4400166666666667,0.8235424835563872,0.012794612794612794,0.8529741863075196,0.043771043771043766,0.0707070707070707,1.0,0.9999999999999999,,
2026090511,2000,30,100,true_random,False,0.775,450,0.4362773333333334,0.8096638534327413,0.014814814814814814,0.9876543209876544,0.04713804713804714,0.07777777777777778,1.0,0.9999999999999999,,
2026090512,2000,30,100,true_random,False,0.788,424,0.43210166666666683,0.8063635794244567,0.014814814814814814,0.9876543209876544,0.039057239057239054,0.06599326599326599,1.0,0.9999999999999999,,
2026090513,2000,30,100,true_random,False,0.785,430,0.4289386666666668,0.78993670632526,0.013804713804713806,0.920314253647587,0.04242424242424243,0.07138047138047138,1.0,0.9999999999999999,,
2026090514,2000,30,100,true_random,False,0.774,452,0.44763200000000003,0.8369255907453449,0.017508417508417508,1.1672278338945006,0.04511784511784512,0.07171717171717171,1.0,0.9999999999999999,,
2026090515,2000,30,100,true_random,False,0.785,430,0.43463066666666683,0.8071899129421499,0.013804713804713806,0.920314253647587,0.04006734006734007,0.06464646464646465,1.0,0.9999999999999999,,
2026090516,2000,30,100,true_random,False,0.776,448,0.443951,0.8299933065325821,0.016498316498316498,1.0998877665544333,0.04074074074074074,0.06801346801346801,1.0,0.9999999999999999,,
2026090517,2000,30,100,true_random,False,0.7795,441,0.4355740000000001,0.8055363982396382,0.01414141414141414,0.9427609427609429,0.03939393939393939,0.06296296296296296,1.0,0.9999999999999999,,
2026090518,2000,30,100,true_random,False,0.784,432,0.43184733333333347,0.8047083667736751,0.01616161616161616,1.0774410774410774,0.03838383838383838,0.06498316498316499,1.0,0.9999999999999999,,
2026090519,2000,30,100,true_random,False,0.791,418,0.42327099999999995,0.7805980613179444,0.013131313131313133,0.8754208754208754,0.04579124579124579,0.06498316498316499,1.0,0.9999999999999999,,
2026090520,2000,30,100,true_random,False,0.7855,429,0.43458300000000016,0.8044321668799124,0.012457912457912458,0.830527497194164,0.04478114478114478,0.07272727272727272,1.0,0.9999999999999999,,
2026090501,2000,30,100,candidate_a_recency_oracle,True,0.7925,415,0.41999166666666676,0.7760297817881877,0.007744107744107743,0.5162738496071829,0.026936026936026935,0.05084175084175084,0.9995060840696662,0.9962529211801487,0.6870577245481487,
2026090502,2000,30,100,candidate_a_recency_oracle,True,0.787,426,0.4291203333333333,0.793305321634321,0.012121212121212121,0.8080808080808081,0.03569023569023569,0.061279461279461274,0.9995071518076267,0.9962610060531312,0.69103102125968,
2026090503,2000,30,100,candidate_a_recency_oracle,True,0.793,414,0.4247576666666668,0.7910611719568706,0.009764309764309764,0.6509539842873177,0.02861952861952862,0.05521885521885522,0.9995065039731388,0.9962561006472125,0.6952127021983612,
2026090504,2000,30,100,candidate_a_recency_oracle,True,0.789,422,0.42394,0.7803133273813083,0.007744107744107743,0.5162738496071829,0.028956228956228958,0.05353535353535353,0.9995062075843625,0.9962538566402713,0.6886292177341934,
2026090505,2000,30,100,candidate_a_recency_oracle,True,0.799,402,0.4173556666666667,0.7722981577373109,0.011111111111111112,0.7407407407407408,0.029629629629629627,0.05353535353535353,0.9995067632180789,0.9962580636927403,0.6731147867694629,
2026090506,2000,30,100,candidate_a_recency_oracle,True,0.7905,419,0.42674500000000015,0.78993670632526,0.006734006734006734,0.4489337822671156,0.03333333333333333,0.05757575757575758,0.9995064344968807,0.9962555745947325,0.6747101654064215,
2026090507,2000,30,100,candidate_a_recency_oracle,True,0.7955,409,0.41992166666666675,0.7760297817881877,0.007744107744107743,0.5162738496071829,0.029966329966329967,0.056228956228956226,0.9995062258852144,0.9962539953237791,0.6773718041993183,
2026090508,2000,30,100,candidate_a_recency_oracle,True,0.7845,431,0.4294556666666667,0.7972173828734266,0.00707070707070707,0.47138047138047146,0.026936026936026935,0.05084175084175084,0.9995059789185389,0.9962521250461385,0.686147096559246,
2026090509,2000,30,100,candidate_a_recency_oracle,True,0.779,442,0.43750100000000014,0.8102125921290315,0.0053872053872053875,0.3591470258136925,0.024579124579124575,0.04814814814814815,0.9995055413015441,0.996248811392758,0.7044864349544062,
2026090510,2000,30,100,candidate_a_recency_oracle,True,0.7885,423,0.43251566666666674,0.8077403323125845,0.008754208754208754,0.5836139169472503,0.028956228956228958,0.05185185185185186,0.9995061901481118,0.9962537250307564,0.6812683656420021,
2026090511,2000,30,100,candidate_a_recency_oracle,True,0.786,428,0.4253640000000001,0.7885288693369303,0.00808080808080808,0.5387205387205387,0.029966329966329967,0.056228956228956226,0.9995063594032958,0.996255006374766,0.6850016590532503,
2026090512,2000,30,100,candidate_a_recency_oracle,True,0.796,408,0.422766,0.7857056276579247,0.007407407407407407,0.4938271604938272,0.025252525252525252,0.04781144781144781,0.9995059618024676,0.9962519954169612,0.688732047939296,
2026090513,2000,30,100,candidate_a_recency_oracle,True,0.7955,409,0.41781333333333337,0.7694153624668538,0.00707070707070707,0.47138047138047146,0.027272727272727275,0.05387205387205387,0.9995060116956597,0.9962523731090456,0.6743375842546269,
2026090514,2000,30,100,candidate_a_recency_oracle,True,0.7825,435,0.43878966666666663,0.8186710097604668,0.009764309764309764,0.6509539842873177,0.02861952861952862,0.05185185185185186,0.9995063197032689,0.996254705821916,0.6846043447267334,
2026090515,2000,30,100,candidate_a_recency_oracle,True,0.7925,415,0.4262703333333333,0.7902179727419799,0.007407407407407407,0.4938271604938272,0.027272727272727275,0.04882154882154882,0.9995060601866392,0.996252740325263,0.6792235766437493,
2026090516,2000,30,100,candidate_a_recency_oracle,True,0.785,430,0.4322316666666668,0.8055363982396382,0.009427609427609427,0.6285072951739619,0.02962962962962963,0.054208754208754206,0.9995064909275794,0.9962560018926581,0.6807082496238878,
2026090517,2000,30,100,candidate_a_recency_oracle,True,0.787,426,0.4250483333333335,0.7842901957254796,0.006060606060606061,0.40404040404040403,0.025252525252525252,0.04646464646464646,0.9995056259020474,0.9962494519151727,0.6948242776999158,
2026090518,2000,30,100,candidate_a_recency_oracle,True,0.79,420,0.42291066666666666,0.7840068026915753,0.007407407407407407,0.4938271604938272,0.024915824915824916,0.05016835016835017,0.9995058532496283,0.9962511734525529,0.6796774414017084,
2026090519,2000,30,100,candidate_a_recency_oracle,True,0.7975,405,0.4151233333333333,0.7671013260609346,0.007407407407407407,0.4938271604938272,0.030303030303030304,0.04882154882154882,0.9995060382268187,0.9962525740697338,0.6914293779167636,
2026090520,2000,30,100,candidate_a_recency_oracle,True,0.791,418,0.42987200000000003,0.7969385867876589,0.006397306397306397,0.4264870931537598,0.02929292929292929,0.054882154882154886,0.999506139230798,0.9962533388635373,0.6742372097898374,
2026090501,2000,30,100,candidate_b_exposure_oracle,True,0.7975,405,0.4139790000000001,0.7668115805072325,0.009764309764309764,0.6509539842873177,0.02861952861952862,0.0494949494949495,0.9994609901265595,0.9959116031633747,0.36384412152604145,
2026090502,2000,30,100,candidate_b_exposure_oracle,True,0.791,418,0.424744,0.784573486395988,0.014814814814814814,0.9876543209876544,0.03636363636363636,0.060942760942760944,0.9994551373354139,0.9958673057872979,0.3282756873282743,
2026090503,2000,30,100,candidate_b_exposure_oracle,True,0.7975,405,0.42010366666666665,0.782020175926143,0.011784511784511785,0.7856341189674524,0.029629629629629627,0.054208754208754206,0.9994575061824301,0.9958852362764251,0.38879342740860856,
2026090504,2000,30,100,candidate_b_exposure_oracle,True,0.7945,411,0.4178426666666668,0.769704127859819,0.00909090909090909,0.6060606060606061,0.029966329966329967,0.05185185185185186,0.9994599365795258,0.9959036270483956,0.33965633680430324,
2026090505,2000,30,100,candidate_b_exposure_oracle,True,0.805,390,0.41055866666666674,0.7583608053631933,0.013131313131313133,0.8754208754208754,0.031313131313131314,0.05252525252525253,0.9994563589092533,0.995876555616106,0.33707640612490547,
2026090506,2000,30,100,candidate_b_exposure_oracle,True,0.792,416,0.4234516666666668,0.7831560082980488,0.008417508417508417,0.5611672278338945,0.03468013468013468,0.05589225589225589,0.9994571611765224,0.9958826237794826,0.3578987611634049,
2026090507,2000,30,100,candidate_b_exposure_oracle,True,0.8005,399,0.4134053333333334,0.7633260552782583,0.00909090909090909,0.6060606060606061,0.030976430976430974,0.05555555555555555,0.9994563529771413,0.99587650574212,0.3468872440109573,
2026090508,2000,30,100,candidate_b_exposure_oracle,True,0.7865,427,0.42656800000000006,0.7910611719568706,0.008417508417508417,0.5611672278338945,0.028956228956228958,0.05117845117845118,0.999458828541242,0.9958952429704834,0.35163638273524866,
2026090509,2000,30,100,candidate_b_exposure_oracle,True,0.783,434,0.43362999999999996,0.8022191443462039,0.006397306397306397,0.4264870931537598,0.024915824915824916,0.04579124579124579,0.9994597013337141,0.9959018513435483,0.36309538986895745,
2026090510,2000,30,100,candidate_b_exposure_oracle,True,0.796,408,0.4251423333333333,0.792464510246358,0.00909090909090909,0.6060606060606061,0.02828282828282828,0.04713804713804714,0.9994604228986117,0.9959073092862758,0.3603117290170658,
2026090511,2000,30,100,candidate_b_exposure_oracle,True,0.7905,419,0.41948833333333346,0.7760297817881877,0.009764309764309764,0.6509539842873177,0.03164983164983165,0.05589225589225589,0.9994529016441038,0.9958503830340724,0.3573288792701501,
2026090512,2000,30,100,candidate_b_exposure_oracle,True,0.7985,403,0.4186656666666668,0.7763160868271807,0.008417508417508417,0.5611672278338945,0.0265993265993266,0.04781144781144781,0.9994618608454351,0.9959181930676988,0.3577066797870072,
2026090513,2000,30,100,candidate_b_exposure_oracle,True,0.7995,401,0.412204,0.7583608053631933,0.00909090909090909,0.6060606060606061,0.02929292929292929,0.05387205387205387,0.999458721173753,0.9958944332135696,0.31481550954844345,
2026090514,2000,30,100,candidate_b_exposure_oracle,True,0.785,430,0.4352196666666668,0.8113089560840693,0.012457912457912458,0.830527497194164,0.030639730639730637,0.052188552188552194,0.9994535965929677,0.9958556420931486,0.3843133653564197,
2026090515,2000,30,100,candidate_b_exposure_oracle,True,0.796,408,0.42245200000000005,0.7825882981775568,0.008417508417508417,0.5611672278338945,0.02828282828282828,0.04882154882154882,0.9994606993808759,0.9959094019011451,0.32250810990157636,
2026090516,2000,30,100,candidate_b_exposure_oracle,True,0.7875,425,0.4283436666666667,0.7955431408094026,0.011784511784511785,0.7856341189674524,0.030639730639730637,0.05454545454545455,0.9994562875378008,0.9958760089610759,0.33958483977823556,
2026090517,2000,30,100,candidate_b_exposure_oracle,True,0.7895,421,0.4216766666666667,0.7768883803710515,0.007407407407407407,0.4938271604938272,0.027946127946127945,0.04680134680134681,0.9994608076668768,0.9959102252619967,0.3301814262298738,
2026090518,2000,30,100,candidate_b_exposure_oracle,True,0.7955,409,0.4164913333333333,0.7731609003162134,0.00909090909090909,0.6060606060606061,0.0265993265993266,0.0494949494949495,0.9994592269515905,0.9958982606357359,0.336910605399591,
2026090519,2000,30,100,candidate_b_exposure_oracle,True,0.8005,399,0.4101680000000001,0.7577745193804172,0.00909090909090909,0.6060606060606061,0.03232323232323232,0.04915824915824915,0.9994608378458472,0.995910452193563,0.35917460965216447,
2026090520,2000,30,100,candidate_b_exposure_oracle,True,0.7955,409,0.423438,0.7842901957254796,0.008417508417508417,0.5611672278338945,0.03198653198653199,0.05555555555555555,0.9994567910452659,0.9958798247084373,0.3365832750486207,
2026090501,2000,30,100,candidate_c_opportunity,False,0.7895,421,0.42570033333333335,0.7862710869809612,0.011111111111111112,0.7407407407407408,0.03367003367003367,0.05656565656565656,0.9980093724210229,0.9849852178894521,0.10879460268893917,
2026090502,2000,30,100,candidate_c_opportunity,False,0.78,440,0.43632400000000016,0.8055363982396382,0.016498316498316498,1.0998877665544333,0.045454545454545456,0.0734006734006734,0.9980059478842724,0.984959579599563,0.13299678073778637,
2026090503,2000,30,100,candidate_c_opportunity,False,0.7925,415,0.4282546666666667,0.7999999999999999,0.011111111111111112,0.7407407407407408,0.035016835016835016,0.060942760942760944,0.998015617738228,0.9850318988045135,0.1418308563298787,
2026090504,2000,30,100,candidate_c_opportunity,False,0.7885,423,0.4261786666666667,0.7868361399370971,0.011111111111111112,0.7407407407407408,0.03535353535353535,0.06060606060606061,0.9980238455178931,0.985093532576742,0.08747845944105644,
2026090505,2000,30,100,candidate_c_opportunity,False,0.8,400,0.41713233333333344,0.7702813338860895,0.012794612794612794,0.8529741863075196,0.03333333333333333,0.056902356902356906,0.9980213057324053,0.9850745079604735,0.07457062829090609,
2026090506,2000,30,100,candidate_c_opportunity,False,0.783,434,0.43176000000000014,0.7983315935958775,0.00909090909090909,0.6060606060606061,0.038720538720538725,0.06296296296296296,0.9980325894344988,0.9851590382003548,0.07629535336473882,
2026090507,2000,30,100,candidate_c_opportunity,False,0.79,420,0.4251503333333333,0.7851397610899887,0.011111111111111112,0.7407407407407408,0.038047138047138045,0.06531986531986532,0.9980197646536887,0.9850629373735426,0.06020908055464345,
2026090508,2000,30,100,candidate_c_opportunity,False,0.7835,433,0.43245766666666663,0.8044321668799124,0.009427609427609427,0.6285072951739619,0.03569023569023569,0.06060606060606061,0.998021855220999,0.9850786449593726,0.09504312000776012,
2026090509,2000,30,100,candidate_c_opportunity,False,0.776,448,0.4412946666666666,0.8156796756897485,0.006397306397306397,0.4264870931537598,0.02861952861952862,0.05185185185185186,0.9980126750192008,0.9850098973014991,0.057743669350797625,
2026090510,2000,30,100,candidate_c_opportunity,False,0.7875,425,0.4338966666666668,0.8071899129421499,0.011111111111111112,0.7407407407407408,0.03569023569023569,0.059259259259259255,0.9980392656755391,0.985208943312985,0.07353385715336547,
2026090511,2000,30,100,candidate_c_opportunity,False,0.783,434,0.43010800000000016,0.8019420871304305,0.011111111111111112,0.7407407407407408,0.03771043771043771,0.06531986531986532,0.9980064603991652,0.9849633949351193,0.09071301397376764,
2026090512,2000,30,100,candidate_c_opportunity,False,0.7895,421,0.4304973333333333,0.7994442514091342,0.010437710437710437,0.6958473625140291,0.034006734006734006,0.05824915824915825,0.9980072584967362,0.9849693991094851,0.10589816092096532,
2026090513,2000,30,100,candidate_c_opportunity,False,0.797,406,0.416693,0.769704127859819,0.010437710437710437,0.6958473625140291,0.03367003367003367,0.061279461279461274,0.9980285476072556,0.9851286720348391,0.09439633992871306,
2026090514,2000,30,100,candidate_c_opportunity,False,0.785,430,0.4344350000000001,0.8104868221562205,0.013804713804713806,0.920314253647587,0.03535353535353535,0.06026936026936027,0.9980157127447137,0.9850326463800898,0.10995541065288436,
2026090515,2000,30,100,candidate_c_opportunity,False,0.789,422,0.4293276666666668,0.7969385867876589,0.009427609427609427,0.6285072951739619,0.030976430976430974,0.05117845117845118,0.9980325989885267,0.9851590753901288,0.07712893183538859,
2026090516,2000,30,100,candidate_c_opportunity,False,0.7815,437,0.43655900000000014,0.8121302577515231,0.015151515151515152,1.0101010101010102,0.03602693602693603,0.061952861952861954,0.998018202384606,0.9850513021723054,0.08123631721655204,
2026090517,2000,30,100,candidate_c_opportunity,False,0.7805,439,0.4325486666666667,0.7977746827547515,0.00909090909090909,0.6060606060606061,0.03164983164983165,0.05420875420875421,0.9980135128264872,0.985016195405548,0.05191276616491718,
2026090518,2000,30,100,candidate_c_opportunity,False,0.793,414,0.4205256666666668,0.7794585014967478,0.010774410774410775,0.718294051627385,0.028956228956228958,0.051515151515151514,0.9980136948532947,0.9850175155114309,0.0929905725610819,
2026090519,2000,30,100,candidate_c_opportunity,False,0.7915,417,0.41986733333333337,0.7743097284391793,0.011111111111111112,0.7407407407407408,0.03737373737373738,0.05723905723905724,0.998027401508541,0.9851201195504984,0.08361134875781048,
2026090520,2000,30,100,candidate_c_opportunity,False,0.784,432,0.4344553333333334,0.8030497424748289,0.009764309764309764,0.6509539842873177,0.03737373737373738,0.06397306397306397,0.9980337843083332,0.9851679007443311,0.0615409420082171,
2026090501,2000,50,100,true_random,False,0.922,156,0.3400582000000001,0.620838143158102,0.025454545454545455,1.018181818181818,0.07393939393939394,0.11535353535353535,1.0,0.9999999999999999,,
2026090502,2000,50,100,true_random,False,0.92,160,0.34373279999999995,0.6246919240713777,0.02828282828282828,1.1313131313131313,0.08,0.12525252525252525,1.0,0.9999999999999999,,
2026090503,2000,50,100,true_random,False,0.919,162,0.3386414,0.6185143490655653,0.025252525252525252,1.0101010101010102,0.07414141414141413,0.11878787878787879,1.0,0.9999999999999999,,
2026090504,2000,50,100,true_random,False,0.9175,165,0.3415456000000001,0.6199354805138999,0.024444444444444442,0.9777777777777777,0.07272727272727272,0.11636363636363636,1.0,0.9999999999999999,,
2026090505,2000,50,100,true_random,False,0.927,146,0.33909659999999997,0.6198064213930023,0.02707070707070707,1.0828282828282827,0.07878787878787878,0.12424242424242425,1.0,0.9999999999999999,,
2026090506,2000,50,100,true_random,False,0.9145,171,0.3454176,0.6280127387243033,0.02707070707070707,1.0828282828282827,0.08060606060606061,0.1206060606060606,1.0,0.9999999999999999,,
2026090507,2000,50,100,true_random,False,0.922,156,0.3430852,0.6250759953797618,0.026060606060606062,1.0424242424242423,0.07151515151515152,0.11797979797979798,1.0,0.9999999999999999,,
2026090508,2000,50,100,true_random,False,0.922,156,0.34076780000000007,0.620322496770833,0.02404040404040404,0.9616161616161615,0.07373737373737374,0.11858585858585859,1.0,0.9999999999999999,,
2026090509,2000,50,100,true_random,False,0.921,158,0.339658,0.6142312268193468,0.022222222222222223,0.8888888888888888,0.06282828282828283,0.10707070707070707,1.0,0.9999999999999999,,
2026090510,2000,50,100,true_random,False,0.9195,161,0.3503590000000001,0.6366160538346485,0.022020202020202023,0.8808080808080807,0.07171717171717172,0.11393939393939394,1.0,0.9999999999999999,,
2026090511,2000,50,100,true_random,False,0.9235,153,0.3361756,0.6154023074379881,0.02484848484848485,0.9939393939393939,0.07494949494949495,0.11797979797979798,1.0,0.9999999999999999,,
2026090512,2000,50,100,true_random,False,0.9165,167,0.3498658000000001,0.6378714604056213,0.02686868686868687,1.0747474747474746,0.07050505050505051,0.11575757575757577,1.0,0.9999999999999999,,
2026090513,2000,50,100,true_random,False,0.924,152,0.34460040000000003,0.6275029880406946,0.023838383838383836,0.9535353535353535,0.07090909090909091,0.11515151515151516,1.0,0.9999999999999999,,
2026090514,2000,50,100,true_random,False,0.921,158,0.34618380000000015,0.6319493650602079,0.02686868686868687,1.0747474747474746,0.07090909090909091,0.11373737373737373,1.0,0.9999999999999999,,
2026090515,2000,50,100,true_random,False,0.9255,149,0.3437542,0.6198064213930023,0.024242424242424242,0.9696969696969697,0.06909090909090909,0.11272727272727273,1.0,0.9999999999999999,,
2026090516,2000,50,100,true_random,False,0.9215,157,0.3514606,0.6427441170481454,0.02686868686868687,1.0747474747474746,0.07656565656565657,0.12202020202020201,1.0,0.9999999999999999,,
2026090517,2000,50,100,true_random,False,0.921,158,0.34234580000000014,0.6196773353931867,0.022222222222222223,0.8888888888888888,0.06727272727272728,0.10606060606060606,1.0,0.9999999999999999,,
2026090518,2000,50,100,true_random,False,0.924,152,0.3357728,0.6131883886702357,0.02828282828282828,1.1313131313131313,0.07010101010101011,0.11535353535353535,1.0,0.9999999999999999,,
2026090519,2000,50,100,true_random,False,0.928,144,0.32912960000000013,0.5979966555090421,0.021414141414141417,0.8565656565656565,0.07515151515151515,0.11232323232323234,1.0,0.9999999999999999,,
2026090520,2000,50,100,true_random,False,0.9245,151,0.34558180000000016,0.6330876716537766,0.025454545454545455,1.018181818181818,0.07474747474747476,0.12262626262626264,1.0,0.9999999999999999,,
2026090501,2000,50,100,candidate_a_recency_oracle,True,0.9275,145,0.327901,0.5971934359987559,0.01414141414141414,0.5656565656565656,0.049090909090909095,0.08686868686868686,0.9992107202377882,0.9940189435540936,0.5903078890459221,
2026090502,2000,50,100,candidate_a_recency_oracle,True,0.9285,143,0.3325144,0.6026607669327746,0.016565656565656568,0.6626262626262626,0.05595959595959596,0.09818181818181819,0.9992116292047644,0.9940258109008363,0.6096787858042576,
2026090503,2000,50,100,candidate_a_recency_oracle,True,0.926,148,0.33049660000000003,0.6022624012836929,0.014343434343434342,0.5737373737373737,0.05252525252525253,0.09353535353535353,0.9992105789235717,0.9940178758950335,0.5978506878015094,
2026090504,2000,50,100,candidate_a_recency_oracle,True,0.9225,155,0.3334268,0.604913216916278,0.01393939393939394,0.5575757575757575,0.05090909090909091,0.09333333333333334,0.9992109208826245,0.9940204600717293,0.6104705917081722,
2026090505,2000,50,100,candidate_a_recency_oracle,True,0.9345,131,0.322338,0.5876053097105233,0.014747474747474747,0.5898989898989899,0.05171717171717172,0.09292929292929292,0.9992109587427255,0.9940207456836764,0.5806452091238702,
2026090506,2000,50,100,candidate_a_recency_oracle,True,0.9235,153,0.3331016,0.6035892643180459,0.01414141414141414,0.5656565656565656,0.054747474747474746,0.09151515151515152,0.9992111788327925,0.9940224083860753,0.597845242721864,
2026090507,2000,50,100,candidate_a_recency_oracle,True,0.927,146,0.3346028000000001,0.6080789422435215,0.012525252525252524,0.5010101010101009,0.04666666666666667,0.09070707070707071,0.9992099468957326,0.9940131019021382,0.5974390943164255,
2026090508,2000,50,100,candidate_a_recency_oracle,True,0.9315,137,0.330128,0.6013318551349164,0.013737373737373739,0.5494949494949495,0.0498989898989899,0.09171717171717171,0.9992106396848621,0.9940183355670034,0.5912996279276563,
2026090509,2000,50,100,candidate_a_recency_oracle,True,0.9275,145,0.3296144000000001,0.5959865770300536,0.012121212121212121,0.48484848484848475,0.04363636363636364,0.08444444444444443,0.9992098226640439,0.9940121630169796,0.6098792473982624,
2026090510,2000,50,100,candidate_a_recency_oracle,True,0.9285,143,0.3410134,0.6199354805138999,0.012525252525252524,0.5010101010101009,0.049090909090909095,0.08868686868686868,0.9992101278050199,0.9940144688316779,0.5978200354922812,
2026090511,2000,50,100,candidate_a_recency_oracle,True,0.93,140,0.3254218,0.5962549790148507,0.014343434343434342,0.5737373737373737,0.0503030303030303,0.09151515151515152,0.9992107878724958,0.9940194550835804,0.5940523925360502,
2026090512,2000,50,100,candidate_a_recency_oracle,True,0.9245,151,0.33688240000000014,0.614882102520475,0.012121212121212121,0.48484848484848475,0.04464646464646464,0.08626262626262628,0.9992098624794181,0.9940124638948395,0.5999144717184033,
2026090513,2000,50,100,candidate_a_recency_oracle,True,0.9335,133,0.32950900000000005,0.5983978609587437,0.012323232323232323,0.4929292929292929,0.04808080808080808,0.08828282828282828,0.9992102833343491,0.994015643155801,0.5884416300341938,
2026090514,2000,50,100,candidate_a_recency_oracle,True,0.929,142,0.3334526,0.6099180272790763,0.015353535353535354,0.6141414141414141,0.04787878787878788,0.08646464646464647,0.9992106623242908,0.9940185068888021,0.5974748384470212,
2026090515,2000,50,100,candidate_a_recency_oracle,True,0.9335,133,0.3323050000000001,0.5987987975939831,0.012727272727272728,0.509090909090909,0.045454545454545456,0.08565656565656567,0.9992101349855755,0.9940145228079124,0.5953935356543177,
2026090516,2000,50,100,candidate_a_recency_oracle,True,0.931,138,0.3369728000000001,0.6154023074379881,0.015353535353535354,0.6141414141414141,0.05353535353535353,0.09494949494949495,0.9992111268214543,0.9940220159838481,0.5840506654344054,
2026090517,2000,50,100,candidate_a_recency_oracle,True,0.9285,143,0.3312092,0.5994664294186957,0.012525252525252524,0.5010101010101009,0.044040404040404046,0.07919191919191919,0.9992100037971927,0.994013531249057,0.5937514273484118,
2026090518,2000,50,100,candidate_a_recency_oracle,True,0.933,134,0.3232108,0.5891010100144116,0.013535353535353536,0.5414141414141413,0.046060606060606066,0.08727272727272728,0.9992100722580212,0.9940140484706765,0.5858611008252838,
2026090519,2000,50,100,candidate_a_recency_oracle,True,0.9365,127,0.3137776000000001,0.5685068161420758,0.010303030303030303,0.4121212121212121,0.048484848484848485,0.08323232323232324,0.9992094185000192,0.9940091097990867,0.5968869595102914,
2026090520,2000,50,100,candidate_a_recency_oracle,True,0.9325,135,0.33082460000000014,0.6035892643180459,0.01393939393939394,0.5575757575757575,0.050505050505050504,0.09252525252525252,0.9992106508352653,0.9940184193481078,0.5817489282778724,
2026090501,2000,50,100,candidate_b_exposure_oracle,True,0.9315,137,0.3226892000000001,0.5863787172126902,0.017373737373737375,0.6949494949494949,0.051111111111111114,0.08444444444444443,0.9991175104522491,0.9933152225846869,0.3635588693426543,
2026090502,2000,50,100,candidate_b_exposure_oracle,True,0.93,140,0.3272832000000001,0.5930261377038958,0.019595959595959594,0.7838383838383838,0.05818181818181818,0.09454545454545454,0.999111465263883,0.9932695815076067,0.36448053539142056,
2026090503,2000,50,100,candidate_b_exposure_oracle,True,0.931,138,0.32338880000000003,0.5886934686235274,0.017373737373737375,0.6949494949494949,0.054949494949494956,0.0896969696969697,0.9991110153794243,0.9932661937644143,0.39538806133102994,
2026090504,2000,50,100,candidate_b_exposure_oracle,True,0.9285,143,0.32627740000000016,0.5908637744861331,0.01575757575757576,0.6303030303030303,0.05292929292929293,0.09050505050505052,0.9991189975403677,0.9933264357977759,0.34680874508157605,
2026090505,2000,50,100,candidate_b_exposure_oracle,True,0.9375,125,0.31349899999999997,0.570753887415583,0.017777777777777778,0.711111111111111,0.052121212121212124,0.09050505050505052,0.9991159724591974,0.9933036161334704,0.3155176697090239,
2026090506,2000,50,100,candidate_b_exposure_oracle,True,0.928,144,0.3277962000000001,0.5935654976495854,0.016565656565656568,0.6626262626262626,0.05616161616161617,0.0911111111111111,0.9991169231659239,0.993310780893331,0.35577038491230645,
2026090507,2000,50,100,candidate_b_exposure_oracle,True,0.934,132,0.32477140000000015,0.5885575587824865,0.01575757575757576,0.6303030303030303,0.048888888888888885,0.08626262626262628,0.9991186684682758,0.9933239607727481,0.3679318198699485,
2026090508,2000,50,100,candidate_b_exposure_oracle,True,0.9355,129,0.3214650000000001,0.5851495535331117,0.016363636363636365,0.6545454545454545,0.050707070707070714,0.08868686868686868,0.9991197972472513,0.9933324760276869,0.3362060692537418,
2026090509,2000,50,100,candidate_b_exposure_oracle,True,0.9335,133,0.32310760000000016,0.5846024290062435,0.014343434343434342,0.5737373737373737,0.045454545454545456,0.08383838383838385,0.9991193525345107,0.9933291279838977,0.34884448187045947,
2026090510,2000,50,100,candidate_b_exposure_oracle,True,0.935,130,0.3314602,0.6030588694315009,0.014343434343434342,0.5737373737373737,0.048888888888888885,0.08444444444444443,0.9991232427622089,0.9933584940863891,0.39726236653695296,
2026090511,2000,50,100,candidate_b_exposure_oracle,True,0.934,132,0.31874,0.5806203578931762,0.01717171717171717,0.6868686868686869,0.051919191919191914,0.08989898989898991,0.9991152699110215,0.9932982980978053,0.37893396928816975,
2026090512,2000,50,100,candidate_b_exposure_oracle,True,0.93,140,0.33128460000000004,0.6041191935371695,0.015353535353535354,0.6141414141414141,0.04828282828282829,0.08646464646464647,0.9991165938813134,0.9933082974165149,0.3495176574852427,
2026090513,2000,50,100,candidate_b_exposure_oracle,True,0.9405,119,0.320897,0.5819965635637379,0.015151515151515152,0.606060606060606,0.04929292929292929,0.08444444444444443,0.9991208570961869,0.9933404848695911,0.33853090909165906,
2026090514,2000,50,100,candidate_b_exposure_oracle,True,0.933,134,0.3270360000000001,0.5977290356005804,0.017373737373737375,0.6949494949494949,0.05030303030303031,0.08767676767676767,0.9991127196573936,0.9932790472080256,0.3884832710373545,
2026090515,2000,50,100,candidate_b_exposure_oracle,True,0.935,130,0.32562899999999995,0.5874691481260952,0.015959595959595962,0.6383838383838384,0.04929292929292929,0.08626262626262628,0.9991189806757865,0.9933263067102931,0.3444294660066669,
2026090516,2000,50,100,candidate_b_exposure_oracle,True,0.935,130,0.32904639999999996,0.6,0.018383838383838384,0.7353535353535353,0.05555555555555555,0.09414141414141415,0.9991074319022306,0.9932391365304079,0.3365534688178074,
2026090517,2000,50,100,candidate_b_exposure_oracle,True,0.9345,131,0.3242134000000001,0.5866515149558552,0.015353535353535354,0.6141414141414141,0.046868686868686865,0.0797979797979798,0.9991226929716285,0.9933543402278613,0.3147709362671397,
2026090518,2000,50,100,candidate_b_exposure_oracle,True,0.9365,127,0.31714260000000016,0.5782732917920385,0.017373737373737375,0.6949494949494949,0.0494949494949495,0.08787878787878789,0.9991184350817712,0.9933221966596847,0.38617482109185053,
2026090519,2000,50,100,candidate_b_exposure_oracle,True,0.9395,121,0.30682980000000004,0.5555537777749333,0.013737373737373739,0.5494949494949495,0.05090909090909091,0.08363636363636363,0.9991252144737875,0.9933733762879754,0.34123597923680754,
2026090520,2000,50,100,candidate_b_exposure_oracle,True,0.9355,129,0.32297520000000013,0.5892367945062494,0.014949494949494949,0.597979797979798,0.050707070707070714,0.08868686868686868,0.9991154236985242,0.993299475923394,0.334863230026762,
2026090501,2000,50,100,candidate_c_opportunity,False,0.9225,155,0.32870480000000013,0.5973273809227232,0.02080808080808081,0.8323232323232322,0.0602020202020202,0.09555555555555556,0.9980093724210229,0.9849852178894521,0.14142436741283917,
2026090502,2000,50,100,candidate_c_opportunity,False,0.9255,149,0.3392412,0.6146218349521924,0.023636363636363636,0.9454545454545454,0.06828282828282828,0.11070707070707071,0.9980059478842724,0.984959579599563,0.18825314790255374,
2026090503,2000,50,100,candidate_c_opportunity,False,0.9315,137,0.33268220000000004,0.6068937304009656,0.020606060606060607,0.8242424242424242,0.06181818181818182,0.10202020202020201,0.998015617738228,0.9850318988045135,0.14588889428368426,
2026090504,2000,50,100,candidate_c_opportunity,False,0.923,154,0.33830040000000006,0.6126663039534653,0.019797979797979797,0.7919191919191918,0.061414141414141414,0.098989898989899,0.9980238455178931,0.985093532576742,0.10291426510722237,
2026090505,2000,50,100,candidate_c_opportunity,False,0.9285,143,0.33157860000000006,0.6025280076477773,0.02080808080808081,0.8323232323232322,0.06404040404040404,0.10484848484848486,0.9980213057324053,0.9850745079604735,0.09059994651837051,
2026090506,2000,50,100,candidate_c_opportunity,False,0.922,156,0.34092140000000004,0.6167008999506973,0.019393939393939394,0.7757575757575758,0.06626262626262627,0.10606060606060606,0.9980325894344988,0.9851590382003548,0.11345514978985789,
2026090507,2000,50,100,candidate_c_opportunity,False,0.9295,141,0.33434720000000007,0.6116207975535168,0.018585858585858588,0.7434343434343433,0.05858585858585858,0.10080808080808082,0.9980197646536887,0.9850629373735426,0.10877652834176678,
2026090508,2000,50,100,candidate_c_opportunity,False,0.928,144,0.33530860000000007,0.6100491783454839,0.017575757575757574,0.703030303030303,0.059797979797979794,0.10323232323232324,0.998021855220999,0.9850786449593726,0.09514848775744654,
2026090509,2000,50,100,candidate_c_opportunity,False,0.9325,135,0.3311518,0.5998666518485588,0.018585858585858588,0.7434343434343433,0.051919191919191914,0.09616161616161616,0.9980126750192008,0.9850098973014991,0.10318166100842692,
2026090510,2000,50,100,candidate_c_opportunity,False,0.934,132,0.3402478,0.6182556105689619,0.01818181818181818,0.7272727272727273,0.0591919191919192,0.09757575757575758,0.9980392656755391,0.985208943312985,0.115822890386189,
2026090511,2000,50,100,candidate_c_opportunity,False,0.9265,147,0.33143480000000003,0.6057061994069401,0.018383838383838384,0.7353535353535353,0.06202020202020202,0.10242424242424243,0.9980064603991652,0.9849633949351193,0.12926753888274467,
2026090512,2000,50,100,candidate_c_opportunity,False,0.9255,149,0.3362364,0.6129274019000945,0.02080808080808081,0.8323232323232322,0.058383838383838385,0.0987878787878788,0.9980072584967362,0.9849693991094851,0.12581032303166,
2026090513,2000,50,100,candidate_c_opportunity,False,0.9305,139,0.3309928,0.6013318551349164,0.019393939393939394,0.7757575757575758,0.05757575757575758,0.09717171717171719,0.9980285476072556,0.9851286720348391,0.12434671633848444,
2026090514,2000,50,100,candidate_c_opportunity,False,0.9325,135,0.3334268,0.6122744482664617,0.01898989898989899,0.7595959595959595,0.05515151515151515,0.09555555555555556,0.9980157127447137,0.9850326463800898,0.11115418847168898,
2026090515,2000,50,100,candidate_c_opportunity,False,0.9315,137,0.3321528,0.5991994659543682,0.01818181818181818,0.7272727272727273,0.054949494949494956,0.09292929292929294,0.9980325989885267,0.9851590753901288,0.09088552425426429,
2026090516,2000,50,100,candidate_c_opportunity,False,0.9275,145,0.3419932000000001,0.6258434308994543,0.021414141414141417,0.8565656565656565,0.06262626262626263,0.10585858585858586,0.998018202384606,0.9850513021723054,0.09339922619906776,
2026090517,2000,50,100,candidate_c_opportunity,False,0.9325,135,0.3326418,0.6035892643180459,0.017777777777777778,0.711111111111111,0.05373737373737374,0.09050505050505052,0.9980135128264872,0.985016195405548,0.06988484919028966,
2026090518,2000,50,100,candidate_c_opportunity,False,0.9315,137,0.3261526000000001,0.5950462166924515,0.021616161616161617,0.8646464646464646,0.05737373737373737,0.0997979797979798,0.9980136948532947,0.9850175155114309,0.09697637179081005,
2026090519,2000,50,100,candidate_c_opportunity,False,0.931,138,0.32245880000000016,0.583780780773057,0.014949494949494949,0.597979797979798,0.0595959595959596,0.09656565656565658,0.998027401508541,0.9851201195504984,0.11212602183593699,
2026090520,2000,50,100,candidate_c_opportunity,False,0.9305,139,0.3358506000000001,0.6122744482664617,0.019191919191919194,0.7676767676767676,0.06101010101010101,0.10626262626262625,0.9980337843083332,0.9851679007443311,0.07683535851779985,
2026090501,2000,100,100,true_random,False,0.9945,11,0.24186640000000015,0.43354353875937307,0.051212121212121216,1.0242424242424242,0.14414141414141413,0.22262626262626262,1.0,0.9999999999999999,,
2026090502,2000,100,100,true_random,False,0.9945,11,0.24487340000000013,0.44013634251218114,0.05030303030303031,1.006060606060606,0.14484848484848484,0.22323232323232325,1.0,0.9999999999999999,,
2026090503,2000,100,100,true_random,False,0.996,8,0.24214259999999999,0.43543082114154485,0.047474747474747475,0.9494949494949495,0.1415151515151515,0.22151515151515153,1.0,0.9999999999999999,,
2026090504,2000,100,100,true_random,False,0.9915,17,0.2412303,0.4323887140062747,0.0498989898989899,0.997979797979798,0.14656565656565657,0.22404040404040404,1.0,0.9999999999999999,,
2026090505,2000,100,100,true_random,False,0.9915,17,0.24477990000000016,0.44280921399627626,0.04878787878787879,0.9757575757575757,0.14262626262626263,0.22414141414141414,1.0,0.9999999999999999,,
2026090506,2000,100,100,true_random,False,0.9925,15,0.24357760000000006,0.43730995872493006,0.0494949494949495,0.98989898989899,0.1394949494949495,0.2204040404040404,1.0,0.9999999999999999,,
2026090507,2000,100,100,true_random,False,0.9945,11,0.23761560000000004,0.425863828001393,0.05131313131313131,1.0262626262626262,0.1414141414141414,0.22,1.0,0.9999999999999999,,
2026090508,2000,100,100,true_random,False,0.997,6,0.24169229999999997,0.43451121964800865,0.048484848484848485,0.9696969696969697,0.14393939393939395,0.22080808080808081,1.0,0.9999999999999999,,
2026090509,2000,100,100,true_random,False,0.9955,9,0.2369057000000001,0.42497058721751557,0.04767676767676767,0.9535353535353535,0.13777777777777778,0.21757575757575756,1.0,0.9999999999999999,,
2026090510,2000,100,100,true_random,False,0.992,16,0.25186030000000015,0.45250414362743685,0.050606060606060606,1.0121212121212122,0.1386868686868687,0.22131313131313132,1.0,0.9999999999999999,,
2026090511,2000,100,100,true_random,False,0.992,16,0.24188220000000005,0.4347873043224698,0.05080808080808081,1.016161616161616,0.14292929292929293,0.22363636363636363,1.0,0.9999999999999999,,
2026090512,2000,100,100,true_random,False,0.991,18,0.24765610000000016,0.4466318394382559,0.051212121212121216,1.0242424242424242,0.14373737373737375,0.22676767676767676,1.0,0.9999999999999999,,
2026090513,2000,100,100,true_random,False,0.995,10,0.2439705000000001,0.43721848085368026,0.05,1.0,0.13696969696969696,0.21010101010101012,1.0,0.9999999999999999,,
2026090514,2000,100,100,true_random,False,0.9955,9,0.24135189999999995,0.43506321379771934,0.0502020202020202,1.0040404040404038,0.13787878787878788,0.2183838383838384,1.0,0.9999999999999999,,
2026090515,2000,100,100,true_random,False,0.997,6,0.24304680000000012,0.43377413477523075,0.04868686868686869,0.9737373737373737,0.14242424242424243,0.21707070707070705,1.0,0.9999999999999999,,
2026090516,2000,100,100,true_random,False,0.9965,7,0.24806090000000003,0.4497554891271478,0.05222222222222222,1.0444444444444443,0.14191919191919192,0.22727272727272727,1.0,0.9999999999999999,,
2026090517,2000,100,100,true_random,False,0.995,10,0.24126789999999998,0.4325274557759311,0.05080808080808081,1.016161616161616,0.13999999999999999,0.21979797979797983,1.0,0.9999999999999999,,
2026090518,2000,100,100,true_random,False,0.9935,13,0.24205650000000012,0.43561450848198346,0.05707070707070708,1.1414141414141414,0.14585858585858585,0.23121212121212123,1.0,0.9999999999999999,,
2026090519,2000,100,100,true_random,False,0.9965,7,0.23551999999999995,0.4233674526932839,0.05272727272727273,1.0545454545454545,0.14505050505050504,0.22050505050505054,1.0,0.9999999999999999,,
2026090520,2000,100,100,true_random,False,0.9965,7,0.2445716,0.4406359041203974,0.051212121212121216,1.0242424242424242,0.14252525252525253,0.22424242424242424,1.0,0.9999999999999999,,
2026090501,2000,100,100,candidate_a_recency_oracle,True,0.996,8,0.22319010000000006,0.39954974658983333,0.027575757575757576,0.5515151515151514,0.0994949494949495,0.17525252525252527,0.9985792528631795,0.9892598184607622,0.44658855595807934,
2026090502,2000,100,100,candidate_a_recency_oracle,True,0.997,6,0.22713240000000012,0.40841155713324273,0.02828282828282828,0.5656565656565656,0.10525252525252525,0.1798989898989899,0.9985793299172271,0.9892603982185747,0.44832913371138267,
2026090503,2000,100,100,candidate_a_recency_oracle,True,0.9965,7,0.2271582000000001,0.4106093033529562,0.028484848484848484,0.5696969696969697,0.10323232323232324,0.18131313131313131,0.998578436315043,0.9892536810110863,0.4327261847757226,
2026090504,2000,100,100,candidate_a_recency_oracle,True,0.993,14,0.2244682,0.40239284287869737,0.027272727272727275,0.5454545454545454,0.10191919191919192,0.17898989898989898,0.9985785627927608,0.9892546329440718,0.4546863103318222,
2026090505,2000,100,100,candidate_a_recency_oracle,True,0.994,12,0.22777400000000014,0.4113392760240626,0.028080808080808085,0.5616161616161617,0.10202020202020201,0.18131313131313131,0.9985789316245459,0.9892574044442622,0.4554975642178895,
2026090506,2000,100,100,candidate_a_recency_oracle,True,0.9935,13,0.2255783,0.403286498658212,0.0295959595959596,0.591919191919192,0.10171717171717172,0.17707070707070707,0.9985799939653114,0.9892653915356148,0.45025891981765703,
2026090507,2000,100,100,candidate_a_recency_oracle,True,0.995,10,0.22317120000000013,0.40094887454636907,0.030000000000000002,0.6,0.10282828282828282,0.17959595959595961,0.9985798894538997,0.9892646056329667,0.44437985721186435,
2026090508,2000,100,100,candidate_a_recency_oracle,True,0.9975,5,0.22409370000000006,0.4035343851519967,0.027676767676767678,0.5535353535353535,0.10303030303030304,0.17808080808080806,0.9985794685666487,0.9892614413763461,0.42843982539758874,
2026090509,2000,100,100,candidate_a_recency_oracle,True,0.9975,5,0.22237010000000001,0.3981457019735363,0.025656565656565655,0.5131313131313131,0.09646464646464648,0.17505050505050507,0.9985781185719111,0.9892512914143725,0.46861594025836795,
2026090510,2000,100,100,candidate_a_recency_oracle,True,0.9945,11,0.2339150000000001,0.4221374183841086,0.028080808080808085,0.5616161616161616,0.09777777777777777,0.17696969696969697,0.9985790821067039,0.989258536628715,0.4715064315568552,
2026090511,2000,100,100,candidate_a_recency_oracle,True,0.9945,11,0.22615629999999998,0.40649723246290376,0.029494949494949494,0.5898989898989899,0.10161616161616162,0.1786868686868687,0.9985792531139676,0.9892598215850394,0.4492805527649644,
2026090512,2000,100,100,candidate_a_recency_oracle,True,0.993,14,0.2352512,0.4236035882756425,0.03090909090909091,0.6181818181818182,0.10535353535353535,0.18666666666666668,0.9985801065782034,0.98926623797149,0.4666404155783188,
2026090513,2000,100,100,candidate_a_recency_oracle,True,0.997,6,0.22611630000000016,0.40427713267015236,0.026060606060606062,0.5212121212121211,0.09828282828282829,0.1686868686868687,0.9985790312879557,0.9892581550028021,0.4324608218763877,
2026090514,2000,100,100,candidate_a_recency_oracle,True,0.9975,5,0.22631310000000004,0.4062511538445152,0.028989898989898993,0.5797979797979798,0.098989898989899,0.17757575757575758,0.9985789421276939,0.9892574833619173,0.42246173299903345,
2026090515,2000,100,100,candidate_a_recency_oracle,True,0.997,6,0.22366710000000012,0.39914909495074646,0.027373737373737373,0.5474747474747474,0.0994949494949495,0.17363636363636364,0.9985792460044008,0.9892597686172292,0.4342321678345828,
2026090516,2000,100,100,candidate_a_recency_oracle,True,0.9975,5,0.23190690000000003,0.41952353926806063,0.028989898989898993,0.5797979797979798,0.0993939393939394,0.18171717171717175,0.9985789160745775,0.9892572878522752,0.436552170273052,
2026090517,2000,100,100,candidate_a_recency_oracle,True,0.996,8,0.22626049999999998,0.4061526806510084,0.028383838383838383,0.5676767676767677,0.1003030303030303,0.17595959595959598,0.9985796509777175,0.9892628130173111,0.43594850082047437,
2026090518,2000,100,100,candidate_a_recency_oracle,True,0.9965,7,0.2278907000000001,0.40968280413021974,0.03060606060606061,0.6121212121212121,0.10010101010101011,0.18424242424242424,0.998579535219784,0.9892619420443423,0.434970862412817,
2026090519,2000,100,100,candidate_a_recency_oracle,True,0.9975,5,0.21877220000000008,0.3925812017914255,0.028686868686868684,0.5737373737373737,0.10252525252525253,0.17464646464646463,0.9985796594495308,0.9892628765340568,0.4422339994916444,
2026090520,2000,100,100,candidate_a_recency_oracle,True,0.9995,1,0.22888920000000001,0.41250454542950193,0.02878787878787879,0.5757575757575758,0.0993939393939394,0.17777777777777778,0.9985790958800659,0.9892586383468696,0.4130152062332922,
2026090501,2000,100,100,candidate_b_exposure_oracle,True,0.9965,7,0.2127384000000001,0.3814184054289987,0.03212121212121212,0.6424242424242423,0.10202020202020201,0.17090909090909093,0.9983407827613526,0.9874693166284607,0.37671253054258774,
2026090502,2000,100,100,candidate_b_exposure_oracle,True,0.9975,5,0.2170862,0.3896665240946417,0.03323232323232323,0.6646464646464646,0.10717171717171717,0.17626262626262626,0.9983341796932876,0.9874197349385838,0.39795219844874874,
2026090503,2000,100,100,candidate_b_exposure_oracle,True,0.9985,3,0.21499559999999995,0.3881752181682906,0.03202020202020202,0.6404040404040404,0.10373737373737374,0.17494949494949497,0.9983264218241017,0.9873615743694623,0.37045581151581275,
2026090504,2000,100,100,candidate_b_exposure_oracle,True,0.9935,13,0.21637410000000012,0.3868332974292673,0.034545454545454546,0.6909090909090908,0.10575757575757576,0.17505050505050507,0.9983285499422506,0.9873774990309192,0.32503065609225706,
2026090505,2000,100,100,candidate_b_exposure_oracle,True,0.9975,5,0.2163113000000001,0.3896665240946417,0.03303030303030303,0.6606060606060605,0.10515151515151515,0.17595959595959598,0.9983321171886068,0.9874042814782757,0.32603441769046365,
2026090506,2000,100,100,candidate_b_exposure_oracle,True,0.9945,11,0.21532300000000015,0.3855904563134311,0.03515151515151515,0.703030303030303,0.10505050505050506,0.17393939393939392,0.9983402596472035,0.9874653441301452,0.35201394280866133,
2026090507,2000,100,100,candidate_b_exposure_oracle,True,0.996,8,0.21366600000000013,0.3844476557348217,0.03575757575757576,0.7151515151515151,0.10595959595959596,0.17717171717171717,0.9983293513675943,0.9873835157234352,0.3600771975324731,
2026090508,2000,100,100,candidate_b_exposure_oracle,True,0.9985,3,0.21243450000000008,0.3815232627245683,0.031818181818181815,0.6363636363636364,0.10474747474747474,0.173030303030303,0.9983496281856032,0.9875356494142915,0.3246070489899185,
2026090509,2000,100,100,candidate_b_exposure_oracle,True,0.998,4,0.2100921,0.37544640096823406,0.03060606060606061,0.6121212121212121,0.098989898989899,0.1707070707070707,0.9983463616448044,0.9875111377919285,0.37049542646886063,
2026090510,2000,100,100,candidate_b_exposure_oracle,True,0.996,8,0.22242450000000002,0.4006494727314639,0.03292929292929293,0.6585858585858586,0.0997979797979798,0.17161616161616164,0.9983433509906879,0.9874885701119008,0.3981841314292479,
2026090511,2000,100,100,candidate_b_exposure_oracle,True,0.9955,9,0.21603360000000005,0.38812369162420374,0.03373737373737373,0.6747474747474748,0.10424242424242425,0.17494949494949497,0.9983243475231234,0.9873459877810506,0.35320999126660674,
2026090512,2000,100,100,candidate_b_exposure_oracle,True,0.9955,9,0.22465390000000007,0.40343524883182924,0.03535353535353535,0.7070707070707071,0.10737373737373739,0.1815151515151515,0.9983145227808214,0.987272266440329,0.3370803997994889,
2026090513,2000,100,100,candidate_b_exposure_oracle,True,0.9985,3,0.21546100000000012,0.3855904563134311,0.03171717171717172,0.6343434343434343,0.10121212121212121,0.16707070707070706,0.9983530447629829,0.9875612738195662,0.34646088200841657,
2026090514,2000,100,100,candidate_b_exposure_oracle,True,0.998,4,0.21276510000000015,0.3818900365288417,0.03363636363636364,0.6727272727272726,0.10101010101010101,0.17202020202020205,0.9983389969133344,0.9874558694262189,0.36554746176203645,
2026090515,2000,100,100,candidate_b_exposure_oracle,True,0.997,6,0.21413740000000003,0.3831970772331125,0.03282828282828283,0.6565656565656566,0.10323232323232324,0.17111111111111113,0.998339638663696,0.9874607425913604,0.33195544476690525,
2026090516,2000,100,100,candidate_b_exposure_oracle,True,0.998,4,0.21980160000000004,0.39638365253879987,0.03474747474747475,0.6949494949494949,0.10303030303030303,0.17828282828282827,0.9983267051940936,0.9873636950234185,0.3611139972177291,
2026090517,2000,100,100,candidate_b_exposure_oracle,True,0.997,6,0.2135089000000001,0.38330144794926096,0.03313131313131313,0.6626262626262626,0.10262626262626262,0.17222222222222222,0.9983433305807313,0.9874883832822233,0.33714027628326115,
2026090518,2000,100,100,candidate_b_exposure_oracle,True,0.9965,7,0.21620630000000007,0.38925570002249166,0.03808080808080808,0.7616161616161615,0.10454545454545454,0.1807070707070707,0.998322485236068,0.987332020064516,0.3785550707915646,
2026090519,2000,100,100,candidate_b_exposure_oracle,True,0.9975,5,0.21006990000000014,0.3768819443804651,0.034545454545454546,0.6909090909090908,0.10686868686868686,0.17222222222222222,0.9983470343533162,0.9875162036116333,0.35373324533110717,
2026090520,2000,100,100,candidate_b_exposure_oracle,True,0.9995,1,0.2181881000000001,0.39202040763205176,0.03373737373737373,0.6747474747474748,0.10171717171717172,0.17373737373737372,0.9983284561426661,0.9873768237096905,0.31927986106690914,
2026090501,2000,100,100,candidate_c_opportunity,False,0.9965,7,0.22551300000000007,0.40462328158424105,0.03919191919191919,0.7838383838383838,0.11696969696969697,0.1919191919191919,0.9980093724210229,0.9849852178894521,0.16514231080830485,
2026090502,2000,100,100,candidate_c_opportunity,False,0.9965,7,0.23180160000000005,0.4165093036175783,0.03898989898989899,0.7797979797979798,0.12181818181818183,0.1968686868686869,0.9980059478842724,0.984959579599563,0.2216761049869798,
2026090503,2000,100,100,candidate_c_opportunity,False,0.998,4,0.2341236,0.4213312236234101,0.038181818181818185,0.7636363636363636,0.1202020202020202,0.19696969696969696,0.998015617738228,0.9850318988045135,0.17756283330646422,
2026090504,2000,100,100,candidate_c_opportunity,False,0.9935,13,0.2276863,0.407087214242845,0.03898989898989899,0.7797979797979798,0.1214141414141414,0.19666666666666666,0.9980238455178931,0.985093532576742,0.16474449609180436,
2026090505,2000,100,100,candidate_c_opportunity,False,0.9955,9,0.22964779999999996,0.41308594747340416,0.03808080808080808,0.7616161616161615,0.12090909090909091,0.19656565656565658,0.9980213057324053,0.9850745079604735,0.12443254420159384,
2026090506,2000,100,100,candidate_c_opportunity,False,0.9945,11,0.23208960000000012,0.4154996991575325,0.04090909090909091,0.8181818181818182,0.11898989898989898,0.19444444444444445,0.9980325894344988,0.9851590382003548,0.15912082601079133,
2026090507,2000,100,100,candidate_c_opportunity,False,0.995,10,0.22871520000000012,0.40953632317536864,0.0398989898989899,0.797979797979798,0.1194949494949495,0.19666666666666666,0.9980197646536887,0.9850629373735426,0.1582844131633431,
2026090508,2000,100,100,candidate_c_opportunity,False,0.997,6,0.23034489999999996,0.4149698784249286,0.03606060606060606,0.7212121212121211,0.1192929292929293,0.19474747474747475,0.998021855220999,0.9850786449593726,0.15894835117149067,
2026090509,2000,100,100,candidate_c_opportunity,False,0.996,8,0.2236663000000001,0.4007492981902775,0.03535353535353535,0.7070707070707071,0.11666666666666667,0.19505050505050503,0.9980126750192008,0.9850098973014991,0.1706670970036808,
2026090510,2000,100,100,candidate_c_opportunity,False,0.995,10,0.23687919999999996,0.4279252271133358,0.0394949494949495,0.7898989898989899,0.11545454545454545,0.19171717171717173,0.9980392656755391,0.985208943312985,0.1422142186048196,
2026090511,2000,100,100,candidate_c_opportunity,False,0.996,8,0.23012070000000007,0.4127468958090418,0.04070707070707071,0.814141414141414,0.12262626262626264,0.1970707070707071,0.9980064603991652,0.9849633949351193,0.16076063175669067,
2026090512,2000,100,100,candidate_c_opportunity,False,0.992,16,0.23634900000000014,0.42459392364940884,0.04070707070707071,0.814141414141414,0.11868686868686869,0.19939393939393937,0.9980072584967362,0.9849693991094851,0.15264260043180242,
2026090513,2000,100,100,candidate_c_opportunity,False,0.997,6,0.23234280000000007,0.4161730409336962,0.038686868686868686,0.7737373737373737,0.11666666666666667,0.18505050505050505,0.9980285476072556,0.9851286720348391,0.13222765946145065,
2026090514,2000,100,100,candidate_c_opportunity,False,0.9965,7,0.2307513000000001,0.41516261874113863,0.039696969696969696,0.7939393939393938,0.11525252525252526,0.19282828282828282,0.9980157127447137,0.9850326463800898,0.15816465241055605,
2026090515,2000,100,100,candidate_c_opportunity,False,0.9965,7,0.23049450000000005,0.41080408956094877,0.03858585858585859,0.7717171717171716,0.11898989898989898,0.19070707070707069,0.9980325989885267,0.9851590753901288,0.13817980695351667,
2026090516,2000,100,100,candidate_c_opportunity,False,0.998,4,0.23390520000000015,0.4208087451562764,0.03898989898989899,0.7797979797979798,0.11737373737373738,0.1988888888888889,0.998018202384606,0.9850513021723054,0.13398948630715443,
2026090517,2000,100,100,candidate_c_opportunity,False,0.9945,11,0.2310076000000001,0.4135214625627066,0.037676767676767677,0.7535353535353535,0.11565656565656565,0.19111111111111112,0.9980135128264872,0.985016195405548,0.14609619699324516,
2026090518,2000,100,100,candidate_c_opportunity,False,0.9955,9,0.2261744000000001,0.4075782133529711,0.04343434343434343,0.8686868686868687,0.1183838383838384,0.20070707070707072,0.9980136948532947,0.9850175155114309,0.17074336001813115,
2026090519,2000,100,100,candidate_c_opportunity,False,0.9955,9,0.22293760000000007,0.4011483516107227,0.040303030303030306,0.806060606060606,0.12303030303030303,0.19555555555555554,0.998027401508541,0.9851201195504984,0.15580720402482978,
2026090520,2000,100,100,candidate_c_opportunity,False,0.9985,3,0.23341610000000013,0.420666138404317,0.04,0.8,0.11848484848484848,0.19555555555555554,0.9980337843083332,0.9851679007443311,0.12660563278102685,
2026090501,2000,25%,100,true_random,False,1.0,0,0.09808130000000004,0.17389652095427327,0.24878787878787878,0.9951515151515151,0.5742828282828283,0.7514747474747475,1.0,0.9999999999999999,,
2026090502,2000,25%,100,true_random,False,1.0,0,0.09801998000000012,0.17456689262285674,0.2508686868686869,1.0034747474747476,0.5740808080808081,0.7524040404040404,1.0,0.9999999999999999,,
2026090503,2000,25%,100,true_random,False,1.0,0,0.09820735999999997,0.1740896320864629,0.25032323232323234,1.0012929292929293,0.5748484848484848,0.7530707070707071,1.0,0.9999999999999999,,
2026090504,2000,25%,100,true_random,False,1.0,0,0.09536520000000004,0.16892128344291016,0.24713131313131315,0.9885252525252526,0.5727474747474748,0.7516161616161616,1.0,0.9999999999999999,,
2026090505,2000,25%,100,true_random,False,1.0,0,0.09446310000000002,0.1680428516777789,0.25018181818181817,1.0007272727272727,0.5721616161616161,0.7512929292929293,1.0,0.9999999999999999,,
2026090506,2000,25%,100,true_random,False,1.0,0,0.0952423200000001,0.16924302053556006,0.248,0.992,0.5728484848484848,0.7513737373737374,1.0,0.9999999999999999,,
2026090507,2000,25%,100,true_random,False,1.0,0,0.09853873999999996,0.1743100685560074,0.24955555555555556,0.9982222222222222,0.5712727272727273,0.7520404040404041,1.0,0.9999999999999999,,
2026090508,2000,25%,100,true_random,False,1.0,0,0.09845532000000001,0.17442935532759385,0.2506060606060606,1.0024242424242424,0.574040404040404,0.7511515151515152,1.0,0.9999999999999999,,
2026090509,2000,25%,100,true_random,False,1.0,0,0.09829982000000004,0.1745714753331712,0.24975757575757576,0.999030303030303,0.573030303030303,0.7518585858585858,1.0,0.9999999999999999,,
2026090510,2000,25%,100,true_random,False,1.0,0,0.09773129999999997,0.17377226476051924,0.24943434343434343,0.9977373737373737,0.5704646464646465,0.750989898989899,1.0,0.9999999999999999,,
2026090511,2000,25%,100,true_random,False,1.0,0,0.09616767999999998,0.17179988358552517,0.2506060606060606,1.0024242424242424,0.5741010101010101,0.7527070707070708,1.0,0.9999999999999999,,
2026090512,2000,25%,100,true_random,False,1.0,0,0.09773512000000006,0.17345892885637224,0.2516969696969697,1.0067878787878788,0.5705656565656565,0.751030303030303,1.0,0.9999999999999999,,
2026090513,2000,25%,100,true_random,False,1.0,0,0.0985758000000001,0.17427793893663077,0.24915151515151515,0.9966060606060606,0.5726464646464646,0.7500606060606061,1.0,0.9999999999999999,,
2026090514,2000,25%,100,true_random,False,1.0,0,0.09503733999999997,0.1694886426873494,0.2543434343434343,1.0173737373737373,0.5742424242424242,0.7509494949494949,1.0,0.9999999999999999,,
2026090515,2000,25%,100,true_random,False,1.0,0,0.09707414000000014,0.17178591327579804,0.24806060606060606,0.9922424242424243,0.5716161616161616,0.7522424242424242,1.0,0.9999999999999999,,
2026090516,2000,25%,100,true_random,False,1.0,0,0.09574097999999998,0.17054735412781988,0.2507474747474748,1.002989898989899,0.5712929292929293,0.7512929292929293,1.0,0.9999999999999999,,
2026090517,2000,25%,100,true_random,False,1.0,0,0.09743385999999998,0.17261749621634537,0.2489090909090909,0.9956363636363637,0.5752121212121212,0.7532121212121212,1.0,0.9999999999999999,,
2026090518,2000,25%,100,true_random,False,1.0,0,0.10077007999999998,0.1788049216324875,0.25296969696969696,1.0118787878787878,0.5714747474747475,0.7525656565656567,1.0,0.9999999999999999,,
2026090519,2000,25%,100,true_random,False,1.0,0,0.09458712000000014,0.16854672942540297,0.2501414141414141,1.0005656565656564,0.5707070707070707,0.7514747474747475,1.0,0.9999999999999999,,
2026090520,2000,25%,100,true_random,False,1.0,0,0.09787064000000001,0.17367095324204332,0.24882828282828284,0.9953131313131314,0.5715353535353536,0.7510101010101009,1.0,0.9999999999999999,,
2026090501,2000,25%,100,candidate_a_recency_oracle,True,1.0,0,0.08245111999999999,0.146352997919414,0.18634343434343434,0.7453737373737374,0.5311515151515152,0.7483030303030304,0.9970243773245774,0.9776407941100125,0.16819788065748045,
2026090502,2000,25%,100,candidate_a_recency_oracle,True,1.0,0,0.08326853999999995,0.14809186338215885,0.18676767676767675,0.747070707070707,0.5297777777777778,0.7486666666666666,0.9970234466943989,0.9776339256210627,0.19410999303421606,
2026090503,2000,25%,100,candidate_a_recency_oracle,True,1.0,0,0.08321975999999998,0.1474096333351386,0.18583838383838383,0.7433535353535353,0.5316363636363637,0.7513131313131313,0.9970163293170391,0.9775810232186453,0.16672802497134898,
2026090504,2000,25%,100,candidate_a_recency_oracle,True,1.0,0,0.07998926000000006,0.1423797738444615,0.18583838383838383,0.7433535353535353,0.5294949494949495,0.749030303030303,0.9970279269212494,0.9776672428312293,0.1611021382763493,
2026090505,2000,25%,100,candidate_a_recency_oracle,True,1.0,0,0.08073232000000008,0.14328712433432392,0.18688888888888888,0.7475555555555555,0.529878787878788,0.7488888888888889,0.9970296583480251,0.977680058222098,0.1650854215997519,
2026090506,2000,25%,100,candidate_a_recency_oracle,True,1.0,0,0.08077232000000012,0.1434043235052556,0.18446464646464647,0.7378585858585859,0.5297777777777778,0.7506464646464647,0.9970313420018403,0.9776925789735337,0.21285211565248963,
2026090507,2000,25%,100,candidate_a_recency_oracle,True,1.0,0,0.08308740000000014,0.14769698710535703,0.18468686868686868,0.7387474747474747,0.5288282828282829,0.750080808080808,0.9970295751053626,0.9776794681037544,0.22282452064706515,
2026090508,2000,25%,100,candidate_a_recency_oracle,True,1.0,0,0.08199690000000004,0.145294184329587,0.18753535353535353,0.7501414141414141,0.5308686868686869,0.7492525252525253,0.9970258780755448,0.9776520037699014,0.20877654815567576,
2026090509,2000,25%,100,candidate_a_recency_oracle,True,1.0,0,0.08205700000000005,0.14615060725156087,0.1848080808080808,0.7392323232323232,0.5271111111111112,0.7482828282828282,0.9970310999409984,0.9776908344702255,0.22132828157701132,
2026090510,2000,25%,100,candidate_a_recency_oracle,True,1.0,0,0.08188583999999999,0.1457834009755569,0.18555555555555556,0.7422222222222222,0.5281616161616162,0.749090909090909,0.9970299233977932,0.9776820455165136,0.19469325938405313,
2026090511,2000,25%,100,candidate_a_recency_oracle,True,1.0,0,0.08168816000000012,0.14616702774565815,0.18624242424242424,0.744969696969697,0.5302626262626263,0.7510101010101009,0.997023889387215,0.9776372385771023,0.1812300440099409,
2026090512,2000,25%,100,candidate_a_recency_oracle,True,1.0,0,0.08348700000000009,0.14820526306444046,0.18709090909090909,0.7483636363636363,0.5286464646464647,0.7487474747474748,0.9970303635249829,0.9776853240650044,0.15302171754177385,
2026090513,2000,25%,100,candidate_a_recency_oracle,True,1.0,0,0.08344444000000006,0.14765906677207463,0.18650505050505048,0.7460202020202019,0.5287878787878788,0.7491111111111112,0.9970289666808994,0.9776749253826251,0.20073760600515153,
2026090514,2000,25%,100,candidate_a_recency_oracle,True,1.0,0,0.08104515999999995,0.14416657032752078,0.19044444444444444,0.7617777777777778,0.5292727272727273,0.7476969696969697,0.9970220059021903,0.977623280581661,0.195576896809573,
2026090515,2000,25%,100,candidate_a_recency_oracle,True,1.0,0,0.08051176000000004,0.1429965034537558,0.18498989898989898,0.7399595959595959,0.5285656565656566,0.7498383838383837,0.9970307833733131,0.9776884591756929,0.20026852006689325,
2026090516,2000,25%,100,candidate_a_recency_oracle,True,1.0,0,0.08050117999999995,0.14316424134538625,0.18765656565656566,0.7506262626262626,0.5281616161616162,0.7511111111111111,0.9970271305769117,0.9776612525959072,0.17044195295138087,
2026090517,2000,25%,100,candidate_a_recency_oracle,True,1.0,0,0.08122282000000003,0.1442553291909869,0.1838989898989899,0.7355959595959596,0.5307474747474747,0.7504242424242424,0.9970299629089422,0.9776823131898308,0.21166986597063842,
2026090518,2000,25%,100,candidate_a_recency_oracle,True,1.0,0,0.08342120000000008,0.1483455425686933,0.1884242424242424,0.7536969696969696,0.5264242424242425,0.749010101010101,0.9970312795133615,0.9776921293383576,0.22155195401921626,
2026090519,2000,25%,100,candidate_a_recency_oracle,True,1.0,0,0.07936063999999998,0.14208729710991055,0.18632323232323234,0.7452929292929293,0.5261212121212121,0.7481212121212122,0.9970365269920575,0.9777311541673018,0.16965025276611273,
2026090520,2000,25%,100,candidate_a_recency_oracle,True,1.0,0,0.08221122000000003,0.14617797371697283,0.18573737373737376,0.742949494949495,0.5274747474747474,0.7494343434343435,0.9970309769548106,0.9776899129519072,0.206729202620621,
2026090501,2000,25%,100,candidate_b_exposure_oracle,True,1.0,0,0.0607520800000001,0.1081480466767662,0.1950707070707071,0.7802828282828284,0.519979797979798,0.7395353535353535,0.9947365888343911,0.960795773633837,0.3468151773686585,
2026090502,2000,25%,100,candidate_b_exposure_oracle,True,1.0,0,0.062067340000000026,0.1109017583269084,0.196020202020202,0.784080808080808,0.5207878787878788,0.7388484848484849,0.994712049510515,0.9606166721593113,0.35312503099099424,
2026090503,2000,25%,100,candidate_b_exposure_oracle,True,1.0,0,0.06127543999999996,0.10882646736892639,0.19363636363636366,0.7745454545454546,0.5206666666666666,0.7404242424242425,0.9947381851128962,0.9608073334494296,0.35265587980737734,
2026090504,2000,25%,100,candidate_b_exposure_oracle,True,1.0,0,0.060187259999999965,0.10727907531294255,0.19335353535353536,0.7734141414141414,0.5199191919191919,0.7395353535353535,0.9947607772685827,0.960972170956849,0.33011005310499264,
2026090505,2000,25%,100,candidate_b_exposure_oracle,True,1.0,0,0.06010912000000013,0.10697289376285939,0.19422222222222224,0.776888888888889,0.5196969696969698,0.7392929292929292,0.9947844828923157,0.9611453269506566,0.3160628595678669,
2026090506,2000,25%,100,candidate_b_exposure_oracle,True,1.0,0,0.05908894000000009,0.10537551897855593,0.19335353535353536,0.7734141414141414,0.5196161616161616,0.7391717171717171,0.9948353242271186,0.9615165529566267,0.3596867944908459,
2026090507,2000,25%,100,candidate_b_exposure_oracle,True,1.0,0,0.061209280000000144,0.1092446795043127,0.1948888888888889,0.7795555555555556,0.5192727272727273,0.7393535353535353,0.9947770846749883,0.9610911769259174,0.3761020003548629,
2026090508,2000,25%,100,candidate_b_exposure_oracle,True,1.0,0,0.06140202000000006,0.1092446795043127,0.19555555555555554,0.7822222222222222,0.5203434343434343,0.7385050505050504,0.994768617300286,0.9610297540188477,0.3422982266702419,
2026090509,2000,25%,100,candidate_b_exposure_oracle,True,1.0,0,0.06063242000000013,0.10795554640684285,0.1921212121212121,0.7684848484848484,0.5175151515151515,0.7371717171717173,0.9948102287912612,0.9613334519952885,0.37247373671545764,
2026090510,2000,25%,100,candidate_b_exposure_oracle,True,1.0,0,0.06116332000000013,0.10906145056801693,0.1937777777777778,0.7751111111111112,0.5186060606060606,0.7388484848484849,0.994806103655605,0.9613031102929956,0.3566693980235881,
2026090511,2000,25%,100,candidate_b_exposure_oracle,True,1.0,0,0.05930659999999999,0.10614706778804585,0.194020202020202,0.776080808080808,0.5190707070707071,0.7400000000000001,0.9947784641739648,0.9611011590071762,0.3348857078686446,
2026090512,2000,25%,100,candidate_b_exposure_oracle,True,1.0,0,0.06164146000000015,0.10973422437872334,0.1955959595959596,0.7823838383838384,0.5191919191919192,0.7375151515151515,0.994771119442059,0.9610476276799946,0.33075692885646363,
2026090513,2000,25%,100,candidate_b_exposure_oracle,True,1.0,0,0.06168401999999995,0.10985809028014276,0.19591919191919194,0.7836767676767677,0.5194949494949495,0.7371313131313131,0.994763674746322,0.960993369857393,0.3652364166346814,
2026090514,2000,25%,100,candidate_b_exposure_oracle,True,1.0,0,0.06041450000000004,0.10748767371191917,0.19791919191919194,0.7916767676767678,0.5194141414141414,0.7374545454545454,0.9947668611581628,0.9610165935059787,0.3759660156770443,
2026090515,2000,25%,100,candidate_b_exposure_oracle,True,1.0,0,0.06026556000000016,0.10727161786791509,0.19424242424242424,0.776969696969697,0.5185050505050505,0.7395151515151516,0.9947776373318636,0.961095348774261,0.3507510874275505,
2026090516,2000,25%,100,candidate_b_exposure_oracle,True,1.0,0,0.06070418000000011,0.10851727973000429,0.19484848484848483,0.7793939393939393,0.5182424242424243,0.739939393939394,0.9947634952859545,0.9609922465476401,0.3462439315672063,
2026090517,2000,25%,100,candidate_b_exposure_oracle,True,1.0,0,0.06091740000000012,0.10845828691252687,0.1918989898989899,0.7675959595959596,0.5204646464646465,0.7400808080808081,0.994790759086216,0.9611913121664881,0.38360565335124713,
2026090518,2000,25%,100,candidate_b_exposure_oracle,True,1.0,0,0.061797260000000076,0.10985809028014276,0.1973131313131313,0.7892525252525252,0.5174343434343435,0.7379393939393939,0.9947763370309776,0.9610856264230366,0.3768751144891649,
2026090519,2000,25%,100,candidate_b_exposure_oracle,True,1.0,0,0.05847748000000008,0.10478167778767432,0.19426262626262625,0.777050505050505,0.517090909090909,0.7382222222222222,0.9948183988088488,0.961392618011571,0.3574377607604345,
2026090520,2000,25%,100,candidate_b_exposure_oracle,True,1.0,0,0.06068267999999999,0.1080518394105348,0.19551515151515153,0.7820606060606061,0.518,0.7386666666666667,0.9947942757181103,0.9612167870493766,0.36438233305638,
2026090501,2000,25%,100,candidate_c_opportunity,False,1.0,0,0.07874686000000009,0.13971399357258385,0.2177171717171717,0.8708686868686868,0.5457979797979798,0.745010101010101,0.9980093724210229,0.9849852178894521,0.2710106150841476,
2026090502,2000,25%,100,candidate_c_opportunity,False,1.0,0,0.07877528000000011,0.14022268004855706,0.21884848484848485,0.8753939393939394,0.5458181818181819,0.7443434343434343,0.9980059478842724,0.984959579599563,0.2523904784468158,
2026090503,2000,25%,100,candidate_c_opportunity,False,1.0,0,0.07919074000000004,0.1406840431605518,0.2174949494949495,0.869979797979798,0.5468484848484848,0.7465454545454545,0.998015617738228,0.9850318988045135,0.2507263986875393,
2026090504,2000,25%,100,candidate_c_opportunity,False,1.0,0,0.07627147999999995,0.13524496293762664,0.21682828282828284,0.8673131313131314,0.545979797979798,0.7457777777777778,0.9980238455178931,0.985093532576742,0.2476454323905784,
2026090505,2000,25%,100,candidate_c_opportunity,False,1.0,0,0.07579926000000015,0.13474717065675257,0.21903030303030305,0.8761212121212122,0.5454747474747474,0.7453131313131314,0.9980213057324053,0.9850745079604735,0.21090545688258985,
2026090506,2000,25%,100,candidate_c_opportunity,False,1.0,0,0.07710904000000007,0.13697299003818234,0.2173939393939394,0.8695757575757576,0.544909090909091,0.7460404040404041,0.9980325894344988,0.9851590382003548,0.2670677336461813,
2026090507,2000,25%,100,candidate_c_opportunity,False,1.0,0,0.07868841999999998,0.1399657100864351,0.21826262626262627,0.8730505050505051,0.5432929292929293,0.7441212121212122,0.9980197646536887,0.9850629373735426,0.2960523038391378,
2026090508,2000,25%,100,candidate_c_opportunity,False,1.0,0,0.0786436800000001,0.1393872304050841,0.21933333333333332,0.8773333333333333,0.5459191919191919,0.7441414141414141,0.998021855220999,0.9850786449593726,0.277937154087949,
2026090509,2000,25%,100,candidate_c_opportunity,False,1.0,0,0.07886736000000005,0.14057026712644463,0.2166060606060606,0.8664242424242424,0.5441212121212121,0.7435959595959596,0.9980126750192008,0.9850098973014991,0.2763849269357082,
2026090510,2000,25%,100,candidate_c_opportunity,False,1.0,0,0.07832718000000005,0.13994284547628721,0.21880808080808078,0.8752323232323231,0.5442020202020202,0.7447878787878788,0.9980392656755391,0.985208943312985,0.28115044944948386,
2026090511,2000,25%,100,candidate_c_opportunity,False,1.0,0,0.07637000000000005,0.13621747318167374,0.21852525252525254,0.8741010101010102,0.5456565656565657,0.7453333333333333,0.9980064603991652,0.9849633949351193,0.23239494723200832,
2026090512,2000,25%,100,candidate_c_opportunity,False,1.0,0,0.07949790000000001,0.14103616557464968,0.21973737373737376,0.878949494949495,0.5432525252525253,0.7455959595959597,0.9980072584967362,0.9849693991094851,0.23311676520829533,
2026090513,2000,25%,100,candidate_c_opportunity,False,1.0,0,0.07955438000000004,0.14084317519851644,0.21864646464646464,0.8745858585858586,0.544989898989899,0.7433737373737374,0.9980285476072556,0.9851286720348391,0.28438898271380936,
2026090514,2000,25%,100,candidate_c_opportunity,False,1.0,0,0.0777734000000001,0.13833293172632466,0.2237171717171717,0.8948686868686868,0.5471717171717172,0.74410101010101,0.9980157127447137,0.9850326463800898,0.2871236260624904,
2026090515,2000,25%,100,candidate_c_opportunity,False,1.0,0,0.07758105999999998,0.13747436124601561,0.21785858585858586,0.8714343434343435,0.5443434343434344,0.7455757575757576,0.9980325989885267,0.9851590753901288,0.25252479036517345,
2026090516,2000,25%,100,candidate_c_opportunity,False,1.0,0,0.07814933999999996,0.13916321353001304,0.21973737373737376,0.878949494949495,0.5431515151515152,0.7462626262626262,0.998018202384606,0.9850513021723054,0.2634172131360429,
2026090517,2000,25%,100,candidate_c_opportunity,False,1.0,0,0.07783814000000011,0.1385467430147674,0.21630303030303033,0.8652121212121213,0.546969696969697,0.746,0.9980135128264872,0.985016195405548,0.2944959372131772,
2026090518,2000,25%,100,candidate_c_opportunity,False,1.0,0,0.08075560000000004,0.14362729545598218,0.22113131313131312,0.8845252525252525,0.5438787878787879,0.7455555555555555,0.9980136948532947,0.9850175155114309,0.2975292752547519,
2026090519,2000,25%,100,candidate_c_opportunity,False,1.0,0,0.07524644000000014,0.13443213901444848,0.21882828282828284,0.8753131313131314,0.5424444444444444,0.7438383838383839,0.998027401508541,0.9851201195504984,0.2538994719840605,
2026090520,2000,25%,100,candidate_c_opportunity,False,1.0,0,0.07925652000000016,0.14070110163037103,0.21858585858585858,0.8743434343434343,0.5421212121212121,0.7451515151515151,0.9980337843083332,0.9851679007443311,0.26442100844637867,
2026090501,2000,50%,100,true_random,False,1.0,0,0.056429360000000095,0.09984187498239404,0.5002525252525253,1.0005050505050506,0.8706363636363637,0.9607070707070707,1.0,0.9999999999999999,,
2026090502,2000,50%,100,true_random,False,1.0,0,0.05620322,0.10000999950004999,0.49923232323232325,0.9984646464646465,0.8697373737373737,0.9604545454545453,1.0,0.9999999999999999,,
2026090503,2000,50%,100,true_random,False,1.0,0,0.05464071000000015,0.09698659701216451,0.5000606060606061,1.0001212121212122,0.8704444444444445,0.9606767676767677,1.0,0.9999999999999999,,
2026090504,2000,50%,100,true_random,False,1.0,0,0.05580850000000015,0.09909994954590039,0.498989898989899,0.997979797979798,0.8701919191919192,0.9609090909090908,1.0,0.9999999999999999,,
2026090505,2000,50%,100,true_random,False,1.0,0,0.05497072999999997,0.0978304656024901,0.5000909090909091,1.0001818181818183,0.8698282828282828,0.960919191919192,1.0,0.9999999999999999,,
2026090506,2000,50%,100,true_random,False,1.0,0,0.053907590000000116,0.09588326235584603,0.5005050505050505,1.001010101010101,0.8691111111111112,0.9604848484848484,1.0,0.9999999999999999,,
2026090507,2000,50%,100,true_random,False,1.0,0,0.05515470000000011,0.09801428467320465,0.49957575757575756,0.9991515151515151,0.8701010101010102,0.9605757575757575,1.0,0.9999999999999999,,
2026090508,2000,50%,100,true_random,False,1.0,0,0.05480423000000001,0.09725224933131367,0.49764646464646467,0.9952929292929293,0.871,0.9607777777777777,1.0,0.9999999999999999,,
2026090509,2000,50%,100,true_random,False,1.0,0,0.05652612999999995,0.10064591397568011,0.5006464646464647,1.0012929292929293,0.8689696969696971,0.9605858585858585,1.0,0.9999999999999999,,
2026090510,2000,50%,100,true_random,False,1.0,0,0.05709218000000016,0.10178212023729906,0.5001111111111112,1.0002222222222223,0.8693838383838384,0.9607474747474748,1.0,0.9999999999999999,,
2026090511,2000,50%,100,true_random,False,1.0,0,0.056006310000000115,0.09928141820099066,0.500030303030303,1.000060606060606,0.8704040404040404,0.9601818181818181,1.0,0.9999999999999999,,
2026090512,2000,50%,100,true_random,False,1.0,0,0.05761569,0.10255925116731303,0.5023838383838384,1.0047676767676768,0.8685151515151516,0.9602727272727272,1.0,0.9999999999999999,,
2026090513,2000,50%,100,true_random,False,1.0,0,0.057189060000000014,0.10159921259537398,0.49979797979797974,0.9995959595959595,0.8699494949494949,0.9609595959595959,1.0,0.9999999999999999,,
2026090514,2000,50%,100,true_random,False,1.0,0,0.05668808999999997,0.10051666528491682,0.500010101010101,1.000020202020202,0.8692121212121213,0.9612020202020202,1.0,0.9999999999999999,,
2026090515,2000,50%,100,true_random,False,1.0,0,0.055552040000000025,0.09841138145560198,0.4991212121212121,0.9982424242424242,0.8704747474747475,0.9608282828282828,1.0,0.9999999999999999,,
2026090516,2000,50%,100,true_random,False,1.0,0,0.0554527600000001,0.09859614596930248,0.5014242424242424,1.0028484848484849,0.8686666666666667,0.9605555555555555,1.0,0.9999999999999999,,
2026090517,2000,50%,100,true_random,False,1.0,0,0.05646452999999996,0.09978376621475059,0.5012020202020202,1.0024040404040404,0.8692626262626263,0.9605050505050505,1.0,0.9999999999999999,,
2026090518,2000,50%,100,true_random,False,1.0,0,0.05544764000000013,0.09886961110472722,0.500909090909091,1.001818181818182,0.8698282828282828,0.9603838383838385,1.0,0.9999999999999999,,
2026090519,2000,50%,100,true_random,False,1.0,0,0.05591217000000004,0.09937806599043876,0.501010101010101,1.002020202020202,0.8696969696969696,0.9606868686868687,1.0,0.9999999999999999,,
2026090520,2000,50%,100,true_random,False,1.0,0,0.054921650000000044,0.09765244492586962,0.5006464646464647,1.0012929292929293,0.8692323232323232,0.9602121212121212,1.0,0.9999999999999999,,
2026090501,2000,50%,100,candidate_a_recency_oracle,True,1.0,0,0.04872789000000011,0.0864152764272614,0.4460606060606061,0.8921212121212122,0.8814646464646465,0.9741919191919192,0.9978786598535698,0.9840138868451236,0.12152844751422491,
2026090502,2000,50%,100,candidate_a_recency_oracle,True,1.0,0,0.047976220000000014,0.08537212659879101,0.4442323232323232,0.8884646464646464,0.8824242424242424,0.9744747474747475,0.9978861988434877,0.984070084638156,0.14068008723277095,
2026090503,2000,50%,100,candidate_a_recency_oracle,True,1.0,0,0.046657680000000035,0.08271638289964085,0.44482828282828285,0.8896565656565657,0.8818888888888889,0.9745151515151516,0.9978810582369252,0.9840319067614759,0.12292151967626762,
2026090504,2000,50%,100,candidate_a_recency_oracle,True,1.0,0,0.047760040000000004,0.08513283737782971,0.4437575757575758,0.8875151515151516,0.8812727272727272,0.9745151515151516,0.9978888567410688,0.9840902681060796,0.13991091123130062,
2026090505,2000,50%,100,candidate_a_recency_oracle,True,1.0,0,0.0481721100000001,0.08561308311233745,0.4444242424242424,0.8888484848484848,0.8817878787878788,0.9743737373737373,0.9978831931230058,0.984047548049107,0.10413195096879423,
2026090506,2000,50%,100,candidate_a_recency_oracle,True,1.0,0,0.04647625,0.08261961026293939,0.4449393939393939,0.8898787878787878,0.8808181818181819,0.9747575757575758,0.9978850653921895,0.9840617234636804,0.14908314062824682,
2026090507,2000,50%,100,candidate_a_recency_oracle,True,1.0,0,0.04736939000000007,0.0841641253741759,0.44386868686868686,0.8877373737373737,0.8811313131313131,0.9740909090909091,0.997877338592312,0.984004168050155,0.1359891351304289,
2026090508,2000,50%,100,candidate_a_recency_oracle,True,1.0,0,0.04693073000000014,0.08338105300366505,0.4436262626262626,0.8872525252525252,0.8821414141414142,0.974939393939394,0.9978878397061081,0.9840826684720632,0.1533579222605442,
2026090509,2000,50%,100,candidate_a_recency_oracle,True,1.0,0,0.04888402000000003,0.08707008671179788,0.4448585858585859,0.8897171717171718,0.8813434343434343,0.9745656565656565,0.9978774678685075,0.9840051771855377,0.1501069312372479,
2026090510,2000,50%,100,candidate_a_recency_oracle,True,1.0,0,0.048722359999999965,0.08666948713359275,0.4452121212121212,0.8904242424242425,0.8807676767676768,0.9744343434343433,0.9978834940524284,0.9840500712509583,0.16724925839874621,
2026090511,2000,50%,100,candidate_a_recency_oracle,True,1.0,0,0.049097100000000005,0.0871688017584273,0.44557575757575757,0.8911515151515151,0.8812828282828283,0.9737979797979797,0.9978740518381976,0.9839793481687583,0.12998262295937354,
2026090512,2000,50%,100,candidate_a_recency_oracle,True,1.0,0,0.04842875000000002,0.08617888372449484,0.44683838383838387,0.8936767676767677,0.8807575757575759,0.9741313131313131,0.9978715025487872,0.9839603915183777,0.12743302766909492,
2026090513,2000,50%,100,candidate_a_recency_oracle,True,1.0,0,0.04969904000000014,0.08807496806698258,0.44357575757575757,0.8871515151515151,0.8814545454545454,0.9748686868686869,0.9978840702645791,0.9840545447049581,0.13741733815486684,
2026090514,2000,50%,100,candidate_a_recency_oracle,True,1.0,0,0.048606979999999966,0.08645461236972843,0.4454949494949495,0.890989898989899,0.8804242424242424,0.9743030303030303,0.9978795859271362,0.9840209331298553,0.1735524363599104,
2026090515,2000,50%,100,candidate_a_recency_oracle,True,1.0,0,0.04746249999999996,0.08415699614411151,0.4437474747474747,0.8874949494949494,0.8816868686868687,0.9746161616161616,0.9978860900508196,0.9840693086948745,0.15836516226394806,
2026090516,2000,50%,100,candidate_a_recency_oracle,True,1.0,0,0.04709297999999995,0.08383793890596308,0.4462020202020202,0.8924040404040404,0.8800101010101009,0.9743232323232323,0.9978777246461253,0.9840068439532029,0.1118986501245272,
2026090517,2000,50%,100,candidate_a_recency_oracle,True,1.0,0,0.04826934000000005,0.08542365012102912,0.44557575757575757,0.8911515151515151,0.8807272727272728,0.974070707070707,0.9978772384915312,0.9840032616368569,0.126227813898025,
2026090518,2000,50%,100,candidate_a_recency_oracle,True,1.0,0,0.04747038999999997,0.08456713309554724,0.444959595959596,0.889919191919192,0.8815656565656567,0.9738585858585858,0.9978769660073279,0.9840011745370583,0.13554802490720996,
2026090519,2000,50%,100,candidate_a_recency_oracle,True,1.0,0,0.04810108000000013,0.08532526003476346,0.44622222222222224,0.8924444444444445,0.8812020202020202,0.9745454545454546,0.9978808336492493,0.9840301244745281,0.13362199930363514,
2026090520,2000,50%,100,candidate_a_recency_oracle,True,1.0,0,0.04814654000000007,0.08528305810651961,0.44546464646464645,0.8909292929292929,0.8808484848484849,0.9741313131313131,0.9978765785143731,0.9839982343311107,0.13780453647661764,
2026090501,2000,50%,100,candidate_b_exposure_oracle,True,1.0,0,0.02872037999999999,0.05118202809580723,0.4432929292929293,0.8865858585858586,0.880020202020202,0.9782323232323232,0.9940620666753048,0.9558831942836734,0.3646707773551804,
2026090502,2000,50%,100,candidate_b_exposure_oracle,True,1.0,0,0.028869020000000134,0.051516987489565035,0.4416666666666667,0.8833333333333334,0.8808080808080808,0.978010101010101,0.994061129957753,0.9558764548643872,0.3709011208885168,
2026090503,2000,50%,100,candidate_b_exposure_oracle,True,1.0,0,0.028322069999999977,0.05058458263146984,0.44265656565656564,0.8853131313131313,0.8806363636363637,0.9777171717171717,0.9940559980938402,0.9558389218543999,0.3660243417047425,
2026090504,2000,50%,100,candidate_b_exposure_oracle,True,1.0,0,0.02838943000000005,0.050762190654068506,0.44106060606060604,0.8821212121212121,0.8813535353535354,0.9781616161616161,0.9941017784359762,0.9561713944218159,0.3677184975796242,
2026090505,2000,50%,100,candidate_b_exposure_oracle,True,1.0,0,0.028565050000000092,0.05091954438130805,0.4421919191919192,0.8843838383838384,0.8804545454545455,0.9778484848484849,0.9940875097947474,0.9560680050695679,0.34112677075794096,
2026090506,2000,50%,100,candidate_b_exposure_oracle,True,1.0,0,0.027729820000000016,0.04941254901338323,0.4418383838383838,0.8836767676767676,0.8803434343434343,0.9782525252525252,0.9941043678817576,0.9561905387424521,0.3582413431679412,
2026090507,2000,50%,100,candidate_b_exposure_oracle,True,1.0,0,0.028015880000000104,0.05000799936010238,0.44142424242424244,0.8828484848484849,0.8800101010101009,0.9778282828282827,0.9940744110744594,0.9559723894616659,0.3751703892832179,
2026090508,2000,50%,100,candidate_b_exposure_oracle,True,1.0,0,0.02781747000000001,0.04973127788424504,0.4413535353535354,0.8827070707070708,0.8813434343434343,0.977989898989899,0.9941028657741107,0.9561794310209435,0.3817342381255113,
2026090509,2000,50%,100,candidate_b_exposure_oracle,True,1.0,0,0.02890780000000004,0.05184592558726288,0.44234343434343437,0.8846868686868687,0.879979797979798,0.9781313131313131,0.9940237676253504,0.9556051676615442,0.38410563254277597,
2026090510,2000,50%,100,candidate_b_exposure_oracle,True,1.0,0,0.028769060000000124,0.0513186126079028,0.44282828282828285,0.8856565656565657,0.8796565656565657,0.97810101010101,0.9941240976352546,0.9563336338776497,0.3692607295586369,
2026090511,2000,50%,100,candidate_b_exposure_oracle,True,1.0,0,0.0291672300000001,0.052115256883181534,0.440959595959596,0.881919191919192,0.8805555555555555,0.977989898989899,0.9940577552137,0.9558515610941476,0.3723617628197845,
2026090512,2000,50%,100,candidate_b_exposure_oracle,True,1.0,0,0.028513140000000048,0.05099411730778365,0.4447878787878788,0.8895757575757576,0.879010101010101,0.9778989898989898,0.9940673869327656,0.9559219988043383,0.3694575277570916,
2026090513,2000,50%,100,candidate_b_exposure_oracle,True,1.0,0,0.029061310000000118,0.05186135362676142,0.4416666666666667,0.8833333333333334,0.8804141414141414,0.9782727272727273,0.9940769224055073,0.955990677587262,0.37371965790783096,
2026090514,2000,50%,100,candidate_b_exposure_oracle,True,1.0,0,0.02869294,0.05113120378007935,0.44342424242424244,0.8868484848484849,0.878989898989899,0.978070707070707,0.9940968390949254,0.9561356848436167,0.40829110402197677,
2026090515,2000,50%,100,candidate_b_exposure_oracle,True,1.0,0,0.02808396000000002,0.050279220359906146,0.44163636363636366,0.8832727272727273,0.8806767676767676,0.9777777777777777,0.9941285437203016,0.9563661400012982,0.36690540999298954,
2026090516,2000,50%,100,candidate_b_exposure_oracle,True,1.0,0,0.027737239999999996,0.0494489635887346,0.44265656565656564,0.8853131313131313,0.8791616161616163,0.9776060606060606,0.9940757162042254,0.9559826284812776,0.3411948715938227,
2026090517,2000,50%,100,candidate_b_exposure_oracle,True,1.0,0,0.02854284000000007,0.05079370039680118,0.44224242424242427,0.8844848484848485,0.8797474747474747,0.9777070707070706,0.9940463326179837,0.9557689626038666,0.36103891392277493,
2026090518,2000,50%,100,candidate_b_exposure_oracle,True,1.0,0,0.028176100000000037,0.05041825066382212,0.44327272727272726,0.8865454545454545,0.8794242424242424,0.9773939393939394,0.9940927473194767,0.9561058220558458,0.36398930755356956,
2026090519,2000,50%,100,candidate_b_exposure_oracle,True,1.0,0,0.028960910000000117,0.05163332257370234,0.442989898989899,0.885979797979798,0.8793636363636363,0.9782121212121212,0.9940993045368133,0.9561534755523684,0.37765847583012213,
2026090520,2000,50%,100,candidate_b_exposure_oracle,True,1.0,0,0.028482630000000064,0.05072671879788796,0.444,0.888,0.8795353535353535,0.977080808080808,0.9940714093778399,0.9559510085898837,0.35960713008806316,
2026090501,2000,50%,100,candidate_c_opportunity,False,1.0,0,0.04306856999999997,0.07637015123724714,0.476050505050505,0.95210101010101,0.8725151515151516,0.9679898989898991,0.9980093724210229,0.9849852178894521,0.22163398178152302,
2026090502,2000,50%,100,candidate_c_opportunity,False,1.0,0,0.042883369999999976,0.07642774365372826,0.4741313131313131,0.9482626262626263,0.8732020202020202,0.9681414141414142,0.9980059478842724,0.984959579599563,0.23959949095748811,
2026090503,2000,50%,100,candidate_c_opportunity,False,1.0,0,0.04210349000000013,0.07487856836238257,0.47575757575757577,0.9515151515151515,0.8725050505050506,0.9682626262626263,0.998015617738228,0.9850318988045135,0.20553515462803204,
2026090504,2000,50%,100,candidate_c_opportunity,False,1.0,0,0.043408770000000096,0.07730976652402981,0.4731212121212121,0.9462424242424242,0.8732727272727272,0.9683636363636363,0.9980238455178931,0.985093532576742,0.21106929571130748,
2026090505,2000,50%,100,candidate_c_opportunity,False,1.0,0,0.043525540000000085,0.07716994233508277,0.4745151515151515,0.949030303030303,0.8727373737373737,0.9678181818181818,0.9980213057324053,0.9850745079604735,0.21439326349910204,
2026090506,2000,50%,100,candidate_c_opportunity,False,1.0,0,0.04175954000000015,0.07401621443981042,0.4753030303030303,0.9506060606060606,0.8716565656565656,0.9682929292929293,0.9980325894344988,0.9851590382003548,0.1895038645530951,
2026090507,2000,50%,100,candidate_c_opportunity,False,1.0,0,0.04259583,0.07574694713320135,0.47495959595959597,0.9499191919191919,0.8722828282828282,0.9677575757575757,0.9980197646536887,0.9850629373735426,0.22914285730977824,
2026090508,2000,50%,100,candidate_c_opportunity,False,1.0,0,0.0428078300000001,0.07619186308261533,0.47284848484848485,0.9456969696969697,0.8734545454545454,0.9685353535353535,0.998021855220999,0.9850786449593726,0.22414111090387404,
2026090509,2000,50%,100,candidate_c_opportunity,False,1.0,0,0.04308915000000013,0.07698831080105602,0.47588888888888886,0.9517777777777777,0.871828282828283,0.9680707070707071,0.9980126750192008,0.9850098973014991,0.2426152173229202,
2026090510,2000,50%,100,candidate_c_opportunity,False,1.0,0,0.04231806000000016,0.07533923280734946,0.47563636363636363,0.9512727272727273,0.8715757575757576,0.9679797979797979,0.9980392656755391,0.985208943312985,0.23776109484816066,
2026090511,2000,50%,100,candidate_c_opportunity,False,1.0,0,0.04360381999999996,0.07746483072982216,0.47461616161616166,0.9492323232323233,0.8727878787878789,0.9678585858585859,0.9980064603991652,0.9849633949351193,0.23851290884132675,
2026090512,2000,50%,100,candidate_c_opportunity,False,1.0,0,0.04393493000000004,0.07835304716474019,0.4774848484848485,0.954969696969697,0.8715858585858587,0.9675757575757575,0.9980072584967362,0.9849693991094851,0.21548011937202224,
2026090513,2000,50%,100,candidate_c_opportunity,False,1.0,0,0.04393563,0.07815113562834516,0.4741818181818182,0.9483636363636364,0.8725151515151516,0.9685050505050505,0.9980285476072556,0.9851286720348391,0.23470720484193117,
2026090514,2000,50%,100,candidate_c_opportunity,False,1.0,0,0.043431570000000086,0.07714142855820082,0.4767575757575757,0.9535151515151514,0.8712121212121212,0.9680808080808081,0.9980157127447137,0.9850326463800898,0.2672017534008788,
2026090515,2000,50%,100,candidate_c_opportunity,False,1.0,0,0.0427661800000001,0.07615773105863909,0.474989898989899,0.949979797979798,0.8727575757575758,0.9681616161616161,0.9980325989885267,0.9851590753901288,0.24622675487523418,
2026090516,2000,50%,100,candidate_c_opportunity,False,1.0,0,0.041886230000000024,0.0748839101543182,0.47618181818181815,0.9523636363636363,0.8712929292929292,0.968050505050505,0.998018202384606,0.9850513021723054,0.2144029508886787,
2026090517,2000,50%,100,candidate_c_opportunity,False,1.0,0,0.04354374000000005,0.0772295280317056,0.47648484848484846,0.9529696969696969,0.871030303030303,0.9681515151515151,0.9980135128264872,0.985016195405548,0.21831841252779047,
2026090518,2000,50%,100,candidate_c_opportunity,False,1.0,0,0.04206253000000015,0.07530737015724291,0.4762424242424242,0.9524848484848484,0.8718888888888889,0.9675555555555555,0.9980136948532947,0.9850175155114309,0.23529210109215648,
2026090519,2000,50%,100,candidate_c_opportunity,False,1.0,0,0.04388658000000012,0.07786398397205219,0.4763030303030303,0.9526060606060606,0.8718383838383839,0.9681919191919192,0.998027401508541,0.9851201195504984,0.23068039714209196,
2026090520,2000,50%,100,candidate_c_opportunity,False,1.0,0,0.042808630000000125,0.0758709430546372,0.4766262626262626,0.9532525252525252,0.8717171717171717,0.9675050505050505,0.9980337843083332,0.9851679007443311,0.23088367342494098,
2026090501,4000,10,100,true_random,False,0.22125,3115,0.8013154999999998,1.995995991979944,0.00404040404040404,1.6161616161616161,0.012121212121212123,0.01818181818181818,1.0,0.9999999999999999,,
2026090502,4000,10,100,true_random,False,0.22175,3113,0.8005834999999999,1.9939909728983227,0.0,0.0,0.005050505050505051,0.0060606060606060615,1.0,0.9999999999999999,,
2026090503,4000,10,100,true_random,False,0.22425,3103,0.7965344999999999,1.971801207018598,0.00101010101010101,0.40404040404040403,0.005050505050505051,0.007070707070707071,1.0,0.9999999999999999,,
2026090504,4000,10,100,true_random,False,0.219,3124,0.805045,2.029778313018444,0.00101010101010101,0.40404040404040403,0.0060606060606060615,0.010101010101010102,1.0,0.9999999999999999,,
2026090505,4000,10,100,true_random,False,0.2215,3114,0.8010219999999999,1.9979989989987483,0.00101010101010101,0.40404040404040403,0.005050505050505051,0.00808080808080808,1.0,0.9999999999999999,,
2026090506,4000,10,100,true_random,False,0.22375,3105,0.7974234999999998,1.9798989873223332,0.005050505050505051,2.0202020202020203,0.00909090909090909,0.011111111111111112,1.0,0.9999999999999999,,
2026090507,4000,10,100,true_random,False,0.223,3108,0.7986579999999999,1.9859506539690255,0.0030303030303030307,1.2121212121212122,0.007070707070707071,0.012121212121212123,1.0,0.9999999999999999,,
2026090508,4000,10,100,true_random,False,0.221,3116,0.8018019999999999,2.001999000998752,0.0030303030303030307,1.2121212121212122,0.013131313131313133,0.01818181818181818,1.0,0.9999999999999999,,
2026090509,4000,10,100,true_random,False,0.2205,3118,0.802478,2.001999000998752,0.00101010101010101,0.40404040404040403,0.0030303030303030307,0.007070707070707071,1.0,0.9999999999999999,,
2026090510,4000,10,100,true_random,False,0.22475,3101,0.7957314999999998,1.9677398201998149,0.00101010101010101,0.40404040404040403,0.00202020202020202,0.00808080808080808,1.0,0.9999999999999999,,
2026090511,4000,10,100,true_random,False,0.2255,3098,0.7945579999999999,1.9616319736382766,0.005050505050505051,2.0202020202020203,0.010101010101010102,0.012121212121212123,1.0,0.9999999999999999,,
2026090512,4000,10,100,true_random,False,0.22075,3117,0.8023374999999999,2.011964214393487,0.00101010101010101,0.40404040404040403,0.00404040404040404,0.0060606060606060615,1.0,0.9999999999999999,,
2026090513,4000,10,100,true_random,False,0.221,3116,0.8018544999999999,2.0059910268991734,0.0030303030303030307,1.2121212121212122,0.00808080808080808,0.014141414141414142,1.0,0.9999999999999999,,
2026090514,4000,10,100,true_random,False,0.22075,3117,0.8019885,1.995995991979944,0.00101010101010101,0.40404040404040403,0.011111111111111112,0.015151515151515152,1.0,0.9999999999999999,,
2026090515,4000,10,100,true_random,False,0.2255,3098,0.7944304999999998,1.9555050498528506,0.00101010101010101,0.40404040404040403,0.007070707070707071,0.00909090909090909,1.0,0.9999999999999999,,
2026090516,4000,10,100,true_random,False,0.2195,3122,0.8041179999999999,2.0139513400278566,0.0,0.0,0.00404040404040404,0.00808080808080808,1.0,0.9999999999999999,,
2026090517,4000,10,100,true_random,False,0.2225,3110,0.7995865,1.9979989989987483,0.00202020202020202,0.8080808080808081,0.005050505050505051,0.007070707070707071,1.0,0.9999999999999999,,
2026090518,4000,10,100,true_random,False,0.226,3096,0.7935759999999998,1.949358868961793,0.00202020202020202,0.8080808080808081,0.0030303030303030307,0.0060606060606060615,1.0,0.9999999999999999,,
2026090519,4000,10,100,true_random,False,0.22275,3109,0.7991895,1.995995991979944,0.007070707070707071,2.8282828282828283,0.010101010101010102,0.01616161616161616,1.0,0.9999999999999999,,
2026090520,4000,10,100,true_random,False,0.21875,3125,0.8050444999999999,2.011964214393487,0.00101010101010101,0.40404040404040403,0.00404040404040404,0.014141414141414142,1.0,0.9999999999999999,,
2026090501,4000,10,100,candidate_a_recency_oracle,True,0.223,3108,0.7985214999999999,1.9798989873223332,0.00101010101010101,0.40404040404040403,0.007070707070707071,0.00909090909090909,0.9999206774648597,0.9993423141983503,0.8372449892545079,
2026090502,4000,10,100,candidate_a_recency_oracle,True,0.22225,3111,0.7997984999999999,1.98997487421324,0.0,0.0,0.00404040404040404,0.00404040404040404,0.9999205901237848,0.9993415902629317,0.8380696083888706,
2026090503,4000,10,100,candidate_a_recency_oracle,True,0.2245,3102,0.7961334999999998,1.969771560359221,0.00101010101010101,0.40404040404040403,0.00404040404040404,0.0060606060606060615,0.9999206118389335,0.9993417702494638,0.8404136323487933,
2026090504,4000,10,100,candidate_a_recency_oracle,True,0.2195,3122,0.8042779999999998,2.025833161936096,0.0,0.0,0.005050505050505051,0.00909090909090909,0.9999206023936366,0.9993416919611685,0.8304195863781649,
2026090505,4000,10,100,candidate_a_recency_oracle,True,0.22275,3109,0.7989634999999999,1.983935482821959,0.00101010101010101,0.40404040404040403,0.0030303030303030307,0.005050505050505051,0.99992060511735,0.9993417145377426,0.835943591210392,
2026090506,4000,10,100,candidate_a_recency_oracle,True,0.22525,3099,0.794881,1.9616319736382766,0.00202020202020202,0.8080808080808081,0.0030303030303030307,0.005050505050505051,0.9999206196611425,0.9993418350849513,0.8318732738916554,
2026090507,4000,10,100,candidate_a_recency_oracle,True,0.22425,3103,0.7965315,1.969771560359221,0.0,0.0,0.0030303030303030307,0.0060606060606060615,0.999920576425206,0.9993414767221042,0.8429150540392997,
2026090508,4000,10,100,candidate_a_recency_oracle,True,0.2225,3110,0.7993104999999998,1.983935482821959,0.0030303030303030307,1.2121212121212122,0.00808080808080808,0.011111111111111112,0.9999207303882223,0.9993427528576919,0.8352120659247512,
2026090509,4000,10,100,candidate_a_recency_oracle,True,0.22075,3117,0.8020915,2.0,0.0,0.0,0.0,0.00404040404040404,0.9999205380377539,0.9993411585477913,0.8292691252005611,
2026090510,4000,10,100,candidate_a_recency_oracle,True,0.225,3100,0.7952845,1.9636700333813724,0.0,0.0,0.00101010101010101,0.0060606060606060615,0.9999205636816412,0.999341371096768,0.8347187751528473,
2026090511,4000,10,100,candidate_a_recency_oracle,True,0.22725,3091,0.7916535,1.9452506265260525,0.0,0.0,0.0,0.0030303030303030307,0.9999205380455582,0.9993411586124826,0.8347781734735655,
2026090512,4000,10,100,candidate_a_recency_oracle,True,0.2215,3114,0.8011644999999998,2.0059910268991734,0.0,0.0,0.00101010101010101,0.0030303030303030307,0.9999205582448528,0.999341326034296,0.8291580623407984,
2026090513,4000,10,100,candidate_a_recency_oracle,True,0.22225,3111,0.7998489999999998,1.9939909728983227,0.00101010101010101,0.40404040404040403,0.00404040404040404,0.00909090909090909,0.9999206483878292,0.9993420731851822,0.8339555144328636,
2026090514,4000,10,100,candidate_a_recency_oracle,True,0.221,3116,0.8016019999999999,1.9939909728983227,0.00101010101010101,0.40404040404040403,0.00909090909090909,0.013131313131313133,0.9999207023469127,0.9993425204295171,0.8367087247220533,
2026090515,4000,10,100,candidate_a_recency_oracle,True,0.22575,3097,0.7940254999999998,1.9534584715319647,0.0,0.0,0.0060606060606060615,0.00808080808080808,0.999920615386405,0.9993417996516396,0.8338752410931636,
2026090516,4000,10,100,candidate_a_recency_oracle,True,0.21975,3121,0.8037345,2.011964214393487,0.0,0.0,0.0030303030303030307,0.007070707070707071,0.9999205726656442,0.9993414455605769,0.8370702186246359,
2026090517,4000,10,100,candidate_a_recency_oracle,True,0.22325,3107,0.7983924999999998,1.9919839356781972,0.00101010101010101,0.40404040404040403,0.00404040404040404,0.005050505050505051,0.9999205952906588,0.9993416330891178,0.8328101375801307,
2026090518,4000,10,100,candidate_a_recency_oracle,True,0.22625,3095,0.7931694999999999,1.9473058311420937,0.0,0.0,0.00101010101010101,0.00404040404040404,0.9999205506250516,0.9993412628774611,0.8350902283652766,
2026090519,4000,10,100,candidate_a_recency_oracle,True,0.2235,3106,0.7979514999999999,1.9879637823662684,0.00404040404040404,1.6161616161616161,0.0060606060606060615,0.012121212121212123,0.9999207215770247,0.9993426798171525,0.8310022965613254,
2026090520,4000,10,100,candidate_a_recency_oracle,True,0.2195,3122,0.803906,2.0059910268991734,0.00101010101010101,0.40404040404040403,0.0030303030303030307,0.012121212121212123,0.9999206265493662,0.9993418921768299,0.8376908025304377,
2026090501,4000,10,100,candidate_b_exposure_oracle,True,0.2235,3106,0.7977284999999998,1.975854245636555,0.00101010101010101,0.40404040404040403,0.007070707070707071,0.00909090909090909,0.999914324263035,0.9992896592189378,0.3373250309941239,
2026090502,4000,10,100,candidate_b_exposure_oracle,True,0.2225,3110,0.7994044999999999,1.9879637823662684,0.0,0.0,0.00404040404040404,0.00404040404040404,0.9999152798909009,0.9992975795205057,0.3572306657892317,
2026090503,4000,10,100,candidate_b_exposure_oracle,True,0.225,3100,0.7953284999999999,1.9657059800488983,0.00101010101010101,0.40404040404040403,0.0030303030303030307,0.005050505050505051,0.9999150506314947,0.9992956794248765,0.3489895136069411,
2026090504,4000,10,100,candidate_b_exposure_oracle,True,0.22025,3119,0.8029184999999999,2.007984063681781,0.0,0.0,0.005050505050505051,0.00909090909090909,0.9999144922775186,0.9992910517458633,0.3605050222570923,
2026090505,4000,10,100,candidate_b_exposure_oracle,True,0.224,3104,0.7969314999999999,1.971801207018598,0.00101010101010101,0.40404040404040403,0.0030303030303030307,0.005050505050505051,0.9999150363338394,0.999295560934162,0.3473930714541204,
2026090506,4000,10,100,candidate_b_exposure_oracle,True,0.22475,3101,0.7957314999999998,1.9677398201998149,0.00404040404040404,1.6161616161616161,0.005050505050505051,0.007070707070707071,0.9999149576680721,0.9992949089315414,0.34837605940350697,
2026090507,4000,10,100,candidate_b_exposure_oracle,True,0.2245,3102,0.7960859999999998,1.9657059800488983,0.0,0.0,0.0030303030303030307,0.005050505050505051,0.9999150893357945,0.9992960002214517,0.3663221309289961,
2026090508,4000,10,100,candidate_b_exposure_oracle,True,0.2235,3106,0.7976345,1.971801207018598,0.0030303030303030307,1.2121212121212122,0.00808080808080808,0.00909090909090909,0.9999148096418713,0.9992936820188341,0.34733762253171196,
2026090509,4000,10,100,candidate_b_exposure_oracle,True,0.221,3116,0.801704,1.9979989989987483,0.0,0.0,0.0,0.00404040404040404,0.9999149289849671,0.9992946712369557,0.3442515804790988,
2026090510,4000,10,100,candidate_b_exposure_oracle,True,0.22525,3099,0.7949244999999998,1.9636700333813724,0.00101010101010101,0.40404040404040403,0.00202020202020202,0.007070707070707071,0.9999148394538113,0.9992939292052256,0.3435409255663784,
2026090511,4000,10,100,candidate_b_exposure_oracle,True,0.22725,3091,0.7916144999999999,1.943193248238579,0.00101010101010101,0.40404040404040403,0.00101010101010101,0.00404040404040404,0.9999151967969,0.9992968908467382,0.33927117899475756,
2026090512,4000,10,100,candidate_b_exposure_oracle,True,0.2215,3114,0.8011195,2.0039960079800556,0.00101010101010101,0.40404040404040403,0.00202020202020202,0.00404040404040404,0.9999148925556878,0.999294369212975,0.3210227999431175,
2026090513,4000,10,100,candidate_b_exposure_oracle,True,0.2225,3110,0.7994085,1.98997487421324,0.00101010101010101,0.40404040404040403,0.00404040404040404,0.00909090909090909,0.999914453361557,0.9992907293181856,0.3354673320608019,
2026090514,4000,10,100,candidate_b_exposure_oracle,True,0.221,3116,0.8016019999999999,1.9939909728983227,0.00101010101010101,0.40404040404040403,0.00909090909090909,0.013131313131313133,0.9999145309742539,0.9992913724425593,0.35710308643384325,
2026090515,4000,10,100,candidate_b_exposure_oracle,True,0.22575,3097,0.7940254999999998,1.9534584715319647,0.00101010101010101,0.40404040404040403,0.007070707070707071,0.00909090909090909,0.9999146839312008,0.9992926402322414,0.3328829164606315,
2026090516,4000,10,100,candidate_b_exposure_oracle,True,0.22075,3117,0.8020915,2.0,0.0,0.0,0.00202020202020202,0.005050505050505051,0.9999149713044488,0.9992950219630531,0.36735242346842417,
2026090517,4000,10,100,candidate_b_exposure_oracle,True,0.22325,3107,0.7983924999999998,1.9919839356781972,0.00202020202020202,0.8080808080808081,0.005050505050505051,0.0060606060606060615,0.9999150578310365,0.9992957391033105,0.3570559139475798,
2026090518,4000,10,100,candidate_b_exposure_oracle,True,0.22675,3093,0.7923104999999999,1.9411336893681486,0.00202020202020202,0.8080808080808081,0.0030303030303030307,0.005050505050505051,0.9999150320374678,0.9992955253186306,0.34983668496986725,
2026090519,4000,10,100,candidate_b_exposure_oracle,True,0.22325,3107,0.7983924999999998,1.9919839356781972,0.005050505050505051,2.0202020202020203,0.007070707070707071,0.013131313131313133,0.9999144339123072,0.9992905681309743,0.34079368523637055,
2026090520,4000,10,100,candidate_b_exposure_oracle,True,0.22075,3117,0.8019354999999999,1.9939909728983227,0.00101010101010101,0.40404040404040403,0.0030303030303030307,0.011111111111111112,0.9999146827857662,0.9992926307201293,0.351843583330912,
2026090501,4000,10,100,candidate_c_opportunity,False,0.2235,3106,0.797682,1.9738287666360526,0.00202020202020202,0.8080808080808081,0.00808080808080808,0.014141414141414142,0.9981856402961654,0.9850660850800602,0.05590431301525741,
2026090502,4000,10,100,candidate_c_opportunity,False,0.22175,3113,0.8003855,1.9859506539690255,0.0,0.0,0.00404040404040404,0.00404040404040404,0.9981853425182776,0.9850636213380732,0.038589985971571115,
2026090503,4000,10,100,candidate_c_opportunity,False,0.22325,3107,0.7980324999999999,1.975854245636555,0.00101010101010101,0.40404040404040403,0.005050505050505051,0.00808080808080808,0.9981857218935005,0.985066762538212,0.044222130865162905,
2026090504,4000,10,100,candidate_c_opportunity,False,0.221,3116,0.8017075,2.0,0.00101010101010101,0.40404040404040403,0.0060606060606060615,0.010101010101010102,0.9981842225544614,0.9850544814795726,0.05429887482847373,
2026090505,4000,10,100,candidate_c_opportunity,False,0.221,3116,0.801704,1.9979989989987483,0.00101010101010101,0.40404040404040403,0.0060606060606060615,0.00909090909090909,0.9981771558847676,0.9849967877557233,0.03853463090449283,
2026090506,4000,10,100,candidate_c_opportunity,False,0.22375,3105,0.7973789999999998,1.9778776504121784,0.00404040404040404,1.6161616161616161,0.007070707070707071,0.010101010101010102,0.9981900927435429,0.9851024353921264,0.002450104431902524,
2026090507,4000,10,100,candidate_c_opportunity,False,0.2215,3114,0.8010685,2.0,0.0,0.0,0.00404040404040404,0.007070707070707071,0.9981950439844174,0.9851428590383481,0.038324239404183516,
2026090508,4000,10,100,candidate_c_opportunity,False,0.22175,3113,0.8005834999999999,1.9939909728983227,0.0030303030303030307,1.2121212121212122,0.00909090909090909,0.013131313131313133,0.9981800681278403,0.9850205319186187,0.011122713833570169,
2026090509,4000,10,100,candidate_c_opportunity,False,0.2205,3118,0.8026314999999999,2.009975124224178,0.0,0.0,0.00101010101010101,0.0060606060606060615,0.9981844545432659,0.9850563468225353,0.001393204289022299,
2026090510,4000,10,100,candidate_c_opportunity,False,0.22375,3105,0.7972869999999999,1.9738287666360526,0.0,0.0,0.00101010101010101,0.007070707070707071,0.9981985237840485,0.9851713243992003,-0.004991684844284773,
2026090511,4000,10,100,candidate_c_opportunity,False,0.2245,3102,0.7960859999999998,1.9657059800488983,0.00404040404040404,1.6161616161616161,0.0060606060606060615,0.010101010101010102,0.9981748244294936,0.9849777169542553,0.03148012092796435,
2026090512,4000,10,100,candidate_c_opportunity,False,0.222,3112,0.800144,1.98997487421324,0.00101010101010101,0.40404040404040403,0.0030303030303030307,0.0060606060606060615,0.998185964074394,0.9850687266597616,0.02328463968682203,
2026090513,4000,10,100,candidate_c_opportunity,False,0.22175,3113,0.8006305,1.995995991979944,0.00101010101010101,0.40404040404040403,0.00404040404040404,0.00808080808080808,0.9981802933825553,0.9850223772853411,0.039144007010074845,
2026090514,4000,10,100,candidate_c_opportunity,False,0.221,3116,0.8018019999999999,2.001999000998752,0.00101010101010101,0.40404040404040403,0.007070707070707071,0.010101010101010102,0.9981892959622768,0.9850959031848542,0.04862030958518898,
2026090515,4000,10,100,candidate_c_opportunity,False,0.22575,3097,0.794071,1.957549488518745,0.00101010101010101,0.40404040404040403,0.00808080808080808,0.011111111111111112,0.9981798919222373,0.985019115564234,0.03845176295895587,
2026090516,4000,10,100,candidate_c_opportunity,False,0.2205,3118,0.802578,2.0059910268991734,0.0,0.0,0.00202020202020202,0.005050505050505051,0.9981891632991733,0.9850948379090965,0.017476493813559875,
2026090517,4000,10,100,candidate_c_opportunity,False,0.22325,3107,0.7984384999999998,1.995995991979944,0.00202020202020202,0.8080808080808081,0.005050505050505051,0.007070707070707071,0.9981958379266677,0.9851493271427292,0.024073089235123236,
2026090518,4000,10,100,candidate_c_opportunity,False,0.225,3100,0.7952845,1.9636700333813724,0.0030303030303030307,1.2121212121212122,0.005050505050505051,0.00808080808080808,0.9981898149942545,0.985100163153601,0.05786332469571707,
2026090519,4000,10,100,candidate_c_opportunity,False,0.2225,3110,0.79945,1.98997487421324,0.0060606060606060615,2.4242424242424243,0.00808080808080808,0.012121212121212123,0.998184915380167,0.9850601559641956,0.05617045546317137,
2026090520,4000,10,100,candidate_c_opportunity,False,0.219,3124,0.8047214999999999,2.011964214393487,0.00101010101010101,0.40404040404040403,0.00404040404040404,0.014141414141414142,0.9981942389323436,0.9851362779759522,0.003749506156187004,
2026090501,4000,30,100,true_random,False,0.523,1908,0.5917931666666665,1.1654279137819816,0.007744107744107743,1.0325476992143658,0.024579124579124575,0.03737373737373738,1.0,0.9999999999999999,,
2026090502,4000,30,100,true_random,False,0.525,1900,0.5875108333333332,1.1504588456592246,0.005723905723905724,0.7631874298540965,0.022895622895622896,0.037037037037037035,1.0,0.9999999999999999,,
2026090503,4000,30,100,true_random,False,0.526,1896,0.5853754999999998,1.1419281938896158,0.008754208754208754,1.1672278338945006,0.02323232323232323,0.0367003367003367,1.0,0.9999999999999999,,
2026090504,4000,30,100,true_random,False,0.53175,1873,0.5816766666666666,1.1388102953911547,0.006734006734006734,0.8978675645342312,0.020875420875420873,0.03333333333333333,1.0,0.9999999999999999,,
2026090505,4000,30,100,true_random,False,0.53175,1873,0.5801051666666666,1.1345091939297411,0.00707070707070707,0.9427609427609429,0.022222222222222223,0.03737373737373738,1.0,0.9999999999999999,,
2026090506,4000,30,100,true_random,False,0.5275,1890,0.5865323333333332,1.1543155740283695,0.009764309764309764,1.3019079685746353,0.02255892255892256,0.03636363636363636,1.0,0.9999999999999999,,
2026090507,4000,30,100,true_random,False,0.526,1896,0.588114,1.1577756451249286,0.007744107744107743,1.0325476992143658,0.022895622895622896,0.03569023569023569,1.0,0.9999999999999999,,
2026090508,4000,30,100,true_random,False,0.5265,1894,0.5873156666666666,1.1566234381931648,0.00707070707070707,0.9427609427609429,0.02154882154882155,0.03737373737373738,1.0,0.9999999999999999,,
2026090509,4000,30,100,true_random,False,0.52725,1891,0.5858743333333332,1.1477514248883918,0.0047138047138047135,0.6285072951739619,0.018855218855218854,0.032996632996632996,1.0,0.9999999999999999,,
2026090510,4000,30,100,true_random,False,0.52775,1889,0.5854043333333332,1.1458136361943372,0.005050505050505051,0.6734006734006734,0.018855218855218854,0.030303030303030304,1.0,0.9999999999999999,,
2026090511,4000,30,100,true_random,False,0.52725,1891,0.5870701666666667,1.1554700823089756,0.006734006734006734,0.8978675645342312,0.02356902356902357,0.04006734006734007,1.0,0.9999999999999999,,
2026090512,4000,30,100,true_random,False,0.52775,1889,0.5865769999999999,1.1573917035971684,0.007407407407407407,0.9876543209876544,0.019865319865319864,0.03535353535353535,1.0,0.9999999999999999,,
2026090513,4000,30,100,true_random,False,0.53375,1865,0.5803433333333332,1.1419281938896158,0.00808080808080808,1.0774410774410774,0.022895622895622896,0.03771043771043771,1.0,0.9999999999999999,,
2026090514,4000,30,100,true_random,False,0.52775,1889,0.5872083333333333,1.1589267065311384,0.00404040404040404,0.5387205387205387,0.02154882154882155,0.037037037037037035,1.0,0.9999999999999999,,
2026090515,4000,30,100,true_random,False,0.53275,1869,0.5791691666666665,1.132548748031036,0.007407407407407407,0.9876543209876544,0.020202020202020204,0.03771043771043771,1.0,0.9999999999999999,,
2026090516,4000,30,100,true_random,False,0.53175,1873,0.5827148333333332,1.1473641289688485,0.00707070707070707,0.9427609427609429,0.01818181818181818,0.02929292929292929,1.0,0.9999999999999999,,
2026090517,4000,30,100,true_random,False,0.531,1876,0.5809388333333332,1.137638880410749,0.006060606060606061,0.8080808080808081,0.016498316498316498,0.026936026936026935,1.0,0.9999999999999999,,
2026090518,4000,30,100,true_random,False,0.53075,1877,0.5808713333333333,1.1333333333333333,0.006734006734006734,0.8978675645342312,0.020875420875420873,0.03198653198653199,1.0,0.9999999999999999,,
2026090519,4000,30,100,true_random,False,0.52975,1881,0.5843093333333333,1.1512312249645305,0.006734006734006734,0.8978675645342312,0.02154882154882155,0.03636363636363636,1.0,0.9999999999999999,,
2026090520,4000,30,100,true_random,False,0.52025,1919,0.5924904999999998,1.1573917035971684,0.010437710437710437,1.3916947250280582,0.026262626262626265,0.04006734006734007,1.0,0.9999999999999999,,
2026090501,4000,30,100,candidate_a_recency_oracle,True,0.527,1892,0.5868406666666666,1.1535452599125302,0.00404040404040404,0.5387205387205387,0.015824915824915825,0.0265993265993266,0.9997667446837358,0.9980672634045133,0.7737942967217538,
2026090502,4000,30,100,candidate_a_recency_oracle,True,0.52875,1885,0.5826013333333333,1.136466257992535,0.0016835016835016834,0.2244668911335578,0.013131313131313133,0.02592592592592593,0.9997665102211003,0.998065322578862,0.7776556710010374,
2026090503,4000,30,100,candidate_a_recency_oracle,True,0.53125,1875,0.5795481666666666,1.1286176402031725,0.0047138047138047135,0.6285072951739619,0.015151515151515152,0.027272727272727275,0.9997667978483521,0.9980677034987389,0.7733697497366852,
2026090504,4000,30,100,candidate_a_recency_oracle,True,0.536,1856,0.5766218333333333,1.1270413578135552,0.003367003367003367,0.4489337822671156,0.013804713804713806,0.02356902356902357,0.9997666244107347,0.9980662678004402,0.7746242062229124,
2026090505,4000,30,100,candidate_a_recency_oracle,True,0.535,1860,0.5759831666666666,1.1226951698677805,0.003367003367003367,0.4489337822671156,0.015151515151515152,0.02861952861952862,0.9997667423323425,0.9980672439148229,0.7792791676338034,
2026090506,4000,30,100,candidate_a_recency_oracle,True,0.53325,1867,0.5798403333333333,1.1372481406154653,0.0053872053872053875,0.718294051627385,0.015824915824915825,0.024915824915824916,0.9997667964804825,0.9980676921420458,0.7741994273989039,
2026090507,4000,30,100,candidate_a_recency_oracle,True,0.53025,1879,0.5828191666666667,1.1430952132988164,0.003367003367003367,0.4489337822671156,0.015151515151515152,0.02592592592592593,0.9997666380438771,0.9980663806379844,0.7736287410388105,
2026090508,4000,30,100,candidate_a_recency_oracle,True,0.5315,1874,0.5817238333333332,1.1423173328322076,0.00404040404040404,0.5387205387205387,0.01414141414141414,0.02861952861952862,0.9997667503866993,0.9980673106114583,0.7724238760362242,
2026090509,4000,30,100,candidate_a_recency_oracle,True,0.5315,1874,0.5803351666666665,1.1337254223723368,0.0026936026936026937,0.3591470258136925,0.011784511784511785,0.023905723905723906,0.9997665507217964,0.9980656578114782,0.7721015602803628,
2026090510,4000,30,100,candidate_a_recency_oracle,True,0.5325,1870,0.5801098333333332,1.1341173758576413,0.0016835016835016834,0.2244668911335578,0.008754208754208754,0.019865319865319864,0.9997662992783103,0.9980635764346029,0.7737578801723548,
2026090511,4000,30,100,candidate_a_recency_oracle,True,0.5315,1874,0.5811641666666665,1.1380294860464342,0.003367003367003367,0.4489337822671156,0.015824915824915825,0.030303030303030304,0.9997667257263487,0.9980671064813861,0.770749351993253,
2026090512,4000,30,100,candidate_a_recency_oracle,True,0.5315,1874,0.5821105,1.1454256850621083,0.0030303030303030303,0.40404040404040403,0.012794612794612794,0.02760942760942761,0.999766637723304,0.9980663780046128,0.7590166334884091,
2026090513,4000,30,100,candidate_a_recency_oracle,True,0.5385,1846,0.5739826666666665,1.1246727919216721,0.0037037037037037034,0.4938271604938272,0.014478114478114479,0.0265993265993266,0.9997666970796757,0.998066869318973,0.764713175567408,
2026090514,4000,30,100,candidate_a_recency_oracle,True,0.53325,1867,0.5807408333333333,1.1419281938896158,0.0016835016835016834,0.2244668911335578,0.013468013468013467,0.027272727272727275,0.9997665220931536,0.9980654208390607,0.7707967125945914,
2026090515,4000,30,100,candidate_a_recency_oracle,True,0.536,1856,0.5751901666666666,1.1230909728661047,0.004377104377104377,0.5836139169472503,0.013131313131313133,0.02828282828282828,0.9997666634822893,0.9980665912382441,0.7641502357761645,
2026090516,4000,30,100,candidate_a_recency_oracle,True,0.53625,1855,0.5771028333333332,1.1329411085998935,0.0026936026936026937,0.3591470258136925,0.010437710437710437,0.019528619528619527,0.9997664779645268,0.9980650555568455,0.773673627264336,
2026090517,4000,30,100,candidate_a_recency_oracle,True,0.5355,1858,0.5755078333333332,1.1226951698677805,0.0037037037037037034,0.4938271604938272,0.010774410774410775,0.01818181818181818,0.9997664859350317,0.9980651215252785,0.7780535616914934,
2026090518,4000,30,100,candidate_a_recency_oracle,True,0.5355,1858,0.5755328333333332,1.1211105605108218,0.0023569023569023568,0.31425364758698093,0.013468013468013467,0.02323232323232323,0.9997665574699869,0.9980657136861822,0.7737559231623473,
2026090519,4000,30,100,candidate_a_recency_oracle,True,0.535,1860,0.5774705,1.1329411085998935,0.00404040404040404,0.5387205387205387,0.013468013468013467,0.024242424242424242,0.9997666467070129,0.9980664523512428,0.7671546219793501,
2026090520,4000,30,100,candidate_a_recency_oracle,True,0.5265,1894,0.5856344999999998,1.1423173328322076,0.0047138047138047135,0.6285072951739619,0.015824915824915825,0.027272727272727275,0.9997668146692675,0.9980678427428639,0.776313530030483,
2026090501,4000,30,100,candidate_b_exposure_oracle,True,0.5305,1878,0.5827838333333333,1.1427063392568442,0.005050505050505051,0.6734006734006734,0.01616161616161616,0.026262626262626265,0.9997464753694923,0.9978995119621046,0.3488878456708496,
2026090502,4000,30,100,candidate_b_exposure_oracle,True,0.5305,1878,0.5799224999999999,1.1278297743897348,0.003367003367003367,0.4489337822671156,0.015151515151515152,0.026936026936026935,0.9997480886073459,0.9979128637700994,0.3472645661587858,
2026090503,4000,30,100,candidate_b_exposure_oracle,True,0.53375,1865,0.5767618333333333,1.1222992272810115,0.0053872053872053875,0.718294051627385,0.015151515151515152,0.025252525252525252,0.999747196546863,0.997905480898946,0.34080980875850486,
2026090504,4000,30,100,candidate_b_exposure_oracle,True,0.538,1848,0.5743144999999998,1.1222992272810115,0.005050505050505051,0.6734006734006734,0.015488215488215487,0.024242424242424242,0.9997473599363054,0.9979068331934989,0.3645300373958347,
2026090505,4000,30,100,candidate_b_exposure_oracle,True,0.53725,1851,0.5734021666666667,1.1171392035015153,0.0037037037037037034,0.4938271604938272,0.01616161616161616,0.026936026936026935,0.9997472680220316,0.9979060730096081,0.3500619707388432,
2026090506,4000,30,100,candidate_b_exposure_oracle,True,0.53625,1855,0.5766163333333332,1.1317636188219202,0.005723905723905724,0.7631874298540965,0.016498316498316498,0.024915824915824916,0.9997474986932633,0.9979079821963818,0.34885258255735857,
2026090507,4000,30,100,candidate_b_exposure_oracle,True,0.53325,1867,0.5792145,1.1337254223723368,0.0053872053872053875,0.718294051627385,0.016835016835016835,0.026936026936026935,0.9997472253450342,0.9979057198665466,0.3522913824147215,
2026090508,4000,30,100,candidate_b_exposure_oracle,True,0.53425,1863,0.5780744999999998,1.1317636188219202,0.004377104377104377,0.5836139169472503,0.014478114478114479,0.02760942760942761,0.9997469868388549,0.9979037448626558,0.3457660701702743,
2026090509,4000,30,100,candidate_b_exposure_oracle,True,0.53375,1865,0.5771018333333333,1.1242775458044156,0.0026936026936026937,0.3591470258136925,0.011784511784511785,0.021885521885521883,0.9997477922696114,0.9979104118383549,0.32117398524388063,
2026090510,4000,30,100,candidate_b_exposure_oracle,True,0.53375,1865,0.5786668333333334,1.1317636188219202,0.0023569023569023568,0.31425364758698093,0.009764309764309764,0.01919191919191919,0.9997492266202791,0.9979222825833702,0.3618571144378361,
2026090511,4000,30,100,candidate_b_exposure_oracle,True,0.53525,1859,0.5766359999999999,1.1278297743897348,0.00404040404040404,0.5387205387205387,0.016498316498316498,0.027946127946127945,0.999746500851503,0.997899723929957,0.3378671268787535,
2026090512,4000,30,100,candidate_b_exposure_oracle,True,0.5335,1866,0.5796986666666666,1.139590569751552,0.003367003367003367,0.4489337822671156,0.012457912457912458,0.02760942760942761,0.9997468214323998,0.9979023766028416,0.30749443434902474,
2026090513,4000,30,100,candidate_b_exposure_oracle,True,0.54075,1837,0.5713969999999999,1.1179346035335778,0.0047138047138047135,0.6285072951739619,0.015151515151515152,0.025925925925925925,0.9997467946830099,0.9979021560130231,0.3224149054577764,
2026090514,4000,30,100,candidate_b_exposure_oracle,True,0.5345,1862,0.5791801666666665,1.1384199576606167,0.0023569023569023568,0.31425364758698093,0.014478114478114479,0.026936026936026935,0.9997476296616665,0.9979090657351861,0.3709824982303523,
2026090515,4000,30,100,candidate_b_exposure_oracle,True,0.538,1848,0.5725615,1.1163432367431723,0.005723905723905724,0.7631874298540965,0.014478114478114479,0.02828282828282828,0.9997471959699712,0.9979054761871139,0.3217696879326348,
2026090516,4000,30,100,candidate_b_exposure_oracle,True,0.53925,1843,0.5736828333333333,1.1254628677422756,0.003367003367003367,0.4489337822671156,0.011111111111111112,0.019865319865319864,0.9997488629156364,0.9979192720475438,0.36904891461784367,
2026090517,4000,30,100,candidate_b_exposure_oracle,True,0.53725,1851,0.5732913333333332,1.1167412910388472,0.0037037037037037034,0.4938271604938272,0.010437710437710437,0.017508417508417508,0.9997492400650279,0.9979223940670565,0.3472006176030452,
2026090518,4000,30,100,candidate_b_exposure_oracle,True,0.53775,1849,0.5728498333333332,1.114350832448102,0.0030303030303030303,0.40404040404040403,0.01414141414141414,0.02255892255892256,0.9997479067987562,0.9979113583810818,0.3551762733225373,
2026090519,4000,30,100,candidate_b_exposure_oracle,True,0.5375,1850,0.5747341666666665,1.1266469426281391,0.0053872053872053875,0.718294051627385,0.01414141414141414,0.02323232323232323,0.9997478350165356,0.9979107656164936,0.3412657251565499,
2026090520,4000,30,100,candidate_b_exposure_oracle,True,0.528,1888,0.5840303333333332,1.1388102953911547,0.005723905723905724,0.7631874298540965,0.01717171717171717,0.02861952861952862,0.9997463480723303,0.9978984587737956,0.348994894129681,
2026090501,4000,30,100,candidate_c_opportunity,False,0.5265,1894,0.5884538333333333,1.1585431464655178,0.005723905723905724,0.7631874298540965,0.01919191919191919,0.031313131313131314,0.9981856402961654,0.9850660850800602,0.06811082005617844,
2026090502,4000,30,100,candidate_c_opportunity,False,0.5265,1894,0.5856116666666666,1.1454256850621083,0.00404040404040404,0.5387205387205387,0.018518518518518517,0.032996632996632996,0.9981853425182776,0.9850636213380732,0.06536013354273003,
2026090503,4000,30,100,candidate_c_opportunity,False,0.53275,1869,0.5783631666666667,1.128223776069663,0.007744107744107743,1.0325476992143658,0.019528619528619527,0.030303030303030304,0.9981857218935005,0.985066762538212,0.05869565699761306,
2026090504,4000,30,100,candidate_c_opportunity,False,0.53225,1871,0.5816928333333333,1.141149517908246,0.006397306397306397,0.8529741863075196,0.018518518518518517,0.029966329966329967,0.9981842225544614,0.9850544814795726,0.07131656976154406,
2026090505,4000,30,100,candidate_c_opportunity,False,0.53025,1879,0.581772,1.1384199576606167,0.0037037037037037034,0.4938271604938272,0.01717171717171717,0.031313131313131314,0.9981771558847676,0.9849967877557233,0.04539141346506926,
2026090506,4000,30,100,candidate_c_opportunity,False,0.536,1856,0.5770841666666666,1.136075114887509,0.007407407407407407,0.9876543209876544,0.019865319865319864,0.031313131313131314,0.9981900927435429,0.9851024353921264,0.059256350468747804,
2026090507,4000,30,100,candidate_c_opportunity,False,0.5315,1874,0.5821345,1.1430952132988164,0.005723905723905724,0.7631874298540965,0.020202020202020204,0.031313131313131314,0.9981950439844174,0.9851428590383481,0.045803733333596865,
2026090508,4000,30,100,candidate_c_opportunity,False,0.52925,1883,0.5840806666666667,1.1489125293076057,0.004377104377104377,0.5836139169472503,0.017508417508417508,0.03164983164983165,0.9981800681278403,0.9850205319186187,0.053881715545021906,
2026090509,4000,30,100,candidate_c_opportunity,False,0.52725,1891,0.5860086666666666,1.1489125293076057,0.00404040404040404,0.5387205387205387,0.015151515151515152,0.027272727272727275,0.9981844545432659,0.9850563468225353,0.0307691484918517,
2026090510,4000,30,100,candidate_c_opportunity,False,0.52775,1889,0.5853226666666667,1.1473641289688485,0.0037037037037037034,0.4938271604938272,0.013468013468013467,0.024579124579124575,0.9981985237840485,0.9851713243992003,0.03511998820367332,
2026090511,4000,30,100,candidate_c_opportunity,False,0.52775,1889,0.5856511666666666,1.1489125293076057,0.0053872053872053875,0.718294051627385,0.018518518518518517,0.031313131313131314,0.9981748244294936,0.9849777169542553,0.0601139569965516,
2026090512,4000,30,100,candidate_c_opportunity,False,0.5345,1862,0.5789091666666666,1.1392004993756708,0.0053872053872053875,0.718294051627385,0.01616161616161616,0.03333333333333333,0.998185964074394,0.9850687266597616,0.05849178078934875,
2026090513,4000,30,100,candidate_c_opportunity,False,0.537,1852,0.5760878333333332,1.131370849898476,0.0053872053872053875,0.718294051627385,0.016835016835016835,0.030639730639730637,0.9981802933825553,0.9850223772853411,0.052217292122622744,
2026090514,4000,30,100,candidate_c_opportunity,False,0.5345,1862,0.5801373333333333,1.1458136361943372,0.0030303030303030303,0.40404040404040403,0.01717171717171717,0.030639730639730637,0.9981892959622768,0.9850959031848542,0.06128405283479437,
2026090515,4000,30,100,candidate_c_opportunity,False,0.5385,1846,0.5728891666666667,1.1207140580897519,0.005050505050505051,0.6734006734006734,0.014814814814814814,0.030639730639730637,0.9981798919222373,0.985019115564234,0.040060951442073646,
2026090516,4000,30,100,candidate_c_opportunity,False,0.534,1864,0.5802171666666667,1.141149517908246,0.004377104377104377,0.5836139169472503,0.013804713804713806,0.022222222222222223,0.9981891632991733,0.9850948379090965,0.04850835354323399,
2026090517,4000,30,100,candidate_c_opportunity,False,0.531,1876,0.5805716666666665,1.1345091939297411,0.005050505050505051,0.6734006734006734,0.012794612794612794,0.02323232323232323,0.9981958379266677,0.9851493271427292,0.05562672488109029,
2026090518,4000,30,100,candidate_c_opportunity,False,0.53525,1859,0.5768303333333333,1.128223776069663,0.0037037037037037034,0.4938271604938272,0.015824915824915825,0.026262626262626265,0.9981898149942545,0.985100163153601,0.07080947376755664,
2026090519,4000,30,100,candidate_c_opportunity,False,0.529,1884,0.5841194999999999,1.1462014560179976,0.0047138047138047135,0.6285072951739619,0.015488215488215488,0.026936026936026935,0.998184915380167,0.9850601559641956,0.07561311898346285,
2026090520,4000,30,100,candidate_c_opportunity,False,0.52425,1903,0.5883648333333333,1.1500724614852174,0.006060606060606061,0.8080808080808081,0.019865319865319864,0.03333333333333333,0.9981942389323436,0.9851362779759522,0.03376239325612202,
2026090501,4000,50,100,true_random,False,0.717,1132,0.47265579999999985,0.8879639632327428,0.014747474747474747,1.1797979797979798,0.038585858585858585,0.0591919191919192,1.0,0.9999999999999999,,
2026090502,4000,50,100,true_random,False,0.706,1176,0.4800256999999999,0.8929949607920529,0.012525252525252524,1.0020202020202018,0.036565656565656565,0.05878787878787879,1.0,0.9999999999999999,,
2026090503,4000,50,100,true_random,False,0.71175,1153,0.4750326,0.888864444108324,0.013333333333333334,1.0666666666666667,0.03797979797979798,0.06121212121212122,1.0,0.9999999999999999,,
2026090504,4000,50,100,true_random,False,0.71475,1141,0.4765564,0.8946060585531489,0.01292929292929293,1.0343434343434343,0.03595959595959596,0.056767676767676765,1.0,0.9999999999999999,,
2026090505,4000,50,100,true_random,False,0.71425,1143,0.470955,0.8792724264981816,0.01292929292929293,1.0343434343434343,0.035555555555555556,0.06303030303030303,1.0,0.9999999999999999,,
2026090506,4000,50,100,true_random,False,0.7185,1126,0.4726393999999998,0.8879639632327428,0.01616161616161616,1.2929292929292928,0.03919191919191919,0.06262626262626263,1.0,0.9999999999999999,,
2026090507,4000,50,100,true_random,False,0.71175,1153,0.4751741999999999,0.8881441324469806,0.01292929292929293,1.0343434343434343,0.039595959595959594,0.0591919191919192,1.0,0.9999999999999999,,
2026090508,4000,50,100,true_random,False,0.70875,1165,0.47972329999999985,0.900133323458253,0.013131313131313133,1.0505050505050504,0.03898989898989899,0.061414141414141414,1.0,0.9999999999999999,,
2026090509,4000,50,100,true_random,False,0.71275,1149,0.4758963999999999,0.8897640136575541,0.009898989898989899,0.7919191919191918,0.032525252525252527,0.05737373737373737,1.0,0.9999999999999999,,
2026090510,4000,50,100,true_random,False,0.7175,1130,0.4725120999999999,0.8841719289821409,0.008888888888888889,0.711111111111111,0.033535353535353536,0.05515151515151515,1.0,0.9999999999999999,,
2026090511,4000,50,100,true_random,False,0.70725,1171,0.48204899999999995,0.9022638195117878,0.012323232323232323,0.9858585858585858,0.04080808080808081,0.06303030303030303,1.0,0.9999999999999999,,
2026090512,4000,50,100,true_random,False,0.72125,1115,0.47132679999999993,0.8859796837399829,0.012323232323232323,0.9858585858585858,0.03232323232323232,0.05575757575757576,1.0,0.9999999999999999,,
2026090513,4000,50,100,true_random,False,0.7155,1138,0.4748667999999998,0.8886844209279243,0.013737373737373739,1.098989898989899,0.037979797979797975,0.059797979797979794,1.0,0.9999999999999999,,
2026090514,4000,50,100,true_random,False,0.70775,1169,0.4807203999999998,0.9008440486565918,0.00808080808080808,0.6464646464646464,0.03414141414141414,0.05858585858585858,1.0,0.9999999999999999,,
2026090515,4000,50,100,true_random,False,0.7225,1110,0.4704659,0.8843528707478706,0.012121212121212121,0.9696969696969695,0.033939393939393936,0.057777777777777775,1.0,0.9999999999999999,,
2026090516,4000,50,100,true_random,False,0.7145,1142,0.47779139999999987,0.8997777503361594,0.012727272727272728,1.018181818181818,0.03696969696969697,0.06101010101010101,1.0,0.9999999999999999,,
2026090517,4000,50,100,true_random,False,0.71175,1153,0.4754468999999999,0.8885043612723574,0.011515151515151516,0.9212121212121211,0.033939393939393936,0.055353535353535356,1.0,0.9999999999999999,,
2026090518,4000,50,100,true_random,False,0.7105,1158,0.4771243999999999,0.8910218852531064,0.010101010101010102,0.8080808080808081,0.03595959595959596,0.054949494949494956,1.0,0.9999999999999999,,
2026090519,4000,50,100,true_random,False,0.71825,1127,0.470604,0.8800000000000001,0.012121212121212121,0.9696969696969695,0.03414141414141414,0.05656565656565656,1.0,0.9999999999999999,,
2026090520,4000,50,100,true_random,False,0.71125,1155,0.4772087999999999,0.8917398723843182,0.013535353535353536,1.0828282828282827,0.040202020202020204,0.062424242424242424,1.0,0.9999999999999999,,
2026090501,4000,50,100,candidate_a_recency_oracle,True,0.72525,1099,0.46387979999999995,0.8690224392960173,0.006060606060606061,0.48484848484848475,0.024444444444444442,0.04222222222222222,0.9996189053783323,0.996844236494778,0.7171284214031743,
2026090502,4000,50,100,candidate_a_recency_oracle,True,0.715,1140,0.470761,0.8748942793275083,0.005454545454545455,0.43636363636363634,0.024242424242424242,0.04424242424242424,0.9996189669136659,0.9968447452090275,0.7184671724876147,
2026090503,4000,50,100,candidate_a_recency_oracle,True,0.71825,1127,0.46710039999999986,0.8721467766379692,0.008282828282828284,0.6626262626262626,0.025454545454545455,0.045454545454545456,0.9996192995179429,0.9968474950930135,0.708231657811472,
2026090504,4000,50,100,candidate_a_recency_oracle,True,0.72025,1119,0.4695642,0.8789084138862251,0.006464646464646465,0.5171717171717172,0.02323232323232323,0.04202020202020202,0.9996189221279674,0.9968443749738719,0.7127234125179682,
2026090505,4000,50,100,candidate_a_recency_oracle,True,0.722,1112,0.4630033,0.8638518391483577,0.006060606060606061,0.48484848484848475,0.022222222222222223,0.04787878787878788,0.9996189228470985,0.9968443808909211,0.7187413709253119,
2026090506,4000,50,100,candidate_a_recency_oracle,True,0.7265,1094,0.46417509999999984,0.8704941125590684,0.008282828282828284,0.6626262626262626,0.024646464646464646,0.04424242424242424,0.9996191639202283,0.9968463741268436,0.7067714932010358,
2026090507,4000,50,100,candidate_a_recency_oracle,True,0.7185,1126,0.46802069999999985,0.8736131867136623,0.007474747474747474,0.597979797979798,0.026464646464646465,0.045454545454545456,0.999619179981385,0.9968465068628812,0.7129482136792655,
2026090508,4000,50,100,candidate_a_recency_oracle,True,0.71475,1141,0.47247379999999994,0.8827230596285565,0.0068686868686868695,0.5494949494949495,0.026262626262626265,0.046868686868686865,0.9996192098090028,0.996846753500282,0.7156760950676107,
2026090509,4000,50,100,candidate_a_recency_oracle,True,0.718,1128,0.47061109999999995,0.8790904390334365,0.006060606060606061,0.48484848484848475,0.023434343434343433,0.04565656565656566,0.9996190178323404,0.9968451661647886,0.710976884364119,
2026090510,4000,50,100,candidate_a_recency_oracle,True,0.725,1100,0.4635252999999999,0.8658868286329341,0.004242424242424242,0.33939393939393936,0.020404040404040404,0.03939393939393939,0.9996185152777162,0.9968410113520231,0.7119302857116517,
2026090511,4000,50,100,candidate_a_recency_oracle,True,0.71825,1127,0.4706372999999999,0.8796362884738214,0.007474747474747474,0.597979797979798,0.028686868686868684,0.0494949494949495,0.9996193363754559,0.996847799984648,0.7177596674464908,
2026090512,4000,50,100,candidate_a_recency_oracle,True,0.72575,1097,0.4654965,0.8734300200931955,0.006464646464646465,0.5171717171717172,0.021616161616161617,0.04303030303030303,0.999618918233701,0.9968443429669813,0.7060197879161231,
2026090513,4000,50,100,candidate_a_recency_oracle,True,0.72375,1105,0.46684099999999984,0.8710453489916585,0.006666666666666667,0.5333333333333333,0.02484848484848485,0.044444444444444446,0.9996191498445244,0.9968462576347042,0.714382238646501,
2026090514,4000,50,100,candidate_a_recency_oracle,True,0.71475,1141,0.4739032999999999,0.8868821793225974,0.004646464646464647,0.37171717171717167,0.023838383838383836,0.04565656565656566,0.9996188178979848,0.996843513225012,0.7196327706046023,
2026090515,4000,50,100,candidate_a_recency_oracle,True,0.72775,1089,0.4637042,0.8699425268372618,0.006666666666666667,0.5333333333333333,0.02323232323232323,0.043838383838383836,0.9996188911269748,0.9968441187824015,0.6990886444144354,
2026090516,4000,50,100,candidate_a_recency_oracle,True,0.7225,1110,0.4695901,0.8810902337445354,0.006060606060606061,0.48484848484848475,0.02323232323232323,0.04323232323232323,0.9996189629399583,0.9968447125342087,0.7070844930018613,
2026090517,4000,50,100,candidate_a_recency_oracle,True,0.719,1124,0.4678114999999998,0.874162456297455,0.006262626262626262,0.5010101010101009,0.022222222222222223,0.0397979797979798,0.9996188091525514,0.9968434409440838,0.7184176109321521,
2026090518,4000,50,100,candidate_a_recency_oracle,True,0.7155,1138,0.4704758,0.8759908675323048,0.005454545454545455,0.43636363636363634,0.024444444444444442,0.04080808080808081,0.9996188291532887,0.9968436064682242,0.7250861260961778,
2026090519,4000,50,100,candidate_a_recency_oracle,True,0.726,1096,0.4615749,0.8619976798112626,0.0068686868686868695,0.5494949494949495,0.02323232323232323,0.04323232323232323,0.9996189384595605,0.9968445099498592,0.7135443106719953,
2026090520,4000,50,100,candidate_a_recency_oracle,True,0.71725,1131,0.4692672,0.8737963149384415,0.008484848484848484,0.6787878787878787,0.02828282828282828,0.04767676767676767,0.9996195139710912,0.9968492680442995,0.7224148611850856,
2026090501,4000,50,100,candidate_b_exposure_oracle,True,0.729,1084,0.4607303999999999,0.8632960094892134,0.007474747474747474,0.597979797979798,0.025454545454545455,0.041212121212121214,0.9995842129640196,0.9965575114453246,0.34927903905916874,
2026090502,4000,50,100,candidate_b_exposure_oracle,True,0.7185,1126,0.46645439999999994,0.8651473862874465,0.006464646464646465,0.5171717171717172,0.024444444444444442,0.04202020202020202,0.9995858419287429,0.9965709756926358,0.351700443725673,
2026090503,4000,50,100,candidate_b_exposure_oracle,True,0.72175,1113,0.4628011999999999,0.8642221936516095,0.00909090909090909,0.7272727272727273,0.02585858585858586,0.04424242424242424,0.9995823742159279,0.9965423150737943,0.3307335845358143,
2026090504,4000,50,100,candidate_b_exposure_oracle,True,0.7235,1106,0.4653611999999998,0.8695746086449396,0.007272727272727273,0.5818181818181818,0.023838383838383836,0.04141414141414141,0.99958357387162,0.996552229691993,0.35239397421336427,
2026090505,4000,50,100,candidate_b_exposure_oracle,True,0.72775,1089,0.4570270999999999,0.8521032801251266,0.007272727272727273,0.5818181818181818,0.023434343434343433,0.045858585858585856,0.9995835939013809,0.996552395528374,0.35895443718074294,
2026090506,4000,50,100,candidate_b_exposure_oracle,True,0.72825,1087,0.46094199999999996,0.8632960094892134,0.011111111111111112,0.8888888888888888,0.027272727272727275,0.04484848484848485,0.9995824567985028,0.996542996022924,0.3546976228722023,
2026090507,4000,50,100,candidate_b_exposure_oracle,True,0.7225,1110,0.46365049999999997,0.8642221936516095,0.009292929292929294,0.7434343434343433,0.028080808080808078,0.045454545454545456,0.9995827422307884,0.996545357204779,0.3340466910468838,
2026090508,4000,50,100,candidate_b_exposure_oracle,True,0.71975,1121,0.4670082,0.8725136102090328,0.008686868686868687,0.6949494949494949,0.027676767676767678,0.04565656565656566,0.9995819619985289,0.9965389077394515,0.3498164258669731,
2026090509,4000,50,100,candidate_b_exposure_oracle,True,0.72225,1111,0.4640552,0.8634813257969162,0.0068686868686868695,0.5494949494949495,0.023434343434343433,0.04343434343434343,0.9995827136793678,0.9965451232715636,0.32789938067872804,
2026090510,4000,50,100,candidate_b_exposure_oracle,True,0.7295,1082,0.4591383,0.856971411425142,0.005656565656565657,0.4525252525252525,0.022222222222222223,0.03878787878787879,0.9995856750146075,0.9965695963937513,0.33458127999891857,
2026090511,4000,50,100,candidate_b_exposure_oracle,True,0.72225,1111,0.4671871999999999,0.8726969691708572,0.008888888888888889,0.711111111111111,0.029696969696969697,0.04929292929292929,0.9995805677438189,0.9965273852649807,0.3392589269049854,
2026090512,4000,50,100,candidate_b_exposure_oracle,True,0.72775,1089,0.46141069999999984,0.8625543461139129,0.00787878787878788,0.6303030303030303,0.022424242424242426,0.04202020202020202,0.9995843347637091,0.9965585169904903,0.3377328095866095,
2026090513,4000,50,100,candidate_b_exposure_oracle,True,0.726,1096,0.4636293,0.8644073113989723,0.009696969696969697,0.7757575757575758,0.027676767676767678,0.04525252525252526,0.9995818377223301,0.9965378822947017,0.3300234098479586,
2026090514,4000,50,100,candidate_b_exposure_oracle,True,0.71825,1127,0.47087539999999994,0.8816348450464059,0.005858585858585858,0.46868686868686865,0.025656565656565655,0.045454545454545456,0.9995826525264193,0.9965446171650602,0.3702667766902122,
2026090515,4000,50,100,candidate_b_exposure_oracle,True,0.733,1068,0.4580449,0.859953487114274,0.008282828282828284,0.6626262626262626,0.024444444444444442,0.043838383838383836,0.9995850320865388,0.9965642799039319,0.31267454537114386,
2026090516,4000,50,100,candidate_b_exposure_oracle,True,0.72725,1091,0.4636503999999999,0.8686541314009851,0.0068686868686868695,0.5494949494949495,0.023434343434343433,0.04202020202020202,0.9995834458799193,0.9965511713932781,0.3519027790385456,
2026090517,4000,50,100,candidate_b_exposure_oracle,True,0.72325,1107,0.46344419999999986,0.8655171864267052,0.007676767676767677,0.6141414141414141,0.023838383838383836,0.04,0.9995844186562853,0.9965592117569695,0.34875019066626206,
2026090518,4000,50,100,candidate_b_exposure_oracle,True,0.719,1124,0.4658458999999999,0.8658868286329341,0.005656565656565657,0.4525252525252525,0.023434343434343433,0.03939393939393939,0.9995846363783563,0.9965610109237187,0.34632777264047937,
2026090519,4000,50,100,candidate_b_exposure_oracle,True,0.7295,1082,0.4578773999999999,0.8543535567901616,0.007676767676767677,0.6141414141414141,0.02323232323232323,0.041212121212121214,0.9995847392512478,0.9965618631228054,0.339614201875988,
2026090520,4000,50,100,candidate_b_exposure_oracle,True,0.721,1116,0.46575259999999985,0.8662563131083086,0.010303030303030303,0.8242424242424242,0.030303030303030304,0.04767676767676767,0.999581842954184,0.9965379253546484,0.3507054707909045,
2026090501,4000,50,100,candidate_c_opportunity,False,0.72125,1115,0.46848539999999983,0.8774508533245609,0.009696969696969697,0.7757575757575758,0.02828282828282828,0.047474747474747475,0.9981856402961654,0.9850660850800602,0.0957296061402723,
2026090502,4000,50,100,candidate_c_opportunity,False,0.71825,1127,0.46976529999999994,0.8750771394568595,0.008686868686868687,0.6949494949494949,0.030303030303030304,0.0496969696969697,0.9981853425182776,0.9850636213380732,0.07144049962650782,
2026090503,4000,50,100,candidate_c_opportunity,False,0.713,1148,0.4738825,0.8857990742826501,0.009898989898989899,0.7919191919191918,0.03171717171717172,0.050707070707070714,0.9981857218935005,0.985066762538212,0.0681473503615641,
2026090504,4000,50,100,candidate_c_opportunity,False,0.72,1120,0.4699388,0.8814533453337164,0.008686868686868687,0.6949494949494949,0.028484848484848484,0.04929292929292929,0.9981842225544614,0.9850544814795726,0.08656277794576522,
2026090505,4000,50,100,candidate_c_opportunity,False,0.71875,1125,0.4661754,0.868469918880326,0.00787878787878788,0.6303030303030303,0.024646464646464646,0.048888888888888885,0.9981771558847676,0.9849967877557233,0.07495009320326694,
2026090506,4000,50,100,candidate_c_opportunity,False,0.727,1092,0.46160519999999994,0.8632960094892134,0.012121212121212121,0.9696969696969695,0.030707070707070707,0.051111111111111114,0.9981900927435429,0.9851024353921264,0.06766302157844503,
2026090507,4000,50,100,candidate_c_opportunity,False,0.723,1108,0.46482159999999983,0.8681013765684282,0.011111111111111112,0.8888888888888887,0.03333333333333333,0.051111111111111114,0.9981950439844174,0.9851428590383481,0.06359880710493639,
2026090508,4000,50,100,candidate_c_opportunity,False,0.71475,1141,0.4728475999999999,0.8830854998243375,0.01090909090909091,0.8727272727272727,0.031313131313131314,0.05090909090909091,0.9981800681278403,0.9850205319186187,0.0977016026499262,
2026090509,4000,50,100,candidate_c_opportunity,False,0.71225,1151,0.4761909999999998,0.889404295019987,0.008484848484848484,0.6787878787878787,0.028080808080808078,0.05171717171717172,0.9981844545432659,0.9850563468225353,0.07837701700854999,
2026090510,4000,50,100,candidate_c_opportunity,False,0.7265,1094,0.4641936,0.8690224392960173,0.005858585858585858,0.46868686868686865,0.024444444444444442,0.044040404040404046,0.9981985237840485,0.9851713243992003,0.05152225687028089,
2026090511,4000,50,100,candidate_c_opportunity,False,0.71775,1129,0.47411099999999995,0.8899438184514796,0.010505050505050505,0.8404040404040403,0.03474747474747475,0.05555555555555555,0.9981748244294936,0.9849777169542553,0.06508764789566694,
2026090512,4000,50,100,candidate_c_opportunity,False,0.722,1112,0.4706275,0.8856184279925525,0.010101010101010102,0.8080808080808081,0.027474747474747478,0.049090909090909095,0.998185964074394,0.9850687266597616,0.07670554224898501,
2026090513,4000,50,100,candidate_c_opportunity,False,0.72425,1103,0.4657696,0.8708616422830897,0.012323232323232323,0.9858585858585858,0.03313131313131313,0.05171717171717172,0.9981802933825553,0.9850223772853411,0.06667262476283725,
2026090514,4000,50,100,candidate_c_opportunity,False,0.71075,1157,0.4771828,0.8949636864141471,0.006464646464646465,0.5171717171717172,0.028080808080808078,0.0501010101010101,0.9981892959622768,0.9850959031848542,0.08027112251040472,
2026090515,4000,50,100,candidate_c_opportunity,False,0.7255,1098,0.4658198,0.8728802896159358,0.009494949494949495,0.7595959595959595,0.02787878787878788,0.049090909090909095,0.9981798919222373,0.985019115564234,0.05650449744355521,
2026090516,4000,50,100,candidate_c_opportunity,False,0.72575,1097,0.4655613999999999,0.8730635715685313,0.008282828282828284,0.6626262626262626,0.025656565656565655,0.045858585858585856,0.9981891632991733,0.9850948379090965,0.05273090054928888,
2026090517,4000,50,100,candidate_c_opportunity,False,0.71475,1141,0.4716266,0.8818163074019442,0.00909090909090909,0.7272727272727273,0.028686868686868684,0.04808080808080808,0.9981958379266677,0.9851493271427292,0.08329300066642302,
2026090518,4000,50,100,candidate_c_opportunity,False,0.7185,1126,0.47003529999999993,0.8796362884738214,0.008888888888888889,0.711111111111111,0.02929292929292929,0.04767676767676767,0.9981898149942545,0.985100163153601,0.07376487202431685,
2026090519,4000,50,100,candidate_c_opportunity,False,0.7185,1126,0.46979189999999993,0.8776331807765703,0.008686868686868687,0.6949494949494949,0.02707070707070707,0.04868686868686869,0.998184915380167,0.9850601559641956,0.09098999113956457,
2026090520,4000,50,100,candidate_c_opportunity,False,0.71775,1129,0.4687553999999998,0.8743454694798848,0.01090909090909091,0.8727272727272727,0.03474747474747475,0.05393939393939394,0.9981942389323436,0.9851362779759522,0.05618481602577804,
2026090501,4000,100,100,true_random,False,0.92025,319,0.3494622999999999,0.6359874212592573,0.02929292929292929,1.1717171717171717,0.07737373737373737,0.11767676767676769,1.0,0.9999999999999999,,
2026090502,4000,100,100,true_random,False,0.91725,331,0.3481517999999999,0.6315694736131569,0.026464646464646465,1.0585858585858585,0.07404040404040405,0.11878787878787879,1.0,0.9999999999999999,,
2026090503,4000,100,100,true_random,False,0.91725,331,0.3484681999999999,0.6347282883250124,0.02585858585858586,1.0343434343434343,0.078989898989899,0.1191919191919192,1.0,0.9999999999999999,,
2026090504,4000,100,100,true_random,False,0.91275,349,0.34515969999999996,0.6239871793554737,0.02505050505050505,1.0020202020202018,0.07323232323232323,0.11424242424242424,1.0,0.9999999999999999,,
2026090505,4000,100,100,true_random,False,0.91625,335,0.34249555,0.6217394952872144,0.027373737373737373,1.094949494949495,0.07363636363636364,0.11747474747474748,1.0,0.9999999999999999,,
2026090506,4000,100,100,true_random,False,0.91875,325,0.3425239,0.6252039667180623,0.02909090909090909,1.1636363636363636,0.07414141414141413,0.1191919191919192,1.0,0.9999999999999999,,
2026090507,4000,100,100,true_random,False,0.91875,325,0.3423969,0.6221253892906156,0.023636363636363636,0.9454545454545454,0.07444444444444445,0.1204040404040404,1.0,0.9999999999999999,,
2026090508,4000,100,100,true_random,False,0.917,332,0.3440452999999999,0.6270566162636353,0.02585858585858586,1.0343434343434343,0.07424242424242425,0.11383838383838384,1.0,0.9999999999999999,,
2026090509,4000,100,100,true_random,False,0.91675,333,0.34544189999999997,0.6289038082250735,0.023535353535353538,0.9414141414141413,0.06878787878787879,0.11585858585858587,1.0,0.9999999999999999,,
2026090510,4000,100,100,true_random,False,0.92375,305,0.34035799999999994,0.6201290188339843,0.024141414141414144,0.9656565656565655,0.06626262626262627,0.11,1.0,0.9999999999999999,,
2026090511,4000,100,100,true_random,False,0.92125,315,0.34066215,0.619289915952133,0.02404040404040404,0.9616161616161615,0.07555555555555556,0.11767676767676769,1.0,0.9999999999999999,,
2026090512,4000,100,100,true_random,False,0.9195,322,0.3492879499999999,0.6368673331236263,0.023636363636363636,0.9454545454545454,0.06868686868686869,0.11424242424242424,1.0,0.9999999999999999,,
2026090513,4000,100,100,true_random,False,0.917,332,0.3487860999999999,0.632771680782255,0.02696969696969697,1.0787878787878789,0.07434343434343435,0.11797979797979798,1.0,0.9999999999999999,,
2026090514,4000,100,100,true_random,False,0.9205,318,0.3440114999999999,0.6262906673422493,0.024242424242424242,0.9696969696969697,0.07191919191919192,0.11676767676767677,1.0,0.9999999999999999,,
2026090515,4000,100,100,true_random,False,0.92275,309,0.34490144999999983,0.628522075984607,0.026262626262626265,1.0505050505050506,0.07484848484848484,0.11848484848484848,1.0,0.9999999999999999,,
2026090516,4000,100,100,true_random,False,0.9215,314,0.3458790999999999,0.6318860656795653,0.025151515151515154,1.006060606060606,0.07101010101010101,0.11626262626262626,1.0,0.9999999999999999,,
2026090517,4000,100,100,true_random,False,0.9215,314,0.34348009999999984,0.6232174580353153,0.024242424242424242,0.9696969696969697,0.0697979797979798,0.11131313131313131,1.0,0.9999999999999999,,
2026090518,4000,100,100,true_random,False,0.9185,326,0.33989965,0.6167008999506973,0.02484848484848485,0.9939393939393939,0.07222222222222223,0.11505050505050506,1.0,0.9999999999999999,,
2026090519,4000,100,100,true_random,False,0.92575,297,0.33984254999999997,0.619612782308435,0.024343434343434344,0.9737373737373737,0.07111111111111111,0.11515151515151516,1.0,0.9999999999999999,,
2026090520,4000,100,100,true_random,False,0.925,300,0.34146484999999993,0.6231532716755968,0.02505050505050505,1.0020202020202018,0.07848484848484849,0.12383838383838383,1.0,0.9999999999999999,,
2026090501,4000,100,100,candidate_a_recency_oracle,True,0.928,288,0.3356264999999998,0.6110973735829667,0.015454545454545455,0.6181818181818182,0.05222222222222222,0.08858585858585859,0.9992770066965473,0.9940216236541026,0.5919629356708189,
2026090502,4000,100,100,candidate_a_recency_oracle,True,0.9255,298,0.3359364,0.6076183012385326,0.01414141414141414,0.5656565656565656,0.04939393939393939,0.09141414141414142,0.9992767114856003,0.9940191900174858,0.6065962485413142,
2026090503,4000,100,100,candidate_a_recency_oracle,True,0.92575,297,0.3361894999999999,0.6115553940568262,0.014444444444444444,0.5777777777777777,0.053232323232323235,0.09050505050505052,0.9992768775909314,0.9940205590471578,0.5890426205871602,
2026090504,4000,100,100,candidate_a_recency_oracle,True,0.91775,329,0.33489559999999985,0.6043177971895252,0.014949494949494949,0.597979797979798,0.0501010101010101,0.08747474747474748,0.9992767113053531,0.9940191885129319,0.6165956367101482,
2026090505,4000,100,100,candidate_a_recency_oracle,True,0.92425,303,0.32899334999999996,0.596858442178713,0.015151515151515152,0.606060606060606,0.049090909090909095,0.08989898989898991,0.9992768088661311,0.9940199926128369,0.6108884284926657,
2026090506,4000,100,100,candidate_a_recency_oracle,True,0.92425,303,0.33082544999999985,0.6017973080697521,0.017676767676767676,0.7070707070707071,0.05141414141414141,0.09141414141414142,0.999277466476752,0.994025413873398,0.5995704050984937,
2026090507,4000,100,100,candidate_a_recency_oracle,True,0.92875,285,0.32864885,0.5955837472597787,0.01292929292929293,0.5171717171717172,0.05202020202020202,0.09333333333333334,0.9992764903308072,0.9940173669239217,0.5773613707633499,
2026090508,4000,100,100,candidate_a_recency_oracle,True,0.924,304,0.33296335,0.6056401571890688,0.01393939393939394,0.5575757575757575,0.05171717171717172,0.08676767676767677,0.99927673429882,0.9940193780050501,0.6033601993623391,
2026090509,4000,100,100,candidate_a_recency_oracle,True,0.9215,314,0.3363478,0.6113591415853696,0.013737373737373739,0.5494949494949495,0.046767676767676764,0.09080808080808081,0.999276417303493,0.9940167650574665,0.5987202838401602,
2026090510,4000,100,100,candidate_a_recency_oracle,True,0.9305,278,0.3295492499999999,0.6003332407921453,0.011010101010101012,0.44040404040404035,0.04414141414141414,0.08353535353535353,0.9992754628732038,0.9940088967990328,0.5806412073929418,
2026090511,4000,100,100,candidate_a_recency_oracle,True,0.931,276,0.3274636499999999,0.5953150426454886,0.012727272727272728,0.509090909090909,0.05131313131313131,0.09191919191919191,0.9992763003097376,0.9940158004118324,0.582021764496351,
2026090512,4000,100,100,candidate_a_recency_oracle,True,0.92775,289,0.33575964999999997,0.6117515835696709,0.012525252525252524,0.5010101010101009,0.044949494949494954,0.08595959595959596,0.9992758243686966,0.9940118770605275,0.5968677028356156,
2026090513,4000,100,100,candidate_a_recency_oracle,True,0.9255,298,0.3369076499999999,0.6112937100936013,0.016363636363636365,0.6545454545454545,0.05202020202020202,0.09212121212121213,0.9992773721038216,0.9940246357452304,0.6026308457858002,
2026090514,4000,100,100,candidate_a_recency_oracle,True,0.92825,287,0.33321519999999993,0.6064981450919698,0.01202020202020202,0.48080808080808074,0.04878787878787879,0.0911111111111111,0.999276170459261,0.9940147296162999,0.600035897973744,
2026090515,4000,100,100,candidate_a_recency_oracle,True,0.93025,279,0.3323076999999999,0.604185402008357,0.015555555555555555,0.6222222222222221,0.050707070707070714,0.09101010101010101,0.9992769180706301,0.9940208930569076,0.5685735814500535,
2026090516,4000,100,100,candidate_a_recency_oracle,True,0.92775,289,0.33404274999999983,0.6081447196186118,0.013838383838383839,0.5535353535353535,0.04898989898989899,0.0896969696969697,0.9992765788348024,0.9940180962509707,0.5912188240338616,
2026090517,4000,100,100,candidate_a_recency_oracle,True,0.9305,278,0.3287024999999999,0.5957180541162069,0.012424242424242424,0.49696969696969695,0.04525252525252526,0.08383838383838385,0.9992758633959741,0.9940121985359105,0.5839384245933609,
2026090518,4000,100,100,candidate_a_recency_oracle,True,0.92575,297,0.32693614999999987,0.5917431875400003,0.012424242424242424,0.49696969696969695,0.046969696969696974,0.08545454545454546,0.9992760142662825,0.9940134423596053,0.606785354820646,
2026090519,4000,100,100,candidate_a_recency_oracle,True,0.93325,267,0.32724339999999996,0.5960536888569686,0.013535353535353536,0.5414141414141413,0.04828282828282829,0.08888888888888889,0.9992763019489523,0.9940158135968663,0.6007358944278601,
2026090520,4000,100,100,candidate_a_recency_oracle,True,0.934,264,0.3289386999999999,0.6000666629633744,0.013434343434343436,0.5373737373737373,0.052121212121212124,0.09414141414141415,0.9992766253638128,0.9940184797416297,0.5833862837961445,
2026090501,4000,100,100,candidate_b_exposure_oracle,True,0.93125,275,0.32772735,0.5955837472597787,0.018080808080808083,0.7232323232323232,0.05363636363636364,0.08656565656565657,0.9991887634604574,0.9932946391192702,0.3557630643239957,
2026090502,4000,100,100,candidate_b_exposure_oracle,True,0.9305,278,0.32748929999999987,0.593295878967653,0.015959595959595962,0.6383838383838384,0.04979797979797979,0.08858585858585859,0.9991916446791713,0.9933183717380021,0.3365872008964376,
2026090503,4000,100,100,candidate_b_exposure_oracle,True,0.93025,279,0.32794904999999996,0.5954494101097086,0.01707070707070707,0.6828282828282828,0.055353535353535356,0.0890909090909091,0.9991877486327349,0.9932862820180948,0.3281788457407621,
2026090504,4000,100,100,candidate_b_exposure_oracle,True,0.92225,311,0.3280238,0.5923512471498646,0.017373737373737375,0.6949494949494949,0.051010101010101006,0.08464646464646465,0.9991927539632668,0.9933275026557437,0.3541218971373085,
2026090505,4000,100,100,candidate_b_exposure_oracle,True,0.92875,285,0.3222760499999999,0.5843971252496029,0.017474747474747476,0.6989898989898988,0.050707070707070714,0.08808080808080809,0.9991888890409765,0.9932956712372198,0.36294568615644873,
2026090506,4000,100,100,candidate_b_exposure_oracle,True,0.92875,285,0.3244084999999999,0.5905251899792252,0.020606060606060607,0.8242424242424242,0.054242424242424245,0.09101010101010101,0.9991877456574605,0.9932862528153871,0.35590589783200755,
2026090507,4000,100,100,candidate_b_exposure_oracle,True,0.93325,267,0.32080825,0.5816528174091482,0.015656565656565657,0.6262626262626262,0.05343434343434343,0.09090909090909091,0.99918872735322,0.9932943478300637,0.32799577509609423,
2026090508,4000,100,100,candidate_b_exposure_oracle,True,0.92825,287,0.3262719999999999,0.5925537950262406,0.017676767676767676,0.7070707070707071,0.054242424242424245,0.08666666666666667,0.9991909299769377,0.9933124829514167,0.35877227602273876,
2026090509,4000,100,100,candidate_b_exposure_oracle,True,0.9255,298,0.3278476499999998,0.5956509044734173,0.01606060606060606,0.6424242424242423,0.04828282828282829,0.08848484848484849,0.9991873226784815,0.9932827768473966,0.3485218715130583,
2026090510,4000,100,100,candidate_b_exposure_oracle,True,0.9335,266,0.32252039999999993,0.586787866268552,0.015454545454545455,0.6181818181818182,0.04767676767676767,0.08414141414141414,0.999194165553725,0.9933391399682902,0.3481024452526219,
2026090511,4000,100,100,candidate_b_exposure_oracle,True,0.93425,263,0.31985984999999983,0.581584043797627,0.01414141414141414,0.5656565656565656,0.05232323232323232,0.08949494949494949,0.9991902093253765,0.9933065421817604,0.33682979692198056,
2026090512,4000,100,100,candidate_b_exposure_oracle,True,0.9315,274,0.32760084999999983,0.5956509044734173,0.01505050505050505,0.602020202020202,0.04626262626262626,0.08323232323232324,0.9991931447349398,0.9933307253391915,0.35880661333193553,
2026090513,4000,100,100,candidate_b_exposure_oracle,True,0.93,280,0.3279277999999999,0.5945754788081998,0.019292929292929292,0.7717171717171716,0.054242424242424245,0.0895959595959596,0.9991863660405049,0.9932748937797736,0.35447683290337184,
2026090514,4000,100,100,candidate_b_exposure_oracle,True,0.93425,263,0.3254211,0.5915403621055794,0.016565656565656568,0.6626262626262626,0.053131313131313126,0.0906060606060606,0.9991880089830998,0.9932884211525999,0.35997074331186085,
2026090515,4000,100,100,candidate_b_exposure_oracle,True,0.9325,270,0.32738809999999985,0.5941043679354664,0.018383838383838384,0.7353535353535353,0.05232323232323232,0.0904040404040404,0.9991879361675708,0.993287820537208,0.31514886559498717,
2026090516,4000,100,100,candidate_b_exposure_oracle,True,0.932,272,0.32660775,0.593430703620903,0.016666666666666666,0.6666666666666666,0.05191919191919193,0.08929292929292929,0.9991880152673106,0.993288476904595,0.3467354721453435,
2026090517,4000,100,100,candidate_b_exposure_oracle,True,0.936,256,0.32153284999999987,0.5824087911424415,0.015353535353535354,0.6141414141414141,0.04727272727272727,0.08242424242424243,0.999195754960074,0.9933522272156827,0.34596013305646744,
2026090518,4000,100,100,candidate_b_exposure_oracle,True,0.9305,278,0.3188149,0.5766801539848584,0.014747474747474747,0.5898989898989899,0.04838383838383838,0.08252525252525253,0.9991947229234035,0.9933437245240436,0.33725503247573,
2026090519,4000,100,100,candidate_b_exposure_oracle,True,0.936,256,0.32072565,0.5840547919502074,0.015252525252525252,0.61010101010101,0.050707070707070714,0.08656565656565657,0.9991930474698287,0.9933299286018458,0.37417703823545234,
2026090520,4000,100,100,candidate_b_exposure_oracle,True,0.9385,246,0.31989369999999995,0.5828893548521881,0.015959595959595962,0.6383838383838384,0.05414141414141414,0.0911111111111111,0.9991860619847186,0.9932723918944228,0.3591087244955738,
2026090501,4000,100,100,candidate_c_opportunity,False,0.92275,309,0.3409989499999999,0.6198064213930023,0.021414141414141417,0.8565656565656565,0.061414141414141414,0.09828282828282829,0.9981856402961654,0.9850660850800602,0.13495805392571547,
2026090502,4000,100,100,candidate_c_opportunity,False,0.92225,311,0.33936849999999996,0.6145567508375447,0.019090909090909092,0.7636363636363636,0.059898989898989896,0.10101010101010101,0.9981853425182776,0.9850636213380732,0.10069963444994276,
2026090503,4000,100,100,candidate_c_opportunity,False,0.9245,302,0.33770795,0.6143614571243871,0.020303030303030302,0.812121212121212,0.06525252525252526,0.10111111111111111,0.9981857218935005,0.985066762538212,0.0887640982951025,
2026090504,4000,100,100,candidate_c_opportunity,False,0.9145,342,0.33783054999999984,0.6103113959283408,0.01888888888888889,0.7555555555555555,0.057878787878787884,0.09565656565656566,0.9981842225544614,0.9850544814795726,0.11588126795824401,
2026090505,4000,100,100,candidate_c_opportunity,False,0.91825,327,0.33684654999999997,0.6103113959283408,0.020404040404040404,0.8161616161616161,0.0595959595959596,0.10131313131313131,0.9981771558847676,0.9849967877557233,0.09877813431934225,
2026090506,4000,100,100,candidate_c_opportunity,False,0.92425,303,0.3363526499999998,0.6119477101844568,0.02303030303030303,0.9212121212121211,0.06252525252525253,0.10303030303030304,0.9981900927435429,0.9851024353921264,0.10465746885201305,
2026090507,4000,100,100,candidate_c_opportunity,False,0.9265,294,0.3302317499999998,0.5995998665777036,0.01818181818181818,0.7272727272727273,0.061414141414141414,0.10181818181818182,0.9981950439844174,0.9851428590383481,0.1069607231535093,
2026090508,4000,100,100,candidate_c_opportunity,False,0.92325,307,0.33594734999999987,0.6089991789813841,0.020303030303030305,0.812121212121212,0.06282828282828283,0.1003030303030303,0.9981800681278403,0.9850205319186187,0.13127076203108484,
2026090509,4000,100,100,candidate_c_opportunity,False,0.9195,322,0.33751409999999993,0.6127968668327213,0.017676767676767676,0.7070707070707071,0.055858585858585864,0.09919191919191919,0.9981844545432659,0.9850563468225353,0.10565463379311224,
2026090510,4000,100,100,candidate_c_opportunity,False,0.93275,269,0.33169494999999993,0.6031915118766179,0.018383838383838384,0.7353535353535353,0.05484848484848485,0.09474747474747476,0.9981985237840485,0.9851713243992003,0.09700715137263337,
2026090511,4000,100,100,candidate_c_opportunity,False,0.9215,314,0.3348548,0.6067618972875604,0.018484848484848486,0.7393939393939393,0.06171717171717172,0.10313131313131314,0.9981748244294936,0.9849777169542553,0.08608079978351184,
2026090512,4000,100,100,candidate_c_opportunity,False,0.92575,297,0.3384594999999999,0.6165062854505216,0.018383838383838384,0.7353535353535353,0.055858585858585864,0.09737373737373738,0.998185964074394,0.9850687266597616,0.11772336858382586,
2026090513,4000,100,100,candidate_c_opportunity,False,0.926,296,0.33595054999999996,0.6086706827176745,0.022020202020202023,0.8808080808080807,0.06222222222222222,0.10393939393939394,0.9981802933825553,0.9850223772853411,0.09947731821668657,
2026090514,4000,100,100,candidate_c_opportunity,False,0.92675,293,0.33576235,0.6102458520956943,0.018484848484848486,0.7393939393939393,0.05878787878787879,0.0988888888888889,0.9981892959622768,0.9850959031848542,0.10754438296136416,
2026090515,4000,100,100,candidate_c_opportunity,False,0.9285,286,0.3343260499999998,0.6096556405053594,0.02080808080808081,0.8323232323232322,0.060505050505050506,0.10181818181818182,0.9981798919222373,0.985019115564234,0.08381668687882278,
2026090516,4000,100,100,candidate_c_opportunity,False,0.924,304,0.3394891,0.6172195719515058,0.019393939393939394,0.7757575757575758,0.057777777777777775,0.10080808080808082,0.9981891632991733,0.9850948379090965,0.08409220528575442,
2026090517,4000,100,100,candidate_c_opportunity,False,0.92875,285,0.3335128999999999,0.6043839839042725,0.018080808080808083,0.7232323232323232,0.05757575757575758,0.09737373737373738,0.9981958379266677,0.9851493271427292,0.11075548974468602,
2026090518,4000,100,100,candidate_c_opportunity,False,0.92225,311,0.3311702999999999,0.5987987975939831,0.018282828282828283,0.7313131313131312,0.05737373737373737,0.09636363636363637,0.9981898149942545,0.985100163153601,0.11702251338020178,
2026090519,4000,100,100,candidate_c_opportunity,False,0.928,288,0.33019219999999994,0.6007328857320864,0.01909090909090909,0.7636363636363636,0.0601010101010101,0.0996969696969697,0.998184915380167,0.9850601559641956,0.10396140962577474,
2026090520,4000,100,100,candidate_c_opportunity,False,0.93225,271,0.3289479499999999,0.6000666629633744,0.018383838383838384,0.7353535353535353,0.06363636363636363,0.10494949494949496,0.9981942389323436,0.9851362779759522,0.08751312798326358,
2026090501,4000,25%,100,true_random,False,1.0,0,0.09846658999999991,0.17491941001501235,0.24905050505050505,0.9962020202020202,0.5735656565656565,0.7517474747474747,1.0,0.9999999999999999,,
2026090502,4000,25%,100,true_random,False,1.0,0,0.09855365999999988,0.17486909389597696,0.2532828282828283,1.013131313131313,0.5725151515151514,0.7511111111111111,1.0,0.9999999999999999,,
2026090503,4000,25%,100,true_random,False,1.0,0,0.09992183499999996,0.17738996589435377,0.2506969696969697,1.0027878787878788,0.5724848484848485,0.7523131313131313,1.0,0.9999999999999999,,
2026090504,4000,25%,100,true_random,False,1.0,0,0.096861525,0.1725757804560072,0.2521818181818182,1.0087272727272727,0.5722727272727273,0.7502525252525253,1.0,0.9999999999999999,,
2026090505,4000,25%,100,true_random,False,1.0,0,0.09774483499999986,0.17371010333311068,0.2487979797979798,0.9951919191919192,0.5733434343434343,0.7513838383838384,1.0,0.9999999999999999,,
2026090506,4000,25%,100,true_random,False,1.0,0,0.09706050499999996,0.1725502825265725,0.24923232323232322,0.9969292929292929,0.572040404040404,0.7531212121212121,1.0,0.9999999999999999,,
2026090507,4000,25%,100,true_random,False,1.0,0,0.09772804000000002,0.17323971830963014,0.2485959595959596,0.9943838383838384,0.5721616161616161,0.7503939393939394,1.0,0.9999999999999999,,
2026090508,4000,25%,100,true_random,False,1.0,0,0.09662899499999988,0.17191160519290138,0.2521111111111111,1.0084444444444445,0.5746161616161616,0.7516262626262626,1.0,0.9999999999999999,,
2026090509,4000,25%,100,true_random,False,1.0,0,0.09703525499999999,0.17261981346299735,0.25212121212121213,1.0084848484848485,0.5728282828282828,0.7508080808080808,1.0,0.9999999999999999,,
2026090510,4000,25%,100,true_random,False,1.0,0,0.09779830999999994,0.17347507025506576,0.24863636363636366,0.9945454545454546,0.5710909090909091,0.7515959595959596,1.0,0.9999999999999999,,
2026090511,4000,25%,100,true_random,False,1.0,0,0.09740510000000002,0.17334358944016362,0.2511111111111111,1.0044444444444445,0.5721414141414141,0.749969696969697,1.0,0.9999999999999999,,
2026090512,4000,25%,100,true_random,False,1.0,0,0.09722075499999994,0.1723090247201231,0.24933333333333335,0.9973333333333334,0.5723636363636363,0.7518181818181819,1.0,0.9999999999999999,,
2026090513,4000,25%,100,true_random,False,1.0,0,0.09806293999999993,0.1741998851893996,0.24953535353535355,0.9981414141414142,0.5744747474747475,0.7522222222222222,1.0,0.9999999999999999,,
2026090514,4000,25%,100,true_random,False,1.0,0,0.09679290499999982,0.17210694349734992,0.24895959595959594,0.9958383838383837,0.5743939393939393,0.7527373737373737,1.0,0.9999999999999999,,
2026090515,4000,25%,100,true_random,False,1.0,0,0.09844830999999998,0.1747729956257545,0.24987878787878787,0.9995151515151515,0.5731414141414142,0.7517070707070707,1.0,0.9999999999999999,,
2026090516,4000,25%,100,true_random,False,1.0,0,0.09763283,0.17304103559560663,0.24736363636363637,0.9894545454545455,0.5745454545454545,0.7513838383838384,1.0,0.9999999999999999,,
2026090517,4000,25%,100,true_random,False,1.0,0,0.09724721999999986,0.17283981022900946,0.24987878787878787,0.9995151515151515,0.572111111111111,0.7507676767676769,1.0,0.9999999999999999,,
2026090518,4000,25%,100,true_random,False,1.0,0,0.09660446999999994,0.1715225932639779,0.24694949494949495,0.9877979797979798,0.5729696969696969,0.7520000000000001,1.0,0.9999999999999999,,
2026090519,4000,25%,100,true_random,False,1.0,0,0.09671613999999984,0.171683429602277,0.24845454545454546,0.9938181818181818,0.5745959595959595,0.7516969696969698,1.0,0.9999999999999999,,
2026090520,4000,25%,100,true_random,False,1.0,0,0.09545249499999997,0.16966319577327313,0.24913131313131315,0.9965252525252526,0.5724444444444444,0.7502626262626262,1.0,0.9999999999999999,,
2026090501,4000,25%,100,candidate_a_recency_oracle,True,1.0,0,0.08304770500000003,0.1475750656445729,0.18576767676767678,0.7430707070707071,0.5304343434343435,0.7498282828282828,0.9972768592434177,0.9776716598155454,0.20005351615072903,
2026090502,4000,25%,100,candidate_a_recency_oracle,True,1.0,0,0.08299217999999997,0.14757235513469316,0.18965656565656566,0.7586262626262626,0.527989898989899,0.7486161616161616,0.9972725585155673,0.9776368393350993,0.18428978198902288,
2026090503,4000,25%,100,candidate_a_recency_oracle,True,1.0,0,0.08340666499999982,0.1479837828952889,0.18756565656565655,0.7502626262626262,0.5282525252525253,0.7495555555555556,0.9972753283512449,0.9776592650210193,0.1883572403264411,
2026090504,4000,25%,100,candidate_a_recency_oracle,True,1.0,0,0.08162102999999998,0.14573400426804994,0.1882828282828283,0.7531313131313132,0.5287979797979798,0.7480909090909091,0.9972740743968127,0.9776491091263404,0.21105156311762122,
2026090505,4000,25%,100,candidate_a_recency_oracle,True,1.0,0,0.08195403999999984,0.14575596042700964,0.18545454545454546,0.7418181818181818,0.5297979797979798,0.7486868686868687,0.9972767485127204,0.9776708078972363,0.19747162745308236,
2026090506,4000,25%,100,candidate_a_recency_oracle,True,1.0,0,0.08156499999999989,0.14501586120145618,0.18476767676767678,0.7390707070707071,0.5272222222222223,0.7516464646464646,0.9972807428942885,0.9777031688369546,0.16525997732015746,
2026090507,4000,25%,100,candidate_a_recency_oracle,True,1.0,0,0.08220976000000002,0.14609859684473359,0.1850808080808081,0.7403232323232324,0.5288181818181819,0.7490808080808081,0.9972809689738642,0.9777050064513007,0.18810062877324946,
2026090508,4000,25%,100,candidate_a_recency_oracle,True,1.0,0,0.08215958999999984,0.14594793592236927,0.1880808080808081,0.7523232323232324,0.5314242424242425,0.7496666666666667,0.9972702330392802,0.9776179696691366,0.1915518431983117,
2026090509,4000,25%,100,candidate_a_recency_oracle,True,1.0,0,0.08063669499999992,0.1434963414167762,0.18653535353535353,0.7461414141414141,0.5281111111111111,0.7493131313131314,0.9972786689766134,0.9776863878718874,0.16563177195869278,
2026090510,4000,25%,100,candidate_a_recency_oracle,True,1.0,0,0.08186362999999997,0.14502689405761954,0.18548484848484847,0.7419393939393939,0.5285555555555556,0.7502323232323231,0.9972802767122922,0.977699388193789,0.17576776848518813,
2026090511,4000,25%,100,candidate_a_recency_oracle,True,1.0,0,0.08226190999999994,0.14647320574084532,0.1869090909090909,0.7476363636363637,0.5287070707070708,0.7473232323232323,0.9972773816236002,0.977675927876218,0.17942482805718055,
2026090512,4000,25%,100,candidate_a_recency_oracle,True,1.0,0,0.08173056499999998,0.14502137773445678,0.1856262626262626,0.7425050505050504,0.5292525252525253,0.7502323232323231,0.9972755093223264,0.9776607166215228,0.18958549192467505,
2026090513,4000,25%,100,candidate_a_recency_oracle,True,1.0,0,0.082282505,0.14623542662433067,0.18483838383838383,0.7393535353535353,0.5308888888888889,0.75,0.9972731386970041,0.9776415020951265,0.188091023689022,
2026090514,4000,25%,100,candidate_a_recency_oracle,True,1.0,0,0.08163305999999992,0.14521707888537078,0.1846767676767677,0.7387070707070708,0.5315757575757576,0.7495858585858586,0.9972758380971601,0.9776634433940734,0.1948500602478233,
2026090515,4000,25%,100,candidate_a_recency_oracle,True,1.0,0,0.08258967999999989,0.14717336715588183,0.1857171717171717,0.7428686868686868,0.5285555555555556,0.7486464646464647,0.9972748596601211,0.9776554736788874,0.17647635625312036,
2026090516,4000,25%,100,candidate_a_recency_oracle,True,1.0,0,0.08165242499999992,0.14527491180517027,0.18418181818181817,0.7367272727272727,0.5297979797979798,0.7494343434343435,0.9972772172182803,0.9776746054415871,0.20713344957292498,
2026090517,4000,25%,100,candidate_a_recency_oracle,True,1.0,0,0.08178234499999992,0.14542076880555954,0.18505050505050505,0.7402020202020202,0.5285252525252526,0.74889898989899,0.9972796406412344,0.9776942510976232,0.19787941621784502,
2026090518,4000,25%,100,candidate_a_recency_oracle,True,1.0,0,0.08185607999999989,0.14527215837867902,0.18403030303030304,0.7361212121212122,0.5301919191919192,0.749919191919192,0.9972767574156619,0.9776708464893318,0.18361901036477077,
2026090519,4000,25%,100,candidate_a_recency_oracle,True,1.0,0,0.08194086999999994,0.1456104391862067,0.18412121212121213,0.7364848484848485,0.5296060606060606,0.7492323232323232,0.9972781083144332,0.9776817960643757,0.20711879225065377,
2026090520,4000,25%,100,candidate_a_recency_oracle,True,1.0,0,0.08100745999999992,0.14398611044125054,0.18615151515151512,0.7446060606060605,0.5284949494949496,0.7483737373737374,0.9972769916285718,0.9776727589378116,0.1820491563544576,
2026090501,4000,25%,100,candidate_b_exposure_oracle,True,1.0,0,0.06130003499999992,0.10911278568527155,0.19315151515151516,0.7726060606060606,0.5206363636363637,0.7391515151515152,0.9952177795850453,0.9611247026212646,0.35048626813400247,
2026090502,4000,25%,100,candidate_b_exposure_oracle,True,1.0,0,0.06140182499999991,0.1092520022699813,0.1976060606060606,0.7904242424242424,0.5178686868686869,0.7373333333333333,0.9952058282318816,0.9610291147343015,0.3495640884641777,
2026090503,4000,25%,100,candidate_b_exposure_oracle,True,1.0,0,0.06198292499999991,0.11049705878438575,0.19537373737373737,0.7814949494949495,0.5183232323232323,0.7391515151515152,0.9951943100792313,0.9609376401162989,0.35222026457204464,
2026090504,4000,25%,100,candidate_b_exposure_oracle,True,1.0,0,0.060768884999999884,0.10864621484432856,0.19574747474747475,0.782989898989899,0.5187979797979798,0.736959595959596,0.9951957848183777,0.9609493235642651,0.38054633048248027,
2026090505,4000,25%,100,candidate_b_exposure_oracle,True,1.0,0,0.06094294499999986,0.10881176406988353,0.19325252525252526,0.773010101010101,0.5197575757575758,0.738030303030303,0.9952216481806243,0.9611554617563537,0.34119266466189935,
2026090506,4000,25%,100,candidate_b_exposure_oracle,True,1.0,0,0.060850775000000024,0.10830697115144527,0.19440404040404038,0.7776161616161615,0.518,0.7402727272727273,0.9952145890268954,0.9610991706988911,0.34885296584498887,
2026090507,4000,25%,100,candidate_b_exposure_oracle,True,1.0,0,0.06163141999999988,0.10965764907200956,0.19374747474747475,0.774989898989899,0.5190404040404041,0.738989898989899,0.9952243075808377,0.9611764859385252,0.36930017158761264,
2026090508,4000,25%,100,candidate_b_exposure_oracle,True,1.0,0,0.06059069499999992,0.1080518394105348,0.19672727272727272,0.7869090909090909,0.5206868686868688,0.7388989898989898,0.995172539411117,0.9607641174142196,0.33198895052974775,
2026090509,4000,25%,100,candidate_b_exposure_oracle,True,1.0,0,0.060294654999999864,0.1073871500692704,0.1938989898989899,0.7755959595959596,0.5194545454545455,0.7393434343434343,0.995215519529337,0.9611064333430365,0.32965197630600956,
2026090510,4000,25%,100,candidate_b_exposure_oracle,True,1.0,0,0.061081259999999915,0.10855413396089529,0.19353535353535353,0.7741414141414141,0.5195656565656566,0.7394242424242424,0.9952288809583273,0.9612130032892808,0.3649559019760255,
2026090511,4000,25%,100,candidate_b_exposure_oracle,True,1.0,0,0.06093366999999983,0.10874925287099677,0.19519191919191922,0.7807676767676769,0.5197070707070707,0.737040404040404,0.9952102359587175,0.961064324103258,0.3522428495008649,
2026090512,4000,25%,100,candidate_b_exposure_oracle,True,1.0,0,0.06065969500000001,0.10798888831727087,0.19313131313131315,0.7725252525252526,0.518919191919192,0.7396666666666667,0.995219516665917,0.9611383587776714,0.3498769304133057,
2026090513,4000,25%,100,candidate_b_exposure_oracle,True,1.0,0,0.060817184999999885,0.10847303812468793,0.19286868686868688,0.7714747474747475,0.5204343434343435,0.7391414141414141,0.9951938834657702,0.9609342611124266,0.3474498620744186,
2026090514,4000,25%,100,candidate_b_exposure_oracle,True,1.0,0,0.06065487000000003,0.10794443014810907,0.19213131313131315,0.7685252525252526,0.5212727272727273,0.7397777777777778,0.9952201625405821,0.9611432990453979,0.33128345273094634,
2026090515,4000,25%,100,candidate_b_exposure_oracle,True,1.0,0,0.061401564999999936,0.10952990459230758,0.19538383838383838,0.7815353535353535,0.5187272727272727,0.7375353535353536,0.995205800722792,0.9610291649968679,0.32511407063010755,
2026090516,4000,25%,100,candidate_b_exposure_oracle,True,1.0,0,0.06076218,0.10840664186294122,0.19255555555555554,0.7702222222222221,0.5202323232323233,0.7384141414141414,0.9952160200814804,0.9611105181689179,0.36008224868429584,
2026090517,4000,25%,100,candidate_b_exposure_oracle,True,1.0,0,0.06074357499999983,0.10831805020401725,0.19367676767676767,0.7747070707070707,0.5194747474747475,0.7382020202020202,0.9952280728987409,0.9612064307564626,0.36362437662373653,
2026090518,4000,25%,100,candidate_b_exposure_oracle,True,1.0,0,0.06042360000000002,0.1077552782929913,0.1923030303030303,0.7692121212121212,0.5206161616161616,0.7398585858585858,0.9952237876526759,0.9611724594333978,0.3440354503079197,
2026090519,4000,25%,100,candidate_b_exposure_oracle,True,1.0,0,0.06055047499999988,0.10788141637928193,0.19164646464646465,0.7665858585858586,0.5201212121212122,0.7393333333333334,0.9952154231718521,0.9611058235269606,0.36029722799030567,
2026090520,4000,25%,100,candidate_b_exposure_oracle,True,1.0,0,0.06035894499999994,0.1073797001299594,0.19366666666666668,0.7746666666666667,0.5199393939393939,0.7372727272727272,0.9952086975281778,0.9610521515593488,0.3450979844420965,
2026090501,4000,25%,100,candidate_c_opportunity,False,1.0,0,0.07908199999999987,0.14066413899782704,0.218010101010101,0.872040404040404,0.5462626262626263,0.7453232323232324,0.9981856402961654,0.9850660850800602,0.23600172137826975,
2026090502,4000,25%,100,candidate_c_opportunity,False,1.0,0,0.07951177499999984,0.14102198410177047,0.2224949494949495,0.889979797979798,0.5443939393939394,0.7443333333333334,0.9981853425182776,0.9850636213380732,0.26282437342668125,
2026090503,4000,25%,100,candidate_c_opportunity,False,1.0,0,0.080314255,0.14283416958137152,0.21907070707070705,0.8762828282828282,0.5439090909090909,0.7453535353535354,0.9981857218935005,0.985066762538212,0.26003379930623305,
2026090504,4000,25%,100,candidate_c_opportunity,False,1.0,0,0.07706187499999984,0.13738413299941155,0.22079797979797983,0.8831919191919193,0.5443838383838384,0.7432525252525252,0.9981842225544614,0.9850544814795726,0.29407272942393176,
2026090505,4000,25%,100,candidate_c_opportunity,False,1.0,0,0.07789719499999981,0.1384543245984032,0.21723232323232322,0.8689292929292929,0.5458484848484849,0.744959595959596,0.9981771558847676,0.9849967877557233,0.25764132432945974,
2026090506,4000,25%,100,candidate_c_opportunity,False,1.0,0,0.07779981499999988,0.1381390603703384,0.21815151515151515,0.8726060606060606,0.543969696969697,0.7467676767676769,0.9981900927435429,0.9851024353921264,0.2620464099688589,
2026090507,4000,25%,100,candidate_c_opportunity,False,1.0,0,0.07906171499999992,0.1401884446022567,0.21768686868686868,0.8707474747474747,0.5442626262626263,0.7445050505050506,0.9981950439844174,0.9851428590383481,0.290012109816754,
2026090508,4000,25%,100,candidate_c_opportunity,False,1.0,0,0.07787615999999997,0.13883515404968583,0.22147474747474746,0.8858989898989899,0.546969696969697,0.7455555555555555,0.9981800681278403,0.9850205319186187,0.25867766444572954,
2026090509,4000,25%,100,candidate_c_opportunity,False,1.0,0,0.07707800499999995,0.13699635031634969,0.21844444444444447,0.8737777777777779,0.5442020202020202,0.7446363636363635,0.9981844545432659,0.9850563468225353,0.25039753393808223,
2026090510,4000,25%,100,candidate_c_opportunity,False,1.0,0,0.07905587999999986,0.140328186762318,0.21856565656565657,0.8742626262626263,0.5445656565656566,0.7454242424242424,0.9981985237840485,0.9851713243992003,0.2633448639765876,
2026090511,4000,25%,100,candidate_c_opportunity,False,1.0,0,0.07819331499999982,0.13928962631868894,0.21886868686868685,0.8754747474747474,0.5445757575757576,0.7431313131313132,0.9981748244294936,0.9849777169542553,0.2470193957711226,
2026090512,4000,25%,100,candidate_c_opportunity,False,1.0,0,0.07833303999999996,0.13893883546366725,0.21855555555555556,0.8742222222222222,0.5447373737373737,0.7456464646464647,0.998185964074394,0.9850687266597616,0.2832885266475146,
2026090513,4000,25%,100,candidate_c_opportunity,False,1.0,0,0.07786546999999988,0.1385149811392255,0.21753535353535355,0.8701414141414142,0.5459090909090909,0.7453535353535354,0.9981802933825553,0.9850223772853411,0.2758046544260806,
2026090514,4000,25%,100,candidate_c_opportunity,False,1.0,0,0.07810324499999988,0.13887260348967323,0.2167171717171717,0.8668686868686868,0.5461818181818182,0.7455555555555555,0.9981892959622768,0.9850959031848542,0.24557441206524067,
2026090515,4000,25%,100,candidate_c_opportunity,False,1.0,0,0.07923607999999982,0.14112972755589093,0.21883838383838383,0.8753535353535353,0.5448080808080809,0.7446868686868687,0.9981798919222373,0.985019115564234,0.23603567033310474,
2026090516,4000,25%,100,candidate_c_opportunity,False,1.0,0,0.07891001999999991,0.1399657100864351,0.21696969696969698,0.8678787878787879,0.5463434343434344,0.7446363636363635,0.9981891632991733,0.9850948379090965,0.27402092193455635,
2026090517,4000,25%,100,candidate_c_opportunity,False,1.0,0,0.07710029499999993,0.13722098964808555,0.21807070707070705,0.8722828282828282,0.5441313131313131,0.743939393939394,0.9981958379266677,0.9851493271427292,0.2703552647141085,
2026090518,4000,25%,100,candidate_c_opportunity,False,1.0,0,0.078003445,0.13888412436272188,0.21608080808080807,0.8643232323232323,0.5462323232323233,0.7458383838383837,0.9981898149942545,0.985100163153601,0.2616644346307617,
2026090519,4000,25%,100,candidate_c_opportunity,False,1.0,0,0.07835077999999984,0.13906257584267595,0.21619191919191919,0.8647676767676767,0.5455353535353535,0.7447272727272727,0.998184915380167,0.9850601559641956,0.27837688641199515,
2026090520,4000,25%,100,candidate_c_opportunity,False,1.0,0,0.07738756499999999,0.1375848828905269,0.2186767676767677,0.8747070707070708,0.5451010101010101,0.7437171717171717,0.9981942389323436,0.9851362779759522,0.25012581891302527,
2026090501,4000,50%,100,true_random,False,1.0,0,0.055919542499999864,0.09940020120703982,0.4980252525252525,0.996050505050505,0.8710202020202019,0.9610454545454545,1.0,0.9999999999999999,,
2026090502,4000,50%,100,true_random,False,1.0,0,0.056290932499999835,0.09991096035971228,0.49985858585858584,0.9997171717171717,0.8704545454545455,0.9597878787878789,1.0,0.9999999999999999,,
2026090503,4000,50%,100,true_random,False,1.0,0,0.05668421999999995,0.10057136769478676,0.49967171717171716,0.9993434343434343,0.8697070707070707,0.9608939393939394,1.0,0.9999999999999999,,
2026090504,4000,50%,100,true_random,False,1.0,0,0.056360994999999914,0.09997699735439147,0.5000252525252525,1.000050505050505,0.8692727272727273,0.9602323232323232,1.0,0.9999999999999999,,
2026090505,4000,50%,100,true_random,False,1.0,0,0.057093522499999994,0.10134495547386659,0.49988383838383843,0.9997676767676769,0.8697979797979798,0.9604646464646465,1.0,0.9999999999999999,,
2026090506,4000,50%,100,true_random,False,1.0,0,0.05640767000000002,0.10028260068426625,0.4991868686868687,0.9983737373737374,0.8698535353535354,0.9607929292929293,1.0,0.9999999999999999,,
2026090507,4000,50%,100,true_random,False,1.0,0,0.05629908750000001,0.09975068922067656,0.5006818181818181,1.0013636363636362,0.8693080808080808,0.9602777777777778,1.0,0.9999999999999999,,
2026090508,4000,50%,100,true_random,False,1.0,0,0.05642795749999996,0.10008796131403618,0.5002171717171717,1.0004343434343435,0.8705303030303031,0.9604848484848484,1.0,0.9999999999999999,,
2026090509,4000,50%,100,true_random,False,1.0,0,0.057009657499999866,0.10113851887386921,0.50010101010101,1.00020202020202,0.8700656565656566,0.9603838383838385,1.0,0.9999999999999999,,
2026090510,4000,50%,100,true_random,False,1.0,0,0.056656629999999986,0.10038127315391053,0.4987474747474747,0.9974949494949494,0.8696212121212121,0.9607373737373738,1.0,0.9999999999999999,,
2026090511,4000,50%,100,true_random,False,1.0,0,0.05687849999999983,0.10111775313959463,0.5018535353535353,1.0037070707070705,0.8697323232323232,0.9603030303030302,1.0,0.9999999999999999,,
2026090512,4000,50%,100,true_random,False,1.0,0,0.05593312499999992,0.09933277404764251,0.49967676767676766,0.9993535353535353,0.8698434343434344,0.9607676767676767,1.0,0.9999999999999999,,
2026090513,4000,50%,100,true_random,False,1.0,0,0.05714774999999994,0.10130547862776228,0.5002828282828282,1.0005656565656564,0.8699393939393939,0.9606363636363636,1.0,0.9999999999999999,,
2026090514,4000,50%,100,true_random,False,1.0,0,0.05631250749999994,0.09980080159998715,0.49897474747474746,0.9979494949494949,0.8705656565656567,0.9605303030303031,1.0,0.9999999999999999,,
2026090515,4000,50%,100,true_random,False,1.0,0,0.05603319749999991,0.09961927524329818,0.4986818181818182,0.9973636363636365,0.8700151515151515,0.9608131313131313,1.0,0.9999999999999999,,
2026090516,4000,50%,100,true_random,False,1.0,0,0.05645050499999993,0.10022474744293447,0.4988888888888889,0.9977777777777778,0.8702727272727272,0.960469696969697,1.0,0.9999999999999999,,
2026090517,4000,50%,100,true_random,False,1.0,0,0.05561910499999989,0.09884229863777957,0.4998282828282828,0.9996565656565656,0.8704545454545455,0.9607979797979798,1.0,0.9999999999999999,,
2026090518,4000,50%,100,true_random,False,1.0,0,0.055922787499999904,0.09907169121398907,0.49899999999999994,0.9979999999999999,0.8701161616161616,0.9606363636363636,1.0,0.9999999999999999,,
2026090519,4000,50%,100,true_random,False,1.0,0,0.055562144999999896,0.0986519133114001,0.4981464646464646,0.9962929292929292,0.871030303030303,0.9607777777777778,1.0,0.9999999999999999,,
2026090520,4000,50%,100,true_random,False,1.0,0,0.05487703749999984,0.097082439194738,0.49932323232323234,0.9986464646464647,0.8694848484848484,0.9611414141414142,1.0,0.9999999999999999,,
2026090501,4000,50%,100,candidate_a_recency_oracle,True,1.0,0,0.047940597500000015,0.08492820497337737,0.4426111111111111,0.8852222222222222,0.8832373737373738,0.9747070707070706,0.9980657256304514,0.9840936977114946,0.11844407042064149,
2026090502,4000,50%,100,candidate_a_recency_oracle,True,1.0,0,0.04770571000000001,0.08479740562069102,0.44526767676767676,0.8905353535353535,0.8817727272727273,0.9740101010101011,0.9980550521879782,0.9840066127389422,0.10616082065591873,
2026090503,4000,50%,100,candidate_a_recency_oracle,True,1.0,0,0.04846391499999991,0.08604417470113825,0.4446616161616162,0.8893232323232324,0.8811717171717172,0.9742929292929293,0.9980603870864148,0.9840501473614968,0.12066512270895971,
2026090504,4000,50%,100,candidate_a_recency_oracle,True,1.0,0,0.04835958249999983,0.08601976517056995,0.4446010101010101,0.8892020202020202,0.8812878787878788,0.9744545454545455,0.9980581566605937,0.9840320080085704,0.18292969223841032,
2026090505,4000,50%,100,candidate_a_recency_oracle,True,1.0,0,0.04848168499999983,0.08611271683090715,0.44455050505050503,0.8891010101010101,0.8812373737373737,0.9741818181818183,0.998058538362182,0.9840350104933426,0.12732277881566373,
2026090506,4000,50%,100,candidate_a_recency_oracle,True,1.0,0,0.04846165499999988,0.08598720835100998,0.44435353535353533,0.8887070707070707,0.8812979797979797,0.9744090909090909,0.998060102584986,0.9840478396366986,0.12717133077908327,
2026090507,4000,50%,100,candidate_a_recency_oracle,True,1.0,0,0.048747444999999834,0.0864650218296393,0.44505555555555554,0.8901111111111111,0.8808888888888888,0.9743484848484848,0.9980564055346474,0.9840175854677605,0.1456253953933758,
2026090508,4000,50%,100,candidate_a_recency_oracle,True,1.0,0,0.04856017749999997,0.0862577532747057,0.4453484848484849,0.8906969696969698,0.8818838383838384,0.9742727272727273,0.9980522797256409,0.9839839852794167,0.15138440956232163,
2026090509,4000,50%,100,candidate_a_recency_oracle,True,1.0,0,0.0482594999999999,0.08577412197160633,0.4457828282828283,0.8915656565656566,0.8814191919191918,0.9740353535353535,0.9980551019980927,0.9840070989821358,0.15208427281275208,
2026090510,4000,50%,100,candidate_a_recency_oracle,True,1.0,0,0.048223484999999844,0.08539789224565206,0.4447525252525253,0.8895050505050506,0.8814343434343435,0.9740858585858586,0.9980598387739466,0.9840454681553176,0.14477531527690102,
2026090511,4000,50%,100,candidate_a_recency_oracle,True,1.0,0,0.048800172500000016,0.08685044617041411,0.4460959595959596,0.8921919191919192,0.8812474747474747,0.9743333333333334,0.9980527843267925,0.9839881483274149,0.1322864294470171,
2026090512,4000,50%,100,candidate_a_recency_oracle,True,1.0,0,0.048064525000000025,0.08554647859497198,0.4444444444444444,0.8888888888888888,0.8820151515151515,0.9746111111111112,0.9980637137540672,0.9840772671627751,0.14833032480669595,
2026090513,4000,50%,100,candidate_a_recency_oracle,True,1.0,0,0.04916525999999988,0.0870735321438151,0.4447929292929293,0.8895858585858586,0.8818131313131312,0.9744343434343435,0.9980566164527016,0.9840195289746148,0.14666912760767173,
2026090514,4000,50%,100,candidate_a_recency_oracle,True,1.0,0,0.047792509999999844,0.08500470575209353,0.4438030303030303,0.8876060606060606,0.8817171717171717,0.9746616161616162,0.9980644851856101,0.9840836379581356,0.144378292274219,
2026090515,4000,50%,100,candidate_a_recency_oracle,True,1.0,0,0.047771620000000015,0.0850199976476123,0.4440757575757576,0.8881515151515152,0.8814141414141414,0.9745656565656565,0.9980587836303074,0.9840371614380041,0.10439181940497029,
2026090516,4000,50%,100,candidate_a_recency_oracle,True,1.0,0,0.04805719249999996,0.08543886703368672,0.44412121212121214,0.8882424242424243,0.8816818181818182,0.9742626262626263,0.9980555567440313,0.9840106968844151,0.10954192659010459,
2026090517,4000,50%,100,candidate_a_recency_oracle,True,1.0,0,0.04825857499999997,0.08584753927748891,0.4446969696969697,0.8893939393939394,0.8820555555555555,0.9744999999999999,0.9980604696715385,0.9840509172259815,0.11911847761893618,
2026090518,4000,50%,100,candidate_a_recency_oracle,True,1.0,0,0.047521702499999874,0.0844760321037867,0.44337878787878787,0.8867575757575757,0.8816868686868686,0.9743787878787878,0.9980622390737663,0.984065326952742,0.13233347216058267,
2026090519,4000,50%,100,candidate_a_recency_oracle,True,1.0,0,0.04760822249999985,0.08449733723615199,0.44236363636363635,0.8847272727272727,0.8824848484848484,0.9742979797979798,0.9980623804737289,0.9840663419389535,0.1458011260955409,
2026090520,4000,50%,100,candidate_a_recency_oracle,True,1.0,0,0.047371779999999974,0.08426031094174766,0.44490404040404047,0.8898080808080809,0.8813030303030303,0.9746313131313131,0.9980590922633651,0.9840396815179889,0.11474274798210783,
2026090501,4000,50%,100,candidate_b_exposure_oracle,True,1.0,0,0.028571694999999897,0.050852728540364475,0.44047474747474746,0.8809494949494949,0.8816818181818182,0.9781666666666666,0.9945948655489844,0.9561724821041205,0.366023789246264,
2026090502,4000,50%,100,candidate_b_exposure_oracle,True,1.0,0,0.02817491999999988,0.05020557737941075,0.4421666666666667,0.8843333333333334,0.8805252525252525,0.9779848484848485,0.994597915486095,0.9561964789869875,0.3423529900223322,
2026090503,4000,50%,100,candidate_b_exposure_oracle,True,1.0,0,0.028826599999999925,0.051375091240794896,0.44234343434343437,0.8846868686868687,0.8796818181818181,0.9780959595959596,0.9945828349723734,0.9560770392287583,0.3482965697051609,
2026090504,4000,50%,100,candidate_b_exposure_oracle,True,1.0,0,0.028778084999999898,0.051271824621325894,0.442010101010101,0.884020202020202,0.8805404040404041,0.978020202020202,0.994566979592665,0.9559514250580304,0.37865927760989326,
2026090505,4000,50%,100,candidate_b_exposure_oracle,True,1.0,0,0.028829097499999845,0.05138093031466052,0.44179292929292924,0.8835858585858585,0.8806060606060605,0.9777777777777777,0.9945609468968019,0.9559036906763086,0.36822949818811695,
2026090506,4000,50%,100,candidate_b_exposure_oracle,True,1.0,0,0.028559977499999833,0.05088221693283421,0.44213131313131315,0.8842626262626263,0.8799444444444444,0.9779797979797981,0.9945941558251441,0.9561668434769517,0.3678744872155875,
2026090507,4000,50%,100,candidate_b_exposure_oracle,True,1.0,0,0.02896162999999996,0.051619763656956044,0.44324242424242427,0.8864848484848485,0.8795959595959596,0.9775909090909092,0.9945512177871992,0.9558265818904812,0.3669259947253468,
2026090508,4000,50%,100,candidate_b_exposure_oracle,True,1.0,0,0.028829432499999808,0.05128742535943874,0.4428939393939394,0.8857878787878788,0.880969696969697,0.9778383838383838,0.9945688443270058,0.9559660193916452,0.389423424304735,
2026090509,4000,50%,100,candidate_b_exposure_oracle,True,1.0,0,0.02868300749999997,0.05120546845796843,0.44301515151515153,0.8860303030303031,0.8799949494949495,0.9779444444444445,0.9945658792838721,0.9559426435886056,0.37452878999296835,
2026090510,4000,50%,100,candidate_b_exposure_oracle,True,1.0,0,0.028441009999999878,0.05066951746365856,0.4406969696969697,0.8813939393939394,0.880439393939394,0.9781212121212122,0.9945948813436609,0.956172588992134,0.3730021074269158,
2026090511,4000,50%,100,candidate_b_exposure_oracle,True,1.0,0,0.028953737499999965,0.05177064805466511,0.44353535353535356,0.8870707070707071,0.8797777777777778,0.9779242424242424,0.9945408413562636,0.9557443161871285,0.36340721860118635,
2026090512,4000,50%,100,candidate_b_exposure_oracle,True,1.0,0,0.028284919999999936,0.050479698889751706,0.44183333333333336,0.8836666666666667,0.8811161616161616,0.9782373737373737,0.9946094202951759,0.956288024975228,0.3728196660761479,
2026090513,4000,50%,100,candidate_b_exposure_oracle,True,1.0,0,0.029051624999999914,0.05162170086310601,0.44231818181818183,0.8846363636363637,0.8801666666666667,0.9778989898989898,0.9945713641370704,0.955986036655229,0.36295010399064487,
2026090514,4000,50%,100,candidate_b_exposure_oracle,True,1.0,0,0.028313517499999996,0.05060434763930863,0.4408535353535354,0.8817070707070708,0.8809494949494949,0.978111111111111,0.9946041828788192,0.9562461224779283,0.35633414943476954,
2026090515,4000,50%,100,candidate_b_exposure_oracle,True,1.0,0,0.028451014999999913,0.050852728540364475,0.4410151515151515,0.882030303030303,0.8805555555555555,0.9779444444444445,0.9945992204062389,0.9562066399650613,0.3533728224637548,
2026090516,4000,50%,100,candidate_b_exposure_oracle,True,1.0,0,0.028240264999999987,0.050517323761260356,0.440979797979798,0.881959595959596,0.8804040404040404,0.9782828282828284,0.9945717358177248,0.9559891071005603,0.3462484128159758,
2026090517,4000,50%,100,candidate_b_exposure_oracle,True,1.0,0,0.028557539999999992,0.05111555536233564,0.44207070707070706,0.8841414141414141,0.8810555555555555,0.9780858585858586,0.994576405951892,0.9560260215517661,0.3540313270227205,
2026090518,4000,50%,100,candidate_b_exposure_oracle,True,1.0,0,0.02824635749999982,0.05042816673249187,0.44073232323232325,0.8814646464646465,0.8805050505050506,0.9778636363636363,0.9945813447601188,0.9560651714336126,0.36970738958638266,
2026090519,4000,50%,100,candidate_b_exposure_oracle,True,1.0,0,0.028433132500000013,0.05073263249625432,0.43996464646464645,0.8799292929292929,0.8805050505050506,0.9778838383838384,0.9945627478296909,0.9559178865307216,0.3600165233025514,
2026090520,4000,50%,100,candidate_b_exposure_oracle,True,1.0,0,0.02811709750000002,0.05019760950483598,0.44203030303030305,0.8840606060606061,0.8802121212121212,0.9781515151515152,0.9946019764533165,0.9562285214789548,0.35107659013963405,
2026090501,4000,50%,100,candidate_c_opportunity,False,1.0,0,0.04223876500000001,0.07508661665037251,0.47285353535353536,0.9457070707070707,0.8737474747474748,0.9685707070707071,0.9981856402961654,0.9850660850800602,0.21791295077584352,
2026090502,4000,50%,100,candidate_c_opportunity,False,1.0,0,0.04299940000000002,0.07638062581571324,0.4750808080808081,0.9501616161616162,0.8730151515151515,0.9674444444444444,0.9981853425182776,0.9850636213380732,0.19323870142026994,
2026090503,4000,50%,100,candidate_c_opportunity,False,1.0,0,0.04322826999999996,0.07696232844710456,0.47497979797979795,0.9499595959595959,0.8722272727272727,0.9679797979797979,0.9981857218935005,0.985066762538212,0.21951733994588474,
2026090504,4000,50%,100,candidate_c_opportunity,False,1.0,0,0.04318878249999991,0.07682447526667527,0.47569191919191917,0.9513838383838383,0.8718686868686868,0.9681565656565656,0.9981842225544614,0.9850544814795726,0.22183311180765258,
2026090505,4000,50%,100,candidate_c_opportunity,False,1.0,0,0.04345638750000003,0.0771349466843661,0.47505050505050506,0.9501010101010101,0.8720555555555556,0.9678181818181819,0.9981771558847676,0.9849967877557233,0.23697440478829615,
2026090506,4000,50%,100,candidate_c_opportunity,False,1.0,0,0.043079639999999975,0.07644605941446557,0.47459595959595957,0.9491919191919191,0.8726767676767676,0.9679343434343435,0.9981900927435429,0.9851024353921264,0.24353729243480857,
2026090507,4000,50%,100,candidate_c_opportunity,False,1.0,0,0.04366039749999984,0.07747515730864958,0.4764393939393939,0.9528787878787878,0.8716868686868686,0.9676161616161616,0.9981950439844174,0.9851428590383481,0.23230779444764327,
2026090508,4000,50%,100,candidate_c_opportunity,False,1.0,0,0.042845042499999986,0.07615247862019987,0.4758131313131313,0.9516262626262626,0.873010101010101,0.9676616161616162,0.9981800681278403,0.9850205319186187,0.2374918214009782,
2026090509,4000,50%,100,candidate_c_opportunity,False,1.0,0,0.043432530000000025,0.07714790988743635,0.4761565656565656,0.9523131313131312,0.8723232323232323,0.9674393939393939,0.9981844545432659,0.9850563468225353,0.2100089147727217,
2026090510,4000,50%,100,candidate_c_opportunity,False,1.0,0,0.04289100000000001,0.07619448798961773,0.4742222222222222,0.9484444444444444,0.8724999999999999,0.968010101010101,0.9981985237840485,0.9851713243992003,0.20680947659950935,
2026090511,4000,50%,100,candidate_c_opportunity,False,1.0,0,0.04348922749999984,0.07735631842325487,0.4763888888888889,0.9527777777777778,0.8725050505050506,0.9679747474747474,0.9981748244294936,0.9849777169542553,0.24033952265894654,
2026090512,4000,50%,100,candidate_c_opportunity,False,1.0,0,0.042759209999999825,0.07615116545398369,0.4751717171717172,0.9503434343434344,0.8723686868686867,0.9681919191919192,0.998185964074394,0.9850687266597616,0.23673496163085908,
2026090513,4000,50%,100,candidate_c_opportunity,False,1.0,0,0.04345864249999987,0.07723082286237794,0.47544444444444445,0.9508888888888889,0.8721262626262627,0.967929292929293,0.9981802933825553,0.9850223772853411,0.22414116697237405,
2026090514,4000,50%,100,candidate_c_opportunity,False,1.0,0,0.04289661499999986,0.0762954782408499,0.4738535353535353,0.9477070707070706,0.8727020202020201,0.9683686868686868,0.9981892959622768,0.9850959031848542,0.213566185540728,
2026090515,4000,50%,100,candidate_c_opportunity,False,1.0,0,0.04252856999999999,0.07572978278062073,0.47459595959595957,0.9491919191919191,0.8720606060606061,0.9684343434343434,0.9981798919222373,0.985019115564234,0.2272496433314312,
2026090516,4000,50%,100,candidate_c_opportunity,False,1.0,0,0.04288117250000001,0.07641334961902926,0.4742424242424242,0.9484848484848484,0.8726363636363637,0.9681262626262626,0.9981891632991733,0.9850948379090965,0.20840922917723576,
2026090517,4000,50%,100,candidate_c_opportunity,False,1.0,0,0.04331374749999983,0.07699610379752991,0.47554040404040404,0.9510808080808081,0.87289898989899,0.9678888888888889,0.9981958379266677,0.9851493271427292,0.23037023319078767,
2026090518,4000,50%,100,candidate_c_opportunity,False,1.0,0,0.04277599249999997,0.07610913217216447,0.4746060606060606,0.9492121212121212,0.8723686868686867,0.9680757575757576,0.9981898149942545,0.985100163153601,0.2424301005746265,
2026090519,4000,50%,100,candidate_c_opportunity,False,1.0,0,0.042853679999999894,0.07622729170054515,0.4733838383838384,0.9467676767676768,0.8727929292929293,0.9679545454545455,0.998184915380167,0.9850601559641956,0.23672169176329422,
2026090520,4000,50%,100,candidate_c_opportunity,False,1.0,0,0.04255942749999986,0.07555924827577364,0.4749343434343434,0.9498686868686868,0.8724898989898989,0.9683535353535354,0.9981942389323436,0.9851362779759522,0.2097475628861106,
